user_id,amount,ts,label,amount_capped,is_weekend,rolling_7d,z_score
44,245.35,2026-01-01 00:00:00,1,245.35,False,,-0.5512976682369122
386,573.91,2026-01-01 01:00:00,1,573.91,False,,0.6146888069541466
327,213.38,2026-01-01 02:00:00,1,213.38,False,,-0.6647520985140553
219,493.48,2026-01-01 03:00:00,1,493.48,False,,0.32926059840892874
216,238.17,2026-01-01 04:00:00,1,238.17,False,,-0.5767778937417569
429,662.28,2026-01-01 05:00:00,0,662.28,False,,0.9282943122275636
42,48.04,2026-01-01 06:00:00,0,48.04,False,,-1.2515070407105784
348,102.43,2026-01-01 07:00:00,1,102.43,False,,-1.058489009344491
100,294.99,2026-01-01 08:00:00,1,294.99,False,,-0.3751363320167874
47,182.82,2026-01-01 09:00:00,1,182.82,False,,-0.7732027519162916
263,232.04,2026-01-01 10:00:00,1,232.04,False,,-0.5985319024248625
487,535.12,2026-01-01 11:00:00,1,535.12,False,,0.47703171122532656
367,227.9,2026-01-01 12:00:00,0,227.9,False,,-0.6132238430362911
380,425.32,2026-01-01 13:00:00,0,425.32,False,,0.08737589500917646
358,149.62,2026-01-01 14:00:00,0,149.62,False,,-0.8910221790417577
393,35.82,2026-01-01 15:00:00,1,35.82,False,,-1.2948731069597712
256,571.38,2026-01-01 16:00:00,1,571.38,False,,0.6057103988027182
64,1056.74,2026-01-01 17:00:00,0,1056.74,False,,2.3281452527068223
419,392.69,2026-01-01 18:00:00,0,392.69,False,,-0.028420728698774125
225,308.1,2026-01-01 19:00:00,0,308.1,False,,-0.32861185341393007
250,361.76,2026-01-01 20:00:00,1,361.76,False,,-0.13818442993343283
185,830.61,2026-01-01 21:00:00,0,830.61,False,,1.52566010042123
91,396.26,2026-01-01 22:00:00,1,396.26,False,,-0.015751591504861075
463,591.27,2026-01-01 23:00:00,0,591.27,False,,0.6762955917402338
390,572.79,2026-01-02 00:00:00,0,572.79,False,,0.6107141756776249
321,701.69,2026-01-02 01:00:00,1,701.69,False,,1.068151650270173
201,302.79,2026-01-02 02:00:00,1,302.79,False,,-0.3474558641981537
411,210.9,2026-01-02 03:00:00,1,210.9,False,,-0.6735530677692105
272,497.5,2026-01-02 04:00:00,0,497.5,False,,0.3435266856693014
221,667.49,2026-01-02 05:00:00,0,667.49,False,,0.9467834452192408
225,756.97,2026-01-02 06:00:00,0,756.97,False,,1.2643280939899249
113,900.82,2026-01-02 07:00:00,1,900.82,False,,1.7748197985681873
46,625.96,2026-01-02 08:00:00,0,625.96,False,,0.7994026979746442
277,200.91,2026-01-02 09:00:00,1,200.91,False,,-0.7090053592446144
443,392.33,2026-01-02 10:00:00,0,392.33,False,,-0.02969828875194188
31,366.31,2026-01-02 11:00:00,1,366.31,False,,-0.12203749037256317
429,336.18,2026-01-02 12:00:00,0,336.18,False,,-0.22896216926684915
413,498.23,2026-01-02 13:00:00,1,498.23,False,,0.3461172935548915
138,280.79,2026-01-02 14:00:00,1,280.79,False,,-0.4255289785584024
315,281.12,2026-01-02 15:00:00,0,281.12,False,,-0.4243578818429987
82,1099.95,2026-01-02 16:00:00,1,1099.95,False,,2.4814879468662014
379,315.58,2026-01-02 17:00:00,0,315.58,False,,-0.3020669945314457
350,698.17,2026-01-02 18:00:00,1,698.17,False,,1.055659951972533
177,726.4,2026-01-02 19:00:00,1,726.4,False,,1.1558419528084338
33,400.59,2026-01-02 20:00:00,0,400.59,False,,-0.0003853830875940102
485,290.17,2026-01-02 21:00:00,0,290.17,False,,-0.39224144161753277
222,155.39,2026-01-02 22:00:00,0,155.39,False,,-0.8705457304118198
446,65.45,2026-01-02 23:00:00,1,65.45,False,,-1.1897228170282181
338,524.33,2026-01-03 00:00:00,0,524.33,True,,0.43874039740955023
389,450.08,2026-01-03 01:00:00,1,450.08,True,,0.17524363644371083
379,580.8,2026-01-03 02:00:00,1,580.8,True,,0.6391398868606063
97,222.72,2026-01-03 03:00:00,1,222.72,True,,-0.6316065126902043
181,1174.6,2026-01-03 04:00:00,1,1174.6,True,,2.7464042190022266
233,479.75,2026-01-03 05:00:00,0,479.75,True,,0.2805358774922826
248,306.16,2026-01-03 06:00:00,1,306.16,True,,-0.33549648258933384
21,32.8,2026-01-03 07:00:00,1,32.8,True,,-1.3055904162946779
273,244.52,2026-01-03 08:00:00,0,244.52,True,,-0.5542431539150487
77,600.5,2026-01-03 09:00:00,1,600.5,True,,0.7090508119922837
371,885.1,2026-01-03 10:00:00,0,885.1,True,,1.719033009579864
341,345.37,2026-01-03 11:00:00,0,345.37,True,,-0.19634890013181802
461,983.74,2026-01-03 12:00:00,1,983.74,True,,2.0690844641478154
372,144.54,2026-01-03 13:00:00,0,144.54,True,,-0.9090499709031241
183,460.18,2026-01-03 14:00:00,1,460.18,True,,0.21108629349091595
483,469.8,2026-01-03 15:00:00,0,469.8,True,,0.24522553713389744
205,527.37,2026-01-03 16:00:00,1,527.37,True,,0.4495286823029663
162,382.83,2026-01-03 17:00:00,0,382.83,True,,-0.06341167904386744
452,441.79,2026-01-03 18:00:00,1,441.79,True,,0.14582426744159907
185,141.28,2026-01-03 19:00:00,1,141.28,True,,-0.9206189869401428
38,828.06,2026-01-03 20:00:00,1,828.06,True,,1.5166107167112917
234,650.94,2026-01-03 21:00:00,1,650.94,True,,0.8880511705527813
397,428.99,2026-01-03 22:00:00,1,428.99,True,,0.10039990999563618
94,661.63,2026-01-03 23:00:00,0,661.63,True,,0.925987606576011
231,846.1,2026-01-04 00:00:00,1,846.1,True,,1.580630670486696
64,521.87,2026-01-04 01:00:00,1,521.87,True,,0.4300104037129041
343,1259.07,2026-01-04 02:00:00,0,1259.07,True,,3.046169490366327
237,553.4,2026-01-04 03:00:00,0,553.4,True,,0.5419033717028422
165,162.84,2026-01-04 04:00:00,1,162.84,True,,-0.8441073348670992
113,413.03,2026-01-04 05:00:00,0,413.03,True,,0.04376141430520113
282,679.71,2026-01-04 06:00:00,1,679.71,True,,0.9901495114684336
334,846.65,2026-01-04 07:00:00,0,846.65,True,,1.582582498345702
470,389.03,2026-01-04 08:00:00,1,389.03,True,,-0.041409255905979214
218,151.15,2026-01-04 09:00:00,1,151.15,True,,-0.885592548815795
80,285.13,2026-01-04 10:00:00,1,285.13,True,,-0.41012728236188073
416,94.26,2026-01-04 11:00:00,1,94.26,True,,-1.087482524995547
314,594.46,2026-01-04 12:00:00,1,594.46,True,,0.68761619332247
350,241.97,2026-01-04 13:00:00,1,241.97,True,,-0.5632925376249867
48,186.96,2026-01-04 14:00:00,0,186.96,True,,-0.758510811304863
156,635.88,2026-01-04 15:00:00,1,635.88,True,,0.8346065749952654
383,970.51,2026-01-04 16:00:00,1,970.51,True,,2.022134132193902
416,186.24,2026-01-04 17:00:00,0,186.24,True,,-0.7610659314111984
217,390.97,2026-01-04 18:00:00,0,390.97,True,,-0.03452462673057528
402,294.86,2026-01-04 19:00:00,1,294.86,True,,-0.37559767314709797
420,873.31,2026-01-04 20:00:00,1,873.31,True,,1.6771929178386213
193,322.5,2026-01-04 21:00:00,0,322.5,True,,-0.277509451287222
449,138.03,2026-01-04 22:00:00,0,138.03,True,,-0.9321525151979068
144,334.71,2026-01-04 23:00:00,0,334.71,True,,-0.23417887281728403
119,752.38,2026-01-05 00:00:00,1,752.38,False,,1.2480392033120367
341,281.09,2026-01-05 01:00:00,1,281.09,False,,-0.4244643451807628
318,203.92,2026-01-05 02:00:00,0,203.92,False,,-0.6983235376889623
69,311.15,2026-01-05 03:00:00,0,311.15,False,,-0.3177880807412594
416,142.29,2026-01-05 04:00:00,0,142.29,False,,-0.9170347212354223
99,294.55,2026-01-05 05:00:00,0,294.55,False,,-0.37669779430399236
402,217.52,2026-01-05 06:00:00,1,217.52,False,,-0.6500601579026266
3,1411.37,2026-01-05 07:00:00,0,1411.37,False,,3.5866483684147754
398,44.21,2026-01-05 08:00:00,1,44.21,False,,-1.2650988601651127
393,162.18,2026-01-05 09:00:00,0,162.18,False,,-0.8464495282979067
390,203.78,2026-01-05 10:00:00,0,203.78,False,,-0.6988203665985274
332,143.21,2026-01-05 11:00:00,1,143.21,False,,-0.9137698455439939
235,463.49,2026-01-05 12:00:00,1,463.49,False,,0.22283274842420792
352,183.28,2026-01-05 13:00:00,0,183.28,False,,-0.7715703140705773
138,83.78,2026-01-05 14:00:00,1,83.78,False,,-1.124673717654429
390,364.96,2026-01-05 15:00:00,1,364.96,False,,-0.12682834057194214
277,268.06,2026-01-05 16:00:00,0,268.06,False,,-0.4707049215495827
229,191.07,2026-01-05 17:00:00,1,191.07,False,,-0.7439253340311983
252,858.56,2026-01-05 18:00:00,1,858.56,False,,1.6248484434380002
284,474.96,2026-01-05 19:00:00,1,474.96,False,,0.2635372312293011
18,436.89,2026-01-05 20:00:00,0,436.89,False,,0.1284352556068163
69,482.67,2026-01-05 21:00:00,0,482.67,False,,0.2908983090346429
122,464.83,2026-01-05 22:00:00,1,464.83,False,,0.2275881108443321
57,279.33,2026-01-05 23:00:00,1,279.33,False,,-0.4307101943295827
219,185.01,2026-01-06 00:00:00,1,185.01,False,,-0.7654309282595214
334,371.13,2026-01-06 01:00:00,0,371.13,False,,-0.10493238077181781
327,275.18,2026-01-06 02:00:00,1,275.18,False,,-0.4454376227202658
235,43.42,2026-01-06 03:00:00,0,43.42,False,,-1.2679023947262307
427,131.56,2026-01-06 04:00:00,0,131.56,False,,-0.9551131083756709
282,247.54,2026-01-06 05:00:00,1,247.54,False,,-0.543525844580142
39,645.45,2026-01-06 06:00:00,1,645.45,False,,0.8685683797419737
382,372.37,2026-01-06 07:00:00,0,372.37,False,,-0.10053189614424013
287,156.63,2026-01-06 08:00:00,0,156.63,False,,-0.8661452457842421
317,120.76,2026-01-06 09:00:00,1,120.76,False,,-0.9934399099707021
282,742.96,2026-01-06 10:00:00,1,742.96,False,,1.2146097152541484
276,289.87,2026-01-06 11:00:00,0,289.87,False,,-0.39330607499517256
45,5.94,2026-01-06 12:00:00,1,5.94,False,,-1.4009105913726907
279,304.91,2026-01-06 13:00:00,1,304.91,False,,-0.33993245499616614
397,551.06,2026-01-06 14:00:00,1,551.06,False,,0.533599231357252
151,117.1,2026-01-06 15:00:00,1,117.1,False,,-1.006428437177907
301,351.08,2026-01-06 16:00:00,0,351.08,False,,-0.1760853781774081
15,376.91,2026-01-06 17:00:00,1,376.91,False,,-0.08442044436262511
173,124.2,2026-01-06 18:00:00,1,124.2,False,,-0.9812321139070996
218,789.63,2026-01-06 19:00:00,0,789.63,False,,1.3802311810356394
491,381.9,2026-01-06 20:00:00,0,381.9,False,,-0.06671204251455069
107,246.49,2026-01-06 21:00:00,0,246.49,False,,-0.547252061401881
138,291.44,2026-01-06 22:00:00,1,291.44,False,,-0.3877344936521912
204,101.85,2026-01-06 23:00:00,1,101.85,False,,-1.0605473005412613
496,97.52,2026-01-07 00:00:00,0,97.52,False,,-1.0759135089585283
426,227.64,2026-01-07 01:00:00,1,227.64,False,,-0.6141465252969123
17,239.78,2026-01-07 02:00:00,0,239.78,False,,-0.5710643612817569
116,276.23,2026-01-07 03:00:00,0,276.23,False,,-0.44171140589852664
410,837.43,2026-01-07 04:00:00,0,837.43,False,,1.5498627658729067
29,530.05,2026-01-07 05:00:00,0,530.05,False,,0.45903940714321456
427,52.88,2026-01-07 06:00:00,1,52.88,False,,-1.2343309555513238
140,731.55,2026-01-07 07:00:00,1,731.55,False,,1.1741181591245828
458,226.14,2026-01-07 08:00:00,0,226.14,False,,-0.619469692185111
146,566.82,2026-01-07 09:00:00,1,566.82,False,,0.5895279714625941
217,241.68,2026-01-07 10:00:00,0,241.68,False,,-0.5643216832233717
330,363.61,2026-01-07 11:00:00,1,363.61,False,,-0.13161919077132092
63,109.88,2026-01-07 12:00:00,1,109.88,False,,-1.0320506137997705
278,426.47,2026-01-07 13:00:00,1,426.47,False,,0.09145698962346231
252,612.97,2026-01-07 14:00:00,1,612.97,False,,0.7533040727228429
391,65.88,2026-01-07 15:00:00,0,65.88,False,,-1.1881968425202678
498,619.64,2026-01-07 16:00:00,0,619.64,False,,0.7769744214857
332,184.33,2026-01-07 17:00:00,0,184.33,False,,-0.7678440972488381
204,1021.54,2026-01-07 18:00:00,0,1021.54,False,,2.2032282697304244
203,574.25,2026-01-07 19:00:00,1,574.25,False,,0.6158953914488052
208,505.51,2026-01-07 20:00:00,1,505.51,False,,0.37195239685228276
407,292.81,2026-01-07 21:00:00,1,292.81,False,,-0.38287266789430296
160,1581.35,2026-01-07 22:00:00,0,1581.35,False,,4.18986964018546
83,227.35,2026-01-07 23:00:00,0,227.35,False,,-0.6151756708952973
167,134.52,2026-01-08 00:00:00,1,134.52,False,,-0.9446087257162918
11,190.12,2026-01-08 01:00:00,1,190.12,False,,-0.7472966730603908
53,691.27,2026-01-08 02:00:00,0,691.27,False,,1.0311733842868187
45,358.33,2026-01-08 03:00:00,0,358.33,False,,-0.1503567382177807
385,318.97,2026-01-08 04:00:00,0,318.97,False,,-0.29003663736411633
361,230.23,2026-01-08 05:00:00,0,230.23,False,,-0.6049551904699557
348,306.09,2026-01-08 06:00:00,1,306.09,False,,-0.3357448970441166
230,217.01,2026-01-08 07:00:00,1,217.01,False,,-0.6518700346446142
358,539.97,2026-01-08 08:00:00,0,539.97,False,,0.494243284163836
80,271.16,2026-01-08 09:00:00,0,271.16,False,,-0.4597037099806385
450,193.25,2026-01-08 10:00:00,1,193.25,False,,-0.7361889981536828
250,651.67,2026-01-08 11:00:00,0,651.67,False,,0.890641778438371
469,138.65,2026-01-08 12:00:00,1,138.65,False,,-0.929952272884118
76,362.2,2026-01-08 13:00:00,1,362.2,False,,-0.13662296764622786
248,43.03,2026-01-08 14:00:00,0,43.03,False,,-1.2692864181171624
348,89.32,2026-01-08 15:00:00,0,89.32,False,,-1.1050134879473483
247,247.81,2026-01-08 16:00:00,0,247.81,False,,-0.5425676745402661
223,213.63,2026-01-08 17:00:00,0,213.63,False,,-0.6638649040326888
83,213.35,2026-01-08 18:00:00,1,213.35,False,,-0.6648585618518192
190,577.96,2026-01-08 19:00:00,1,577.96,False,,0.6290613575522837
119,601.88,2026-01-08 20:00:00,0,601.88,False,,0.7139481255294265
150,416.62,2026-01-08 21:00:00,0,416.62,False,,0.05650152705762363
341,131.68,2026-01-08 22:00:00,1,131.68,False,,-0.9546872550246149
315,304.21,2026-01-08 23:00:00,1,304.21,False,,-0.3424165995439924
303,1118.05,2026-01-09 00:00:00,1,1118.05,False,,2.5457208273171332
180,1480.91,2026-01-09 01:00:00,0,1480.91,False,,3.833430385351671
479,656.07,2026-01-09 02:00:00,0,656.07,False,,0.906256401310421
43,136.68,2026-01-09 03:00:00,0,136.68,False,,-0.9369433653972857
171,306.33,2026-01-09 04:00:00,0,306.33,False,,-0.33489319034200477
59,396.51,2026-01-09 05:00:00,1,396.51,False,,-0.014864397023494612
169,353.18,2026-01-09 06:00:00,0,353.18,False,,-0.16863294453392974
480,703.98,2026-01-09 07:00:00,0,703.98,False,,1.0762783517194896
183,560.24,2026-01-09 08:00:00,0,560.24,False,,0.5661770127130287
454,129.73,2026-01-09 09:00:00,1,129.73,False,,-0.9616073719792736
247,197.36,2026-01-09 10:00:00,1,197.36,False,,-0.7216035208800181
349,654.17,2026-01-09 11:00:00,1,654.17,False,,0.8995137232520356
228,856.11,2026-01-09 12:00:00,0,856.11,False,,1.616153937520609
132,400.21,2026-01-09 13:00:00,1,400.21,False,,-0.0017339186992710162
382,927.98,2026-01-09 14:00:00,0,927.98,False,,1.8712046070238397
484,366.98,2026-01-09 15:00:00,0,366.98,False,,-0.11965980916250099
131,152.33,2026-01-09 16:00:00,0,152.33,False,,-0.8814049908637452
389,524.9,2026-01-09 17:00:00,0,524.9,False,,0.4407632008270655
130,1911.68,2026-01-09 18:00:00,1,1911.68,False,,5.362137452304594
358,102.67,2026-01-09 19:00:00,1,102.67,False,,-1.057637302642379
394,904.64,2026-01-09 20:00:00,1,904.64,False,,1.7883761302434664
224,503.99,2026-01-09 21:00:00,0,503.99,False,,0.36655825440557477
368,187.22,2026-01-09 22:00:00,1,187.22,False,,-0.7575881290442419
136,44.4,2026-01-09 23:00:00,1,44.4,False,,-1.2644245923592743
39,24.86,2026-01-10 00:00:00,0,24.86,True,,-1.3337677130228769
48,212.98,2026-01-10 01:00:00,1,212.98,True,,-0.6661716096842416
223,446.52,2026-01-10 02:00:00,0,446.52,True,,0.16260998702905238
451,621.47,2026-01-10 03:00:00,0,621.47,True,,0.7834686850893026
63,723.17,2026-01-10 04:00:00,0,723.17,True,,1.1443794001091792
227,417.99,2026-01-10 05:00:00,0,417.99,True,,0.06136335281551186
352,371.26,2026-01-10 06:00:00,0,371.26,True,,-0.10447103964150727
101,254.65,2026-01-10 07:00:00,1,254.65,True,,-0.5182940335300797
360,454.48,2026-01-10 08:00:00,1,454.48,True,,0.19085825931576067
152,189.75,2026-01-10 09:00:00,1,189.75,True,,-0.7486097208928132
404,108.31,2026-01-10 10:00:00,0,108.31,True,,-1.0376221951427518
289,354.05,2026-01-10 11:00:00,0,354.05,True,,-0.16554550773877444
273,588.72,2026-01-10 12:00:00,0,588.72,True,,0.6672462080302961
88,86.09,2026-01-10 13:00:00,1,86.09,True,,-1.116476040646603
231,213.0,2026-01-10 14:00:00,0,213.0,True,,-0.6661006341257323
428,344.08,2026-01-10 15:00:00,1,344.08,True,,-0.20092682365566902
9,338.53,2026-01-10 16:00:00,0,338.53,True,,-0.22062254114200452
379,494.41,2026-01-10 17:00:00,0,494.41,True,,0.332560961879612
246,1097.02,2026-01-10 18:00:00,0,1097.02,True,,2.4710900275445864
359,25.21,2026-01-10 19:00:00,0,25.21,True,,-1.3325256407489638
331,1129.72,2026-01-10 20:00:00,0,1129.72,True,,2.58713506570732
216,1064.8,2026-01-10 21:00:00,1,1064.8,True,,2.3567484027860766
154,628.67,2026-01-10 22:00:00,0,628.67,True,,0.8090198861526564
313,394.66,2026-01-10 23:00:00,1,394.66,True,,-0.02142963618560631
70,193.09,2026-01-11 00:00:00,1,193.09,True,,-0.7367568026217572
292,623.33,2026-01-11 01:00:00,1,623.33,True,,0.7900694120306692
47,410.04,2026-01-11 02:00:00,1,410.04,True,,0.03315056830805841
324,259.17,2026-01-11 03:00:00,0,259.17,True,,-0.5022535573069741
314,612.08,2026-01-11 04:00:00,0,612.08,True,,0.7501456603691783
42,687.25,2026-01-11 05:00:00,1,687.25,True,,1.0169072970264459
378,851.62,2026-01-11 06:00:00,0,851.62,True,,1.6002199246352673
207,174.64,2026-01-11 07:00:00,1,174.64,True,,-0.8022317553466023
393,778.32,2026-01-11 08:00:00,1,778.32,True,,1.3400945026986208
20,263.17,2026-01-11 09:00:00,1,263.17,True,,-0.48805844560511064
89,395.49,2026-01-11 10:00:00,0,395.49,True,,-0.018484150507469713
246,454.75,2026-01-11 11:00:00,0,454.75,True,,0.1918164293556364
94,735.56,2026-01-11 12:00:00,1,735.56,True,,1.1883487586057009
164,568.69,2026-01-11 13:00:00,0,568.69,True,,0.5961641861832152
330,255.59,2026-01-11 14:00:00,0,255.59,True,,-0.5149581822801418
72,30.48,2026-01-11 15:00:00,1,30.48,True,,-1.3138235810817587
338,490.17,2026-01-11 16:00:00,0,490.17,True,,0.3175141434756368
51,383.24,2026-01-11 17:00:00,0,383.24,True,,-0.06195668009442635
87,101.3,2026-01-11 18:00:00,1,101.3,True,,-1.0624991284002674
293,418.28,2026-01-11 19:00:00,0,418.28,True,,0.062392498413896824
396,340.7,2026-01-11 20:00:00,1,340.7,True,,-0.2129216930437436
85,845.97,2026-01-11 21:00:00,1,845.97,True,,1.5801693293563854
149,1181.04,2026-01-11 22:00:00,1,1181.04,True,,2.769258348842227
462,675.47,2026-01-11 23:00:00,0,675.47,True,,0.9751026930644584
494,325.46,2026-01-12 00:00:00,0,325.46,False,,-0.2670050686278431
290,365.05,2026-01-12 01:00:00,1,365.05,False,,-0.1265089505586501
223,169.08,2026-01-12 02:00:00,0,169.08,False,,-0.8219629606121922
173,199.32,2026-01-12 03:00:00,1,199.32,False,,-0.7146479161461051
306,310.7,2026-01-12 04:00:00,1,310.7,False,,-0.319385030807719
295,285.33,2026-01-12 05:00:00,1,285.33,False,,-0.40941752677678755
147,95.32,2026-01-12 06:00:00,1,95.32,False,,-1.0837208203945532
11,851.94,2026-01-12 07:00:00,0,851.94,False,,1.6013555335714167
75,933.42,2026-01-12 08:00:00,1,933.42,False,,1.8905099589383734
479,833.46,2026-01-12 09:00:00,1,833.46,False,,1.5357741175088078
209,954.82,2026-01-12 10:00:00,1,954.82,False,,1.9664538065433428
241,1409.72,2026-01-12 11:00:00,1,1409.72,False,,3.580792884837757
233,172.01,2026-01-12 12:00:00,0,172.01,False,,-0.8115650412905774
391,1370.12,2026-01-12 13:00:00,1,1370.12,False,,3.440261278989309
32,254.29,2026-01-12 14:00:00,1,254.29,False,,-0.5195715935832474
41,544.29,2026-01-12 15:00:00,0,544.29,False,,0.5095740048018482
137,72.13,2026-01-12 16:00:00,0,72.13,False,,-1.1660169804861062
243,227.6,2026-01-12 17:00:00,0,227.6,False,,-0.6142884764139309
335,688.9,2026-01-12 18:00:00,1,688.9,False,,1.0227627806034645
245,563.1,2026-01-12 19:00:00,1,563.1,False,,0.5763265175798611
220,250.19,2026-01-12 20:00:00,0,250.19,False,,-0.5341215830776574
468,364.92,2026-01-12 21:00:00,0,364.92,False,,-0.12697029168896065
80,207.38,2026-01-12 22:00:00,1,207.38,False,,-0.6860447660668504
285,687.59,2026-01-12 23:00:00,1,687.59,False,,1.0181138815211044
271,890.61,2026-01-13 00:00:00,1,890.61,False,,1.7385867759491809
236,172.72,2026-01-13 01:00:00,0,172.72,False,,-0.8090454089634966
403,336.76,2026-01-13 02:00:00,1,336.76,False,,-0.226903878070079
133,91.25,2026-01-13 03:00:00,0,91.25,False,,-1.0981643465511992
476,408.89,2026-01-13 04:00:00,1,408.89,False,,0.029069473693772566
165,503.86,2026-01-13 05:00:00,1,503.86,False,,0.3660969132752642
272,434.31,2026-01-13 06:00:00,1,434.31,False,,0.11927940855911447
260,475.49,2026-01-13 07:00:00,1,475.49,False,,0.2654180835297981
424,309.18,2026-01-13 08:00:00,0,309.18,False,,-0.324779173254427
219,315.09,2026-01-13 09:00:00,1,315.09,False,,-0.303805895714924
142,303.54,2026-01-13 10:00:00,0,303.54,False,,-0.3447942807540544
10,221.71,2026-01-13 11:00:00,0,221.71,False,,-0.6351907783949248
181,245.89,2026-01-13 12:00:00,1,245.89,False,,-0.5493813281571606
413,487.38,2026-01-13 13:00:00,1,487.38,False,,0.307613053063587
4,852.55,2026-01-13 14:00:00,0,852.55,False,,1.6035202881059505
448,145.62,2026-01-13 15:00:00,1,145.62,False,,-0.9052172907436211
271,314.15,2026-01-13 16:00:00,0,314.15,False,,-0.30714174696486185
70,117.34,2026-01-13 17:00:00,0,117.34,False,,-1.0055767304757954
151,225.21,2026-01-13 18:00:00,0,225.21,False,,-0.6227700556557942
277,258.26,2026-01-13 19:00:00,0,258.26,False,,-0.505482945219148
157,387.47,2026-01-13 20:00:00,0,387.47,False,,-0.046945349469705744
54,379.33,2026-01-13 21:00:00,0,379.33,False,,-0.0758324017829979
332,334.4,2026-01-13 22:00:00,0,334.4,False,,-0.23527899397417845
336,458.82,2026-01-13 23:00:00,1,458.82,False,,0.20625995551228235
59,159.24,2026-01-14 00:00:00,1,159.24,False,,-0.8568829353987762
140,389.9,2026-01-14 01:00:00,0,389.9,False,,-0.03832181911082391
121,574.55,2026-01-14 02:00:00,0,574.55,False,,0.6169600248264447
329,157.38,2026-01-14 03:00:00,1,157.38,False,,-0.8634836623401427
365,56.84,2026-01-14 04:00:00,0,56.84,False,,-1.2202777949664791
363,683.76,2026-01-14 05:00:00,0,683.76,False,,1.00452206206657
469,121.18,2026-01-14 06:00:00,0,121.18,False,,-0.9919494232420064
384,215.82,2026-01-14 07:00:00,1,215.82,False,,-0.6560930803759186
160,562.99,2026-01-14 08:00:00,0,562.99,False,,0.5759361520080598
53,149.96,2026-01-14 09:00:00,1,149.96,False,,-0.8898155945470992
307,651.51,2026-01-14 10:00:00,0,651.51,False,,0.8900739739702965
458,189.41,2026-01-14 11:00:00,1,189.41,False,,-0.7498163053874717
487,169.09,2026-01-14 12:00:00,1,169.09,False,,-0.8219274728329377
115,117.93,2026-01-14 13:00:00,0,117.93,False,,-1.0034829514997703
118,190.94,2026-01-14 14:00:00,0,190.94,False,,-0.7443866751615089
18,510.51,2026-01-14 15:00:00,0,510.51,False,,0.389696286479612
70,215.86,2026-01-14 16:00:00,1,215.86,False,,-0.6559511292588999
277,685.69,2026-01-14 17:00:00,1,685.69,False,,1.0113712034627194
273,345.0,2026-01-14 18:00:00,0,345.0,False,,-0.1976619479642404
185,368.53,2026-01-14 19:00:00,0,368.53,False,,-0.1141592033780291
154,164.4,2026-01-14 20:00:00,0,164.4,False,,-0.8385712413033725
414,755.97,2026-01-14 21:00:00,1,755.97,False,,1.2607793160644591
230,577.84,2026-01-14 22:00:00,1,577.84,False,,0.6286355042012277
404,566.47,2026-01-14 23:00:00,0,566.47,False,,0.588285899188681
481,295.31,2026-01-15 00:00:00,0,295.31,False,,-0.37400072308063836
158,103.69,2026-01-15 01:00:00,0,103.69,False,,-1.054017549158404
101,383.56,2026-01-15 02:00:00,1,383.56,False,,-0.0608210711582773
476,495.16,2026-01-15 03:00:00,0,495.16,False,,0.3352225453237114
317,498.7,2026-01-15 04:00:00,1,498.7,False,,0.3477852191798603
145,451.71,2026-01-15 05:00:00,1,451.71,False,,0.18102814446222013
310,438.19,2026-01-15 06:00:00,0,438.19,False,,0.13304866690992195
257,188.6,2026-01-15 07:00:00,1,188.6,False,,-0.7526908155070989
452,196.85,2026-01-15 08:00:00,1,196.85,False,,-0.7234133976220057
127,119.07,2026-01-15 09:00:00,0,119.07,False,,-0.9994373446647393
495,691.15,2026-01-15 10:00:00,0,691.15,False,,1.0307475309357628
468,1145.87,2026-01-15 11:00:00,0,1145.87,False,,2.644447829203593
90,1888.8,2026-01-15 12:00:00,0,1888.8,False,,5.280941413369935
82,403.66,2026-01-15 13:00:00,0,403.66,False,,0.01050936514358632
266,439.01,2026-01-15 14:00:00,1,439.01,False,,0.13595866480880392
22,304.78,2026-01-15 15:00:00,1,304.78,False,,-0.34039379612647686
149,398.97,2026-01-15 16:00:00,1,398.97,False,,-0.006134403326848498
217,149.41,2026-01-15 17:00:00,1,149.41,False,,-0.8917674224061055
484,299.91,2026-01-15 18:00:00,0,299.91,False,,-0.35767634462349535
496,170.36,2026-01-15 19:00:00,0,170.36,False,,-0.817420524867596
75,269.83,2026-01-15 20:00:00,1,269.83,False,,-0.46442358462150823
445,183.6,2026-01-15 21:00:00,1,183.6,False,,-0.7704347051344282
45,495.34,2026-01-15 22:00:00,0,495.34,False,,0.33586132535029506
374,540.33,2026-01-15 23:00:00,1,540.33,False,,0.49552084421700376
422,429.19,2026-01-16 00:00:00,0,429.19,False,,0.10110966558072931
445,197.57,2026-01-16 01:00:00,1,197.57,False,,-0.7208582775156703
111,111.01,2026-01-16 02:00:00,1,111.01,False,,-1.028040494743994
446,544.62,2026-01-16 03:00:00,0,544.62,False,,0.5107451015172522
57,343.59,2026-01-16 04:00:00,1,343.59,False,,-0.20266572483914733
259,54.03,2026-01-16 05:00:00,1,54.03,False,,-1.230249860937038
234,381.19,2026-01-16 06:00:00,1,381.19,False,,-0.06923167484163137
157,441.4,2026-01-16 07:00:00,1,441.4,False,,0.14444024405066724
11,76.86,2026-01-16 08:00:00,0,76.86,False,,-1.1492312608986528
386,501.5,2026-01-16 09:00:00,0,501.5,False,,0.3577217973711648
167,90.2,2026-01-16 10:00:00,0,90.2,False,,-1.1018905633729383
330,179.3,2026-01-16 11:00:00,0,179.3,False,,-0.7856944502139313
205,90.83,2026-01-16 12:00:00,1,90.83,False,,-1.099654833279895
186,162.98,2026-01-16 13:00:00,0,162.98,False,,-0.8436105059575341
443,111.98,2026-01-16 14:00:00,1,111.98,False,,-1.0245981801562922
47,688.16,2026-01-16 15:00:00,0,688.16,False,,1.0201366849386198
368,282.82,2026-01-16 16:00:00,0,282.82,False,,-0.4183249593697068
373,236.58,2026-01-16 17:00:00,0,236.58,False,,-0.5824204506432475
189,733.03,2026-01-16 18:00:00,0,733.03,False,,1.1793703504542723
131,707.57,2026-01-16 19:00:00,1,707.57,False,,1.089018464471912
2,252.42,2026-01-16 20:00:00,1,252.42,False,,-0.5262078083038686
468,423.11,2026-01-16 21:00:00,1,423.11,False,,0.07953309579389702
473,210.85,2026-01-16 22:00:00,1,210.85,False,,-0.6737305066654838
120,317.7,2026-01-16 23:00:00,0,317.7,False,,-0.29454358532945807
15,132.52,2026-01-17 00:00:00,1,132.52,True,,-0.9517062815672236
61,468.82,2026-01-17 01:00:00,0,468.82,True,,0.24174773476694084
33,752.75,2026-01-17 02:00:00,1,752.75,True,,1.249352251144459
415,664.69,2026-01-17 03:00:00,1,664.69,True,,0.9368468670279366
445,355.87,2026-01-17 04:00:00,1,355.87,True,,-0.1590867319144266
76,47.92,2026-01-17 05:00:00,0,47.92,True,,-1.2519328940616343
373,202.66,2026-01-17 06:00:00,0,202.66,True,,-0.7027949978750492
89,317.39,2026-01-17 07:00:00,0,317.39,True,,-0.29564370648635246
183,97.96,2026-01-17 08:00:00,0,97.96,True,,-1.0743520466713234
299,81.34,2026-01-17 09:00:00,1,81.34,True,,-1.1333327357925658
359,894.91,2026-01-17 10:00:00,1,894.91,True,,1.7538465210286838
437,612.11,2026-01-17 11:00:00,0,612.11,True,,0.7502521237069422
22,495.05,2026-01-17 12:00:00,0,495.05,True,,0.3348321797519101
98,563.7,2026-01-17 13:00:00,0,563.7,True,,0.5784557843351407
140,115.64,2026-01-17 14:00:00,0,115.64,True,,-1.0116096529490872
155,158.08,2026-01-17 15:00:00,1,158.08,True,,-0.8609995177923165
499,404.56,2026-01-17 16:00:00,1,404.56,True,,0.013703265276505502
388,428.12,2026-01-17 17:00:00,1,428.12,True,,0.09731247320048088
160,92.16,2026-01-17 18:00:00,1,92.16,True,,-1.0949349586390251
485,383.65,2026-01-17 19:00:00,0,383.65,True,,-0.06050168114498546
249,321.92,2026-01-17 20:00:00,0,321.92,True,,-0.2795677424839921
250,650.19,2026-01-17 21:00:00,1,650.19,True,,0.8853895871086819
216,429.67,2026-01-17 22:00:00,0,429.67,True,,0.10281307898495298
71,963.65,2026-01-17 23:00:00,1,963.65,True,,1.997789515625206
467,253.58,2026-01-18 00:00:00,1,253.58,True,,-0.5220912259103281
6,123.38,2026-01-18 01:00:00,0,123.38,True,,-0.9841421118059815
87,946.77,2026-01-18 02:00:00,0,946.77,True,,1.9378861442433428
114,446.12,2026-01-18 03:00:00,1,446.12,True,,0.16119047585886614
139,323.38,2026-01-18 04:00:00,1,323.38,True,,-0.27438652671281205
65,163.51,2026-01-18 05:00:00,0,163.51,True,,-0.8417296536570371
8,255.99,2026-01-18 06:00:00,1,255.99,True,,-0.5135386711099554
338,245.12,2026-01-18 07:00:00,0,245.12,True,,-0.5521138871597693
484,118.16,2026-01-18 08:00:00,1,118.16,True,,-1.0026667325769132
60,31.44,2026-01-18 09:00:00,0,31.44,True,,-1.3104167542733116
148,240.41,2026-01-18 10:00:00,0,240.41,True,,-0.5688286311887134
253,573.77,2026-01-18 11:00:00,0,573.77,True,,0.6141919780445815
463,796.35,2026-01-18 12:00:00,0,796.35,True,,1.4040789686947701
347,667.66,2026-01-18 13:00:00,0,667.66,True,,0.9473867374665699
383,694.33,2026-01-18 14:00:00,0,694.33,True,,1.0420326447387442
290,132.05,2026-01-18 15:00:00,1,132.05,True,,-0.9533742071921926
208,410.19,2026-01-18 16:00:00,0,410.19,True,,0.03368288499687821
99,497.8,2026-01-18 17:00:00,0,497.8,True,,0.3445913190469412
432,520.54,2026-01-18 18:00:00,1,520.54,True,,0.42529052907203435
402,317.85,2026-01-18 19:00:00,1,317.85,True,,-0.2940112686406381
12,374.01,2026-01-18 20:00:00,0,374.01,True,,-0.09471190034647618
357,654.17,2026-01-18 21:00:00,0,654.17,True,,0.8995137232520356
42,485.09,2026-01-18 22:00:00,0,485.09,True,,0.2994863516142701
369,550.15,2026-01-18 23:00:00,1,550.15,True,,0.5303698434450782
412,231.35,2026-01-19 00:00:00,1,231.35,False,,-0.600980559193434
65,530.07,2026-01-19 01:00:00,1,530.07,False,,0.4591103827017242
216,370.31,2026-01-19 02:00:00,0,370.31,False,,-0.10784237867069978
61,609.56,2026-01-19 03:00:00,0,609.56,False,,0.741202739997004
283,188.54,2026-01-19 04:00:00,0,188.54,False,,-0.7529037421826269
463,575.74,2026-01-19 05:00:00,1,575.74,False,,0.6211830705577494
40,258.84,2026-01-19 06:00:00,1,258.84,False,,-0.5034246540223779
198,577.58,2026-01-19 07:00:00,1,577.58,False,,0.6277128219406066
486,412.14,2026-01-19 08:00:00,0,412.14,False,,0.04060300195153657
150,350.17,2026-01-19 09:00:00,0,350.17,False,,-0.1793147660895819
66,270.32,2026-01-19 10:00:00,1,270.32,False,,-0.46268468343802993
244,324.46,2026-01-19 11:00:00,0,324.46,False,,-0.270553846553309
254,240.88,2026-01-19 12:00:00,1,240.88,False,,-0.5671607055637444
331,265.83,2026-01-19 13:00:00,1,265.83,False,,-0.4786186963233716
156,475.87,2026-01-19 14:00:00,0,475.87,False,,0.2667666191414751
477,64.92,2026-01-19 15:00:00,1,64.92,False,,-1.1916036693287149
260,572.11,2026-01-19 16:00:00,0,572.11,False,,0.6083010066883083
143,578.8,2026-01-19 17:00:00,0,578.8,False,,0.6320423310096747
480,276.86,2026-01-19 18:00:00,0,276.86,False,,-0.4394756758054832
462,381.32,2026-01-19 19:00:00,1,381.32,False,,-0.06877033371132082
249,148.19,2026-01-19 20:00:00,1,148.19,False,,-0.8960969314751739
12,454.06,2026-01-19 21:00:00,0,454.06,False,,0.18936777258706497
298,165.58,2026-01-19 22:00:00,1,165.58,False,,-0.8343836833513227
277,9.17,2026-01-19 23:00:00,0,9.17,False,,-1.389448038673436
74,775.91,2026-01-20 00:00:00,1,775.91,False,,1.331541947898248
316,133.3,2026-01-20 01:00:00,1,133.3,False,,-0.9489382347853603
420,319.1,2026-01-20 02:00:00,1,319.1,False,,-0.2895752962338058
52,392.13,2026-01-20 03:00:00,1,392.13,False,,-0.03040804433703501
361,475.12,2026-01-20 04:00:00,0,475.12,False,,0.2641050356973757
70,341.14,2026-01-20 05:00:00,0,341.14,False,,-0.21136023075653862
374,417.88,2026-01-20 06:00:00,1,417.88,False,,0.060972987243710565
209,271.7,2026-01-20 07:00:00,0,271.7,False,,-0.4577873699008871
3,78.9,2026-01-20 08:00:00,1,78.9,False,,-1.1419917539307023
483,331.2,2026-01-20 09:00:00,0,331.2,False,,-0.24663508333566914
82,522.22,2026-01-20 10:00:00,1,522.22,False,,0.4312524759868172
298,141.1,2026-01-20 11:00:00,1,141.1,False,,-0.9212577669667268
90,395.12,2026-01-20 12:00:00,1,395.12,False,,-0.019797198339892092
466,1091.58,2026-01-20 13:00:00,0,1091.58,False,,2.451784675630052
369,314.72,2026-01-20 14:00:00,1,314.72,False,,-0.30511894354734614
402,327.32,2026-01-20 15:00:00,0,327.32,False,,-0.2604043416864766
216,71.99,2026-01-20 16:00:00,0,71.99,False,,-1.1665138093956715
233,125.86,2026-01-20 17:00:00,0,125.86,False,,-0.9753411425508262
317,167.21,2026-01-20 18:00:00,0,167.21,False,,-0.8285991753328135
392,507.93,2026-01-20 19:00:00,1,507.93,False,,0.3805404394319102
423,150.18,2026-01-20 20:00:00,1,150.18,False,,-0.8890348634034968
8,447.33,2026-01-20 21:00:00,0,447.33,False,,0.16548449714867974
331,181.04,2026-01-20 22:00:00,1,181.04,False,,-0.7795195766236208
54,75.16,2026-01-20 23:00:00,1,75.16,False,,-1.1552641833719446
143,552.19,2026-01-21 00:00:00,1,552.19,False,,0.5376093504130288
414,247.34,2026-01-21 01:00:00,0,247.34,False,,-0.5442356001652351
125,477.66,2026-01-21 02:00:00,1,477.66,False,,0.27311893162805906
398,72.33,2026-01-21 03:00:00,0,72.33,False,,-1.165307224901013
231,27.1,2026-01-21 04:00:00,1,27.1,False,,-1.3258184504698334
116,367.88,2026-01-21 05:00:00,0,367.88,False,,-0.11646590902958182
167,121.57,2026-01-21 06:00:00,1,121.57,False,,-0.9905653998510747
265,363.95,2026-01-21 07:00:00,0,363.95,False,,-0.13041260627666262
382,369.86,2026-01-21 08:00:00,0,369.86,False,,-0.10943932873715936
303,335.4,2026-01-21 09:00:00,0,335.4,False,,-0.2317302160487126
466,690.57,2026-01-21 10:00:00,0,690.57,False,,1.0286892397389928
433,441.65,2026-01-21 11:00:00,0,441.65,False,,0.1453274385320337
376,1090.87,2026-01-21 12:00:00,1,1090.87,False,,2.449265043302971
301,252.83,2026-01-21 13:00:00,0,252.83,False,,-0.5247528093544275
144,100.12,2026-01-21 14:00:00,0,100.12,False,,-1.0666866863523172
206,191.85,2026-01-21 15:00:00,0,191.85,False,,-0.7411572872493349
59,265.23,2026-01-21 16:00:00,0,265.23,False,,-0.480747963078651
187,1151.8,2026-01-21 17:00:00,0,1151.8,False,,2.6654920823016055
463,350.13,2026-01-21 18:00:00,1,350.13,False,,-0.1794567172066006
212,708.22,2026-01-21 19:00:00,0,708.22,False,,1.091325170123465
56,235.95,2026-01-21 20:00:00,1,235.95,False,,-0.5846561807362911
325,212.77,2026-01-21 21:00:00,0,212.77,False,,-0.6669168530485894
481,69.06,2026-01-21 22:00:00,1,69.06,False,,-1.1769117287172863
433,1127.54,2026-01-21 23:00:00,0,1127.54,False,,2.579398729829804
137,871.15,2026-01-22 00:00:00,1,871.15,False,,1.6695275575196153
226,398.15,2026-01-22 01:00:00,1,398.15,False,,-0.00904440122573067
265,277.92,2026-01-22 02:00:00,1,277.92,False,,-0.4357139712044894
123,360.32,2026-01-22 03:00:00,1,360.32,False,,-0.14329467014610364
134,96.03,2026-01-22 04:00:00,1,96.03,False,,-1.0812011880674723
118,477.01,2026-01-22 05:00:00,1,477.01,False,,0.2708122259765061
497,823.38,2026-01-22 06:00:00,1,823.38,False,,1.5000024360201119
373,851.35,2026-01-22 07:00:00,0,851.35,False,,1.5992617545953915
420,72.36,2026-01-22 08:00:00,1,72.36,False,,-1.1652007615632491
408,703.75,2026-01-22 09:00:00,1,703.75,False,,1.0754621327966325
479,96.7,2026-01-22 10:00:00,0,96.7,False,,-1.0788235068574104
52,29.99,2026-01-22 11:00:00,1,29.99,False,,-1.315562482265237
440,721.94,2026-01-22 12:00:00,1,721.94,False,,1.1400144032608563
33,220.39,2026-01-22 13:00:00,0,220.39,False,,-0.6398751652565398
237,653.67,2026-01-22 14:00:00,0,653.67,False,,0.8977393342893026
297,613.89,2026-01-22 15:00:00,0,613.89,False,,0.7565689484142714
178,560.64,2026-01-22 16:00:00,1,560.64,False,,0.5675965238832149
73,356.98,2026-01-22 17:00:00,1,356.98,False,,-0.15514758841715948
96,108.07,2026-01-22 18:00:00,0,108.07,False,,-1.0384739018448637
412,265.69,2026-01-22 19:00:00,1,265.69,False,,-0.47911552523293677
159,860.91,2026-01-22 20:00:00,0,860.91,False,,1.6331880715628448
155,665.36,2026-01-22 21:00:00,1,665.36,False,,0.9392245482379986
461,277.07,2026-01-22 22:00:00,0,277.07,False,,-0.43873043244113547
71,274.33,2026-01-22 23:00:00,1,274.33,False,,-0.4484540839569119
457,525.94,2026-01-23 00:00:00,0,525.94,False,,0.4444539298695503
460,376.8,2026-01-23 01:00:00,1,376.8,False,,-0.0848108099344264
299,288.7,2026-01-23 02:00:00,1,288.7,False,,-0.3974581451679676
82,495.08,2026-01-23 03:00:00,1,495.08,False,,0.33493864308967397
77,483.35,2026-01-23 04:00:00,0,483.35,False,,0.2933114780239597
142,196.49,2026-01-23 05:00:00,0,196.49,False,,-0.7246909576751734
288,434.19,2026-01-23 06:00:00,0,434.19,False,,0.11885355520805856
76,462.41,2026-01-23 07:00:00,0,462.41,False,,0.21900006826470486
227,336.59,2026-01-23 08:00:00,0,336.59,False,,-0.22750717031740825
57,178.59,2026-01-23 09:00:00,1,178.59,False,,-0.7882140825410121
270,259.03,2026-01-23 10:00:00,0,259.03,False,,-0.5027503862165394
10,147.68,2026-01-23 11:00:00,0,147.68,False,,-0.8979068082171614
354,442.86,2026-01-23 12:00:00,0,442.86,False,,0.14962145982184752
27,72.82,2026-01-23 13:00:00,0,72.82,False,,-1.1635683237175347
97,920.75,2026-01-23 14:00:00,1,920.75,False,,1.8455469426227216
87,797.49,2026-01-23 15:00:00,0,797.49,False,,1.408124575529801
415,470.42,2026-01-23 16:00:00,0,470.42,False,,0.24742577944768626
26,638.73,2026-01-23 17:00:00,0,638.73,False,,0.8447205920828431
214,609.53,2026-01-23 18:00:00,1,609.53,False,,0.7410962766592402
295,381.17,2026-01-23 19:00:00,0,381.17,False,,-0.06930265040014062
257,295.12,2026-01-23 20:00:00,0,295.12,False,,-0.3746749908864769
340,269.17,2026-01-23 21:00:00,1,269.17,False,,-0.46676577805231556
401,943.45,2026-01-23 22:00:00,1,943.45,False,,1.9261042015307965
196,172.95,2026-01-23 23:00:00,0,172.95,False,,-0.8082291900406395
414,176.0,2026-01-24 00:00:00,0,176.0,True,,-0.7974054173679687
158,677.85,2026-01-24 01:00:00,1,677.85,True,,0.9835487845270671
492,634.49,2026-01-24 02:00:00,0,634.49,True,,0.8296737736788679
252,281.64,2026-01-24 03:00:00,0,281.64,True,,-0.42251251732175654
368,507.04,2026-01-24 04:00:00,1,507.04,True,,0.37738202707824564
437,555.11,2026-01-24 05:00:00,1,555.11,True,,0.5479717819553889
396,102.83,2026-01-24 06:00:00,0,102.83,True,,-1.0570694981743047
425,832.29,2026-01-24 07:00:00,1,832.29,True,,1.5316220473360123
268,554.98,2026-01-24 08:00:00,1,554.98,True,,0.5475104408250784
21,476.73,2026-01-24 09:00:00,1,476.73,True,,0.26981856815737576
246,558.01,2026-01-24 10:00:00,1,558.01,True,,0.5582632379392398
90,436.2,2026-01-24 11:00:00,0,436.2,True,,0.12598659883824487
444,321.85,2026-01-24 12:00:00,0,321.85,True,,-0.2798161569387747
118,383.72,2026-01-24 13:00:00,0,383.72,True,,-0.06025326669020267
114,93.52,2026-01-24 14:00:00,0,93.52,True,,-1.0901086206603918
124,1194.99,2026-01-24 15:00:00,1,1194.99,True,,2.8187638009024756
321,317.66,2026-01-24 16:00:00,1,317.66,True,,-0.2946855364464766
285,1181.6,2026-01-24 17:00:00,1,1181.6,True,,2.7712456644804875
474,388.6,2026-01-24 18:00:00,0,388.6,True,,-0.042935230413929354
208,211.11,2026-01-24 19:00:00,0,211.11,True,,-0.6728078244048626
141,816.26,2026-01-24 20:00:00,0,816.26,True,,1.4747351371907949
24,462.95,2026-01-24 21:00:00,1,462.95,True,,0.2209164083444563
3,1480.08,2026-01-24 22:00:00,0,1480.08,True,,3.8304848996735337
186,206.54,2026-01-24 23:00:00,1,206.54,True,,-0.6890257395242417
462,839.35,2026-01-25 00:00:00,1,839.35,True,,1.5566764194898015
261,869.37,2026-01-25 01:00:00,0,869.37,True,,1.663210732812286
446,587.79,2026-01-25 02:00:00,1,587.79,True,,0.6639458445596126
50,874.23,2026-01-25 03:00:00,1,874.23,True,,1.6804577935300502
46,323.39,2026-01-25 04:00:00,1,323.39,True,,-0.2743510389335574
416,172.18,2026-01-25 05:00:00,0,172.18,True,,-0.8109617490432481
53,227.42,2026-01-25 06:00:00,0,227.42,True,,-0.6149272564405148
25,368.81,2026-01-25 07:00:00,0,368.81,True,,-0.11316554555889854
202,609.02,2026-01-25 08:00:00,1,609.02,True,,0.7392863999172526
462,183.06,2026-01-25 09:00:00,1,183.06,True,,-0.7723510452141797
344,269.36,2026-01-25 10:00:00,0,269.36,True,,-0.46609151024647705
49,196.13,2026-01-25 11:00:00,0,196.13,True,,-0.7259685177283411
418,685.45,2026-01-25 12:00:00,1,685.45,True,,1.0105194967606075
421,1175.48,2026-01-25 13:00:00,1,1175.48,True,,2.749527143576637
400,146.84,2026-01-25 14:00:00,1,146.84,True,,-0.9008877816745527
451,524.17,2026-01-25 15:00:00,1,524.17,True,,0.43817259294147537
119,744.93,2026-01-25 16:00:00,1,744.93,True,,1.221600807767316
489,301.54,2026-01-25 17:00:00,1,301.54,True,,-0.3518918366049861
160,98.79,2026-01-25 18:00:00,1,98.79,True,,-1.0714065609931867
401,811.14,2026-01-25 19:00:00,0,811.14,True,,1.4565653942124097
289,92.58,2026-01-25 20:00:00,0,92.58,True,,-1.0934444719103298
389,974.42,2026-01-25 21:00:00,0,974.42,True,,2.036009853882473
313,192.56,2026-01-25 22:00:00,1,192.56,True,,-0.7386376549222542
321,78.89,2026-01-25 23:00:00,0,78.89,True,,-1.142027241709957
308,241.8,2026-01-26 00:00:00,1,241.8,False,,-0.5638958298723158
389,346.85,2026-01-26 01:00:00,1,346.85,False,,-0.19109670880212848
369,404.1,2026-01-26 02:00:00,0,404.1,False,,0.012070827430791284
67,555.61,2026-01-26 03:00:00,0,555.61,False,,0.5497461709181218
413,431.48,2026-01-26 04:00:00,0,431.48,False,,0.10923636703004617
268,1112.81,2026-01-26 05:00:00,1,1112.81,False,,2.527125230987692
161,334.45,2026-01-26 06:00:00,0,334.45,False,,-0.23510155507790512
257,448.41,2026-01-26 07:00:00,0,448.41,False,,0.169317177308183
483,421.38,2026-01-26 08:00:00,0,421.38,False,,0.07339370998284103
428,69.0,2026-01-26 09:00:00,0,69.0,False,,-1.1771246553928143
416,122.27,2026-01-26 10:00:00,1,122.27,False,,-0.9880812553032488
231,369.94,2026-01-26 11:00:00,1,369.94,False,,-0.10915542650312215
392,488.66,2026-01-26 12:00:00,0,488.66,False,,0.3121554888081834
192,41.92,2026-01-26 13:00:00,1,41.92,False,,-1.2732255616144295
343,1146.65,2026-01-26 14:00:00,1,1146.65,False,,2.6472158759854567
319,517.23,2026-01-26 15:00:00,0,517.23,False,,0.4135440741387426
124,354.33,2026-01-26 16:00:00,0,354.33,False,,-0.16455184991964408
133,500.36,2026-01-26 17:00:00,1,500.36,False,,0.35367619053613375
30,230.47,2026-01-26 18:00:00,1,230.47,False,,-0.604103483767844
69,407.36,2026-01-26 19:00:00,0,407.36,False,,0.023639843467809916
216,456.34,2026-01-26 20:00:00,0,456.34,False,,0.197458986257127
238,817.6,2026-01-26 21:00:00,1,817.6,False,,1.4794904996109193
82,311.71,2026-01-26 22:00:00,1,311.71,False,,-0.31580076510299854
208,95.22,2026-01-26 23:00:00,0,95.22,False,,-1.0840756981870998
302,168.17,2026-01-27 00:00:00,0,168.17,False,,-0.8251923485243663
116,292.37,2026-01-27 01:00:00,1,292.37,False,,-0.38443413018150796
169,106.32,2026-01-27 02:00:00,0,106.32,False,,-1.0446842632144289
183,152.06,2026-01-27 03:00:00,0,152.06,False,,-0.882363160903621
252,169.58,2026-01-27 04:00:00,1,169.58,False,,-0.8201885716494594
183,276.92,2026-01-27 05:00:00,0,276.92,False,,-0.4392627491299552
368,512.44,2026-01-27 06:00:00,1,512.44,False,,0.3965454278757613
163,266.53,2026-01-27 07:00:00,1,266.53,False,,-0.47613455177554553
216,537.34,2026-01-27 08:00:00,0,537.34,False,452.65999999999997,0.48490999821986086
189,354.58,2026-01-27 09:00:00,0,354.58,False,,-0.16366465543827763
91,156.83,2026-01-27 10:00:00,1,156.83,False,,-0.8654354901991489
342,461.92,2026-01-27 11:00:00,0,461.92,False,,0.21726116708122656
117,411.24,2026-01-27 12:00:00,1,411.24,False,,0.03740910181861739
148,547.42,2026-01-27 13:00:00,0,547.42,False,,0.5206816797085564
396,628.31,2026-01-27 14:00:00,1,628.31,False,,0.8077423260994887
474,835.01,2026-01-27 15:00:00,0,835.01,False,,1.5412747232932795
335,524.72,2026-01-27 16:00:00,0,524.72,False,,0.44012442080048186
458,401.26,2026-01-27 17:00:00,1,401.26,False,,0.001992298122468164
427,549.19,2026-01-27 18:00:00,0,549.19,False,,0.5269630166366313
240,245.62,2026-01-27 19:00:00,0,245.62,False,,-0.5503394981970363
385,230.89,2026-01-27 20:00:00,1,230.89,False,,-0.6026129970391483
164,912.27,2026-01-27 21:00:00,1,912.27,False,,1.8154533058147708
230,225.3,2026-01-27 22:00:00,0,225.3,False,,-0.6224506656425023
267,173.49,2026-01-27 23:00:00,1,173.49,False,,-0.8063128499608879
480,524.52,2026-01-28 00:00:00,0,524.52,False,,0.4394146652153885
424,247.34,2026-01-28 01:00:00,0,247.34,False,,-0.5442356001652351
244,623.9,2026-01-28 02:00:00,0,623.9,False,,0.7920922154481844
326,793.96,2026-01-28 03:00:00,1,793.96,False,,1.3955973894529068
101,195.36,2026-01-28 04:00:00,1,195.36,False,,-0.7287010767309497
402,569.77,2026-01-28 05:00:00,0,569.77,False,,0.5999968663427181
276,220.83,2026-01-28 06:00:00,1,220.83,False,,-0.6383137029693347
266,297.32,2026-01-28 07:00:00,0,297.32,False,,-0.366867679450452
383,446.71,2026-01-28 08:00:00,0,446.71,False,,0.1632842548348909
316,231.31,2026-01-28 09:00:00,0,231.31,False,,-0.6011225103104526
36,417.86,2026-01-28 10:00:00,1,417.86,False,,0.06090201168520132
144,316.82,2026-01-28 11:00:00,0,316.82,False,,-0.297666509903868
88,633.63,2026-01-28 12:00:00,1,633.63,False,,0.8266218246629672
367,634.76,2026-01-28 13:00:00,0,634.76,False,,0.8306319437187436
17,232.25,2026-01-28 14:00:00,1,232.25,False,,-0.5977866590605148
101,454.08,2026-01-28 15:00:00,0,454.08,False,,0.1894387481455742
298,701.61,2026-01-28 16:00:00,0,701.61,False,,1.0678677480361356
347,149.8,2026-01-28 17:00:00,1,149.8,False,,-0.8903833990151738
251,315.29,2026-01-28 18:00:00,1,315.29,False,,-0.30309614012983066
430,439.87,2026-01-28 19:00:00,1,439.87,False,,0.1390106138247046
459,143.99,2026-01-28 20:00:00,0,143.99,False,,-0.9110017987621304
66,255.31,2026-01-28 21:00:00,1,255.31,False,,-0.5159518400992723
476,1037.19,2026-01-28 22:00:00,0,1037.19,False,,2.258766644263965
307,224.74,2026-01-28 23:00:00,1,224.74,False,,-0.6244379812807632
318,245.63,2026-01-29 00:00:00,1,245.63,False,,-0.5503040104177817
47,520.44,2026-01-29 01:00:00,1,520.44,False,,0.4249356512794881
310,128.34,2026-01-29 02:00:00,1,128.34,False,,-0.966540173295671
362,320.61,2026-01-29 03:00:00,0,320.61,False,,-0.28421664156635235
290,174.97,2026-01-29 04:00:00,0,174.97,False,,-0.8010606586311985
42,417.28,2026-01-29 05:00:00,1,417.28,False,,0.05884372048843098
261,11.15,2026-01-29 06:00:00,0,11.15,False,,-1.3824214583810137
467,376.12,2026-01-29 07:00:00,0,376.12,False,,-0.0872239789237432
361,448.71,2026-01-29 08:00:00,1,448.71,False,,0.1703818106858226
68,260.65,2026-01-29 09:00:00,1,260.65,False,,-0.4970013659772847
479,273.88,2026-01-29 10:00:00,1,273.88,False,,-0.4500510340233715
479,235.44,2026-01-29 11:00:00,1,235.44,False,,-0.5864660574782786
84,317.38,2026-01-29 12:00:00,1,317.38,False,,-0.2956791942656071
400,920.32,2026-01-29 13:00:00,0,920.32,False,,1.844020968114771
203,647.24,2026-01-29 14:00:00,1,647.24,False,,0.8749206922285574
296,317.14,2026-01-29 15:00:00,1,317.14,False,,-0.29653090096771895
222,255.39,2026-01-29 16:00:00,1,255.39,False,,-0.515667937865235
391,606.12,2026-01-29 17:00:00,1,606.12,False,,0.7289949439334018
498,397.85,2026-01-29 18:00:00,0,397.85,False,,-0.010109034603370263
397,140.73,2026-01-29 19:00:00,1,140.73,False,,-0.9225708147991493
465,289.49,2026-01-29 20:00:00,1,289.49,False,,-0.3946546106068496
473,856.19,2026-01-29 21:00:00,0,856.19,False,,1.6164378397546464
45,506.01,2026-01-29 22:00:00,1,506.01,False,,0.3737267858150157
126,257.64,2026-01-29 23:00:00,1,257.64,False,,-0.5076831875329368
360,88.61,2026-01-30 00:00:00,0,88.61,False,,-1.107533120274429
295,415.76,2026-01-30 01:00:00,1,415.76,False,,0.053449578041722956
25,356.03,2026-01-30 02:00:00,0,356.03,False,,-0.15851892744635218
47,309.65,2026-01-30 03:00:00,0,309.65,False,,-0.3231112476294582
260,610.8,2026-01-30 04:00:00,1,610.8,False,,0.7456032246245817
308,510.44,2026-01-30 05:00:00,1,510.44,False,,0.38944787202482944
83,91.73,2026-01-30 06:00:00,0,91.73,False,,-1.0964609331469755
85,357.53,2026-01-30 07:00:00,0,357.53,False,,-0.15319576055815343
64,115.95,2026-01-30 08:00:00,1,115.95,False,,-1.0105095317921928
282,238.66,2026-01-30 09:00:00,1,238.66,False,,-0.5750389925582786
3,107.79,2026-01-30 10:00:00,0,107.79,False,,-1.039467559663994
286,111.59,2026-01-30 11:00:00,0,111.59,False,,-1.025982203547224
237,453.13,2026-01-30 12:00:00,0,453.13,False,,0.1860674091163817
232,421.47,2026-01-30 13:00:00,0,421.47,False,,0.07371309999613307
339,337.88,2026-01-30 14:00:00,0,337.88,False,,-0.22292924679355725
261,222.12,2026-01-30 15:00:00,0,222.12,False,,-0.6337357794454838
363,100.18,2026-01-30 16:00:00,1,100.18,False,,-1.0664737596767893
381,239.57,2026-01-30 17:00:00,1,239.57,False,,-0.5718096046461048
460,422.84,2026-01-30 18:00:00,0,422.84,False,,0.0785749257540211
399,415.86,2026-01-30 19:00:00,1,415.86,False,,0.05380445583426962
258,844.39,2026-01-30 20:00:00,1,844.39,False,,1.5745622602341491
246,765.05,2026-01-30 21:00:00,0,765.05,False,,1.2930022196276887
117,348.04,2026-01-30 22:00:00,1,348.04,False,,-0.18687366307082415
299,237.54,2026-01-30 23:00:00,0,237.54,False,,-0.5790136238348004
69,178.85,2026-01-31 00:00:00,1,178.85,True,,-0.787291400280391
465,85.36,2026-01-31 01:00:00,1,85.36,True,,-1.119066648532193
422,128.21,2026-01-31 02:00:00,1,128.21,True,,-0.9670015144259816
59,423.29,2026-01-31 03:00:00,0,423.29,True,,0.0801718758204809
392,535.33,2026-01-31 04:00:00,1,535.33,True,,0.4777769545896745
58,277.16,2026-01-31 05:00:00,0,277.16,True,,-0.4384110424278434
360,1447.93,2026-01-31 06:00:00,0,1447.93,True,,3.7163916893698072
43,129.38,2026-01-31 07:00:00,1,129.38,True,,-0.9628494442531865
244,76.99,2026-01-31 08:00:00,0,76.99,True,,-1.148769919768342
328,1431.59,2026-01-31 09:00:00,0,1431.59,True,,3.658404658067695
364,95.43,2026-01-31 10:00:00,1,95.43,True,,-1.083330454822752
209,274.19,2026-01-31 11:00:00,1,274.19,True,,-0.4489509128664771
460,191.86,2026-01-31 12:00:00,0,191.86,True,,-0.7411217994700803
387,446.13,2026-01-31 13:00:00,0,446.13,True,,0.16122596363812075
104,258.19,2026-01-31 14:00:00,0,258.19,True,,-0.5057313596739307
335,536.5,2026-01-31 15:00:00,1,536.5,True,,0.4819290247624694
365,619.34,2026-01-31 16:00:00,0,619.34,True,,0.7759097881080603
166,84.51,2026-01-31 17:00:00,1,84.51,True,,-1.122083109768839
369,173.84,2026-01-31 18:00:00,0,173.84,True,,-0.8050707776869749
449,568.84,2026-01-31 19:00:00,0,568.84,True,,0.596696502872035
408,705.31,2026-01-31 20:00:00,0,705.31,True,,1.080998226360359
381,390.16,2026-01-31 21:00:00,1,390.16,True,,-0.03739913685020262
317,469.92,2026-01-31 22:00:00,0,469.92,True,,0.24565139048495335
135,880.32,2026-01-31 23:00:00,1,880.32,True,,1.7020698510961374
397,260.77,2026-02-01 00:00:00,0,260.77,True,,-0.4965755126262288
182,387.04,2026-02-01 01:00:00,1,387.04,True,,-0.048471323977656085
266,765.62,2026-02-01 02:00:00,0,765.62,True,,1.2950250230452045
157,797.92,2026-02-01 03:00:00,0,797.92,True,,1.4096505500377512
156,319.22,2026-02-01 04:00:00,0,319.22,True,,-0.28914944288274985
78,178.65,2026-02-01 05:00:00,0,178.65,True,,-0.7880011558654841
480,316.53,2026-02-01 06:00:00,0,316.53,True,,-0.2986956555022532
73,340.08,2026-02-01 07:00:00,1,340.08,True,,-0.2151219353575324
43,173.11,2026-02-01 08:00:00,1,173.11,True,,-0.8076613855725648
468,195.88,2026-02-01 09:00:00,0,195.88,True,,-0.7268557122097076
277,798.66,2026-02-01 10:00:00,0,798.66,True,,1.412276645702596
218,485.43,2026-02-01 11:00:00,0,485.43,True,,0.3006929361089286
368,275.25,2026-02-01 12:00:00,1,275.25,True,,-0.44518920826548325
191,136.81,2026-02-01 13:00:00,0,136.81,True,,-0.9364820242669752
63,197.86,2026-02-01 14:00:00,0,197.86,True,,-0.7198291319172851
364,70.66,2026-02-01 15:00:00,1,70.66,True,,-1.171233684036541
87,397.65,2026-02-01 16:00:00,0,397.65,True,,-0.010818790188463594
276,188.83,2026-02-01 17:00:00,0,188.83,True,,-0.7518745965842417
474,420.77,2026-02-01 18:00:00,0,420.77,True,,0.07122895544830682
468,564.82,2026-02-01 19:00:00,0,564.82,True,,0.5824304156116624
180,425.22,2026-02-01 20:00:00,0,425.22,True,,0.08702101721663
390,249.28,2026-02-01 21:00:00,1,249.28,True,,-0.5373509709898313
306,165.54,2026-02-01 22:00:00,1,165.54,True,,-0.8345256344683414
239,119.2,2026-02-01 23:00:00,0,119.2,True,,-0.9989760035344288
69,747.59,2026-02-02 00:00:00,1,747.59,False,,1.2310405570490552
188,412.0,2026-02-02 01:00:00,0,412.0,False,,0.0401061730419714
325,260.64,2026-02-02 02:00:00,0,260.64,False,,-0.49703685375653933
493,514.15,2026-02-02 03:00:00,0,514.15,False,,0.40261383812830764
2,668.71,2026-02-02 04:00:00,1,668.71,False,,0.9511129542883092
358,192.17,2026-02-02 05:00:00,0,192.17,False,,-0.7400216783131859
423,403.08,2026-02-02 06:00:00,1,403.08,False,,0.008451073946815983
475,409.0,2026-02-02 07:00:00,1,409.0,False,,0.029459839265573856
211,855.56,2026-02-02 08:00:00,0,855.56,False,,1.6142021096616026
59,257.78,2026-02-02 09:00:00,0,257.78,False,,-0.5071863586233717
135,160.4,2026-02-02 10:00:00,0,160.4,False,,-0.8527663530052358
425,435.69,2026-02-02 11:00:00,1,435.69,False,,0.12417672209625732
438,544.02,2026-02-02 12:00:00,0,544.02,False,,0.5086158347619726
318,379.45,2026-02-02 13:00:00,0,379.45,False,,-0.07540654843194199
61,894.34,2026-02-02 14:00:00,1,894.34,False,,1.7518237176111684
60,257.14,2026-02-02 15:00:00,0,257.14,False,,-0.5094575764956698
239,386.37,2026-02-02 16:00:00,0,386.37,False,,-0.05084900518771826
294,91.43,2026-02-02 17:00:00,0,91.43,False,,-1.0975255665246153
16,152.7,2026-02-02 18:00:00,0,152.7,False,,-0.8800919430313229
343,193.2,2026-02-02 19:00:00,1,193.2,False,,-0.7363664370499561
272,291.59,2026-02-02 20:00:00,1,291.59,False,,-0.3872021769633714
6,106.62,2026-02-02 21:00:00,0,106.62,False,,-1.0436196298367892
47,509.12,2026-02-02 22:00:00,0,509.12,False,,0.3847634851632145
227,179.07,2026-02-02 23:00:00,0,179.07,False,,-0.7865106691367885
361,1284.4,2026-02-03 00:00:00,1,1284.4,False,,3.136060035218377
412,184.48,2026-02-03 01:00:00,1,184.48,False,,-0.7673117805600183
215,357.7,2026-02-03 02:00:00,1,357.7,False,,-0.15259246831082415
147,325.3,2026-02-03 03:00:00,0,325.3,False,,-0.26757287309591754
484,141.44,2026-02-03 04:00:00,0,141.44,False,,-0.9200511824720683
229,292.46,2026-02-03 05:00:00,1,292.46,False,,-0.3841147401682161
157,289.69,2026-02-03 06:00:00,0,289.69,False,,-0.3939448550217564
221,619.75,2026-02-03 07:00:00,0,619.75,False,,0.7773647870575012
6,447.36,2026-02-03 08:00:00,1,447.36,False,,0.1655909604864438
150,503.94,2026-02-03 09:00:00,0,503.94,False,,0.3663808155093014
257,610.59,2026-02-03 10:00:00,0,610.59,False,,0.7448579812602342
459,509.62,2026-02-03 11:00:00,1,509.62,False,,0.3865378741259475
369,400.66,2026-02-03 12:00:00,0,400.66,False,,-0.00013696863281122338
390,191.72,2026-02-03 13:00:00,0,191.72,False,,-0.7416186283796455
272,382.41,2026-02-03 14:00:00,1,382.41,False,,-0.06490216577256294
55,162.62,2026-02-03 15:00:00,0,162.62,False,,-0.8448880660107017
195,309.65,2026-02-03 16:00:00,1,309.65,False,,-0.3231112476294582
498,279.79,2026-02-03 17:00:00,0,279.79,False,,-0.42907775648386826
22,293.64,2026-02-03 18:00:00,1,293.64,False,,-0.3799271822161664
439,107.65,2026-02-03 19:00:00,0,107.65,False,,-1.0399643885735592
342,11.5,2026-02-03 20:00:00,1,11.5,False,,-1.3811793861071007
141,241.26,2026-02-03 21:00:00,1,241.26,False,,-0.5658121699520674
388,708.93,2026-02-03 22:00:00,1,708.93,False,,1.0938448024505454
418,353.84,2026-02-03 23:00:00,0,353.84,False,,-0.1662907511031224
21,674.7,2026-02-04 00:00:00,0,674.7,False,,0.9723701340618497
53,163.55,2026-02-04 01:00:00,1,163.55,False,,-0.8415877025400184
332,231.88,2026-02-04 02:00:00,1,231.88,False,,-0.5990997068929371
499,1334.34,2026-02-04 03:00:00,0,1334.34,False,,3.313286004816141
11,172.2,2026-02-04 04:00:00,0,172.2,False,,-0.8108907734847389
332,497.12,2026-02-04 05:00:00,0,497.12,False,,0.34217815005762436
68,496.58,2026-02-04 06:00:00,1,496.58,False,,0.34026180997787275
325,459.15,2026-02-04 07:00:00,0,459.15,False,,0.20743105222768604
311,501.51,2026-02-04 08:00:00,1,501.51,False,,0.3577572851504194
45,170.08,2026-02-04 09:00:00,1,170.08,False,,-0.8184141826867264
340,250.53,2026-02-04 10:00:00,1,250.53,False,,-0.5329149985829991
448,17.65,2026-02-04 11:00:00,1,17.65,False,,-1.3593544018654857
431,874.56,2026-02-04 12:00:00,0,874.56,False,,1.6816288902454537
14,499.42,2026-02-04 13:00:00,1,499.42,False,,0.35034033928619585
122,193.39,2026-02-04 14:00:00,0,193.39,False,,-0.7356921692441176
120,165.1,2026-02-04 15:00:00,0,165.1,False,,-0.8360870967555464
226,717.19,2026-02-04 16:00:00,0,717.19,False,,1.1231577081148936
71,182.19,2026-02-04 17:00:00,0,182.19,False,,-0.7754384820093351
427,192.88,2026-02-04 18:00:00,1,192.88,False,,-0.7375020459861051
388,136.07,2026-02-04 19:00:00,1,136.07,False,,-0.93910811993182
404,565.74,2026-02-04 20:00:00,0,565.74,False,,0.5856952913030908
99,668.06,2026-02-04 21:00:00,0,668.06,False,,0.9488062486367561
7,281.11,2026-02-04 22:00:00,1,281.11,False,,-0.4243933696222533
455,670.98,2026-02-04 23:00:00,1,670.98,False,,0.9591686801791167
144,432.05,2026-02-05 00:00:00,1,432.05,False,,0.11125917044756169
328,128.7,2026-02-05 01:00:00,0,128.7,False,,-0.9652626132425033
454,833.05,2026-02-05 02:00:00,1,833.05,False,,1.5343191185593663
18,134.77,2026-02-05 03:00:00,0,134.77,False,,-0.9437215312349254
2,297.01,2026-02-05 04:00:00,0,297.01,False,,-0.36796780060734646
2,281.74,2026-02-05 05:00:00,0,281.74,False,,-0.42215763952920987
78,244.4,2026-02-05 06:00:00,1,244.4,False,,-0.5546690072661047
25,48.14,2026-02-05 07:00:00,0,48.14,False,,-1.251152162918032
409,1159.0,2026-02-05 08:00:00,1,1159.0,False,,2.6910432833649596
302,56.21,2026-02-05 09:00:00,1,56.21,False,,-1.2225135250595225
490,867.59,2026-02-05 10:00:00,0,867.59,False,,1.656893908104957
400,160.27,2026-02-05 11:00:00,1,160.27,False,,-0.8532276941355463
481,208.7,2026-02-05 12:00:00,1,208.7,False,,-0.6813603792052355
119,811.99,2026-02-05 13:00:00,1,811.99,False,,1.4595818554490558
143,465.48,2026-02-05 14:00:00,0,465.48,False,,0.229894816495885
424,94.59,2026-02-05 15:00:00,1,94.59,False,,-1.0863114282801434
122,92.64,2026-02-05 16:00:00,1,92.64,False,,-1.0932315452348018
28,418.19,2026-02-05 17:00:00,0,418.19,False,,0.06207310840060499
334,132.65,2026-02-05 18:00:00,1,132.65,False,,-0.951244940436913
400,481.02,2026-02-05 19:00:00,0,481.02,False,,0.28504282545762416
484,515.93,2026-02-05 20:00:00,1,515.93,False,,0.4089306628356368
463,175.4,2026-02-05 21:00:00,0,175.4,False,,-0.7995346841232481
60,218.06,2026-02-05 22:00:00,0,218.06,False,,-0.6481438178228751
386,428.02,2026-02-05 23:00:00,1,428.02,False,,0.09695759540793421
423,168.84,2026-02-06 00:00:00,0,168.84,False,,-0.8228146673143041
349,354.21,2026-02-06 01:00:00,0,354.21,False,,-0.1649777032707
409,1386.62,2026-02-06 02:00:00,1,1386.62,False,,3.498816114759496
418,442.74,2026-02-06 03:00:00,1,442.74,False,,0.14919560647079158
223,247.14,2026-02-06 04:00:00,1,247.14,False,,-0.5449453557503283
20,1236.05,2026-02-06 05:00:00,1,1236.05,False,,2.964476622522103
228,593.78,2026-02-06 06:00:00,0,593.78,False,,0.685203024333153
100,135.59,2026-02-06 07:00:00,1,135.59,False,,-0.9408115333360436
56,159.59,2026-02-06 08:00:00,1,159.59,False,,-0.8556408631248632
62,63.94,2026-02-06 09:00:00,1,63.94,False,,-1.1950814716956715
348,422.45,2026-02-06 10:00:00,1,422.45,False,,0.07719090236308947
252,38.36,2026-02-06 11:00:00,1,38.36,False,,-1.2858592110290878
269,1235.06,2026-02-06 12:00:00,1,1235.06,False,,2.960963332375892
372,271.21,2026-02-06 13:00:00,1,271.21,False,,-0.45952627108436533
274,619.09,2026-02-06 14:00:00,0,619.09,False,,0.7750225936266939
315,252.27,2026-02-06 15:00:00,1,252.27,False,,-0.5267401249926884
43,417.13,2026-02-06 16:00:00,0,417.13,False,,0.05831140379961118
425,300.14,2026-02-06 17:00:00,0,300.14,False,,-0.35686012570063835
224,346.68,2026-02-06 18:00:00,1,346.68,False,,-0.19170000104945775
77,753.31,2026-02-06 19:00:00,1,753.31,False,,1.2513395667827196
406,1003.38,2026-02-06 20:00:00,0,1003.38,False,,2.138782462603964
367,952.51,2026-02-06 21:00:00,0,952.51,False,,1.958256129535517
26,2092.03,2026-02-06 22:00:00,1,2092.03,False,,6.00215955116236
96,185.15,2026-02-06 23:00:00,1,185.15,False,,-0.7649340993499562
7,446.78,2026-02-07 00:00:00,1,446.78,True,,0.16353266928967347
135,188.83,2026-02-07 01:00:00,1,188.83,True,,-0.7518745965842417
49,732.58,2026-02-07 02:00:00,0,732.58,True,,1.177773400387813
354,141.68,2026-02-07 03:00:00,0,141.68,True,,-0.9191994757699565
261,762.15,2026-02-07 04:00:00,0,762.15,True,,1.282710763643838
490,388.93,2026-02-07 05:00:00,1,388.93,True,,-0.041764133698525684
374,313.41,2026-02-07 06:00:00,1,313.41,True,,-0.3097678426297064
305,341.44,2026-02-07 07:00:00,0,341.44,True,,-0.21029559737889883
254,119.56,2026-02-07 08:00:00,1,119.56,True,,-0.997698443481261
27,129.28,2026-02-07 09:00:00,1,129.28,True,,-0.9632043220457329
35,394.04,2026-02-07 10:00:00,1,394.04,True,,-0.02362987849939515
308,392.08,2026-02-07 11:00:00,1,392.08,True,,-0.03058548323330834
2,196.18,2026-02-07 12:00:00,0,196.18,True,,-0.7257910788320678
21,268.88,2026-02-07 13:00:00,1,268.88,True,,-0.46779492365070074
109,474.04,2026-02-07 14:00:00,0,474.04,True,,0.26027235553787265
442,168.05,2026-02-07 15:00:00,1,168.05,True,,-0.8256182018754221
229,55.88,2026-02-07 16:00:00,1,55.88,True,,-1.2236846217749262
354,895.54,2026-02-07 17:00:00,0,895.54,True,,1.7560822511217273
205,414.5,2026-02-07 18:00:00,1,414.5,True,,0.04897811785563602
86,226.75,2026-02-07 19:00:00,0,226.75,True,,-0.6173049376505769
185,188.34,2026-02-07 20:00:00,0,188.34,True,,-0.75361349776772
45,166.61,2026-02-07 21:00:00,1,166.61,True,,-0.8307284420880929
385,730.62,2026-02-07 22:00:00,0,730.62,True,,1.1708177956538999
91,101.05,2026-02-07 23:00:00,0,101.05,True,,-1.0633863228816338
188,445.95,2026-02-08 00:00:00,0,445.95,True,,0.1605871836115369
490,445.68,2026-02-08 01:00:00,0,445.68,True,,0.15962901357166118
295,572.88,2026-02-08 02:00:00,1,572.88,True,,0.6110335656909169
229,244.89,2026-02-08 03:00:00,0,244.89,True,,-0.5529301060826265
271,845.27,2026-02-08 04:00:00,0,845.27,True,,1.5776851848085591
392,584.69,2026-02-08 05:00:00,0,584.69,True,,0.6529446329906688
127,238.21,2026-02-08 06:00:00,1,238.21,True,,-0.5766359426247383
318,180.85,2026-02-08 07:00:00,1,180.85,True,,-0.7801938444294593
436,300.79,2026-02-08 08:00:00,0,300.79,True,,-0.35455342004908547
286,231.77,2026-02-08 09:00:00,0,231.77,True,,-0.5994900724647383
223,156.05,2026-02-08 10:00:00,1,156.05,True,,-0.8682035369810123
72,353.02,2026-02-08 11:00:00,0,353.02,True,,-0.16920074900200435
124,270.29,2026-02-08 12:00:00,1,270.29,True,,-0.4627911467757938
473,981.18,2026-02-08 13:00:00,1,981.18,True,,2.059999592658622
270,231.46,2026-02-08 14:00:00,0,231.46,True,,-0.6005901936216327
150,179.44,2026-02-08 15:00:00,1,179.44,True,,-0.7851976213043661
209,335.99,2026-02-08 16:00:00,0,335.99,True,,-0.22963643707268763
289,404.96,2026-02-08 17:00:00,0,404.96,True,,0.01512277644669176
268,427.91,2026-02-08 18:00:00,1,427.91,True,,0.09656722983613313
349,424.88,2026-02-08 19:00:00,1,424.88,True,,0.0858144327219715
128,344.68,2026-02-08 20:00:00,1,344.68,True,,-0.19879755690038944
324,325.98,2026-02-08 21:00:00,0,325.98,True,,-0.2651597041066007
221,518.0,2026-02-08 22:00:00,0,518.0,True,,0.41627663314135127
470,143.63,2026-02-08 23:00:00,1,143.63,True,,-0.9122793588152981
78,180.56,2026-02-09 00:00:00,1,180.56,False,,-0.7812229900278443
74,77.09,2026-02-09 01:00:00,0,77.09,False,,-1.1484150419757957
230,145.77,2026-02-09 02:00:00,1,145.77,False,,-0.9046849740548012
254,682.53,2026-02-09 03:00:00,0,682.53,False,,1.000157065218247
345,502.69,2026-02-09 04:00:00,0,502.69,False,,0.3619448431024691
202,1068.13,2026-02-09 05:00:00,0,1068.13,False,,2.3685658332778785
456,904.26,2026-02-09 06:00:00,1,904.26,False,,1.7870275946317895
237,505.73,2026-02-09 07:00:00,1,505.73,False,,0.37273312799588537
64,374.03,2026-02-09 08:00:00,0,374.03,False,,-0.09464092478796693
59,340.89,2026-02-09 09:00:00,0,340.89,False,,-0.21224742523790507
486,35.42,2026-02-09 10:00:00,0,35.42,False,,-1.2962926181299574
67,312.83,2026-02-09 11:00:00,0,312.83,False,,-0.3118261338264768
473,208.58,2026-02-09 12:00:00,0,208.58,False,,-0.6817862325562912
139,151.72,2026-02-09 13:00:00,1,151.72,False,,-0.8835697453982794
46,449.89,2026-02-09 14:00:00,0,449.89,False,,0.1745693686378723
152,284.4,2026-02-09 15:00:00,0,284.4,False,,-0.41271789024747085
307,356.83,2026-02-09 16:00:00,1,356.83,False,,-0.15567990510597948
213,132.23,2026-02-09 17:00:00,1,132.23,False,,-0.9527354271656089
392,602.17,2026-02-09 18:00:00,0,602.17,False,,0.7149772711278115
305,230.55,2026-02-09 19:00:00,0,230.55,False,,-0.6038195815338067
200,432.87,2026-02-09 20:00:00,1,432.87,False,,0.11416916834644365
317,246.7,2026-02-09 21:00:00,0,246.7,False,,-0.5465068180375332
485,27.53,2026-02-09 22:00:00,1,27.53,False,,-1.3242924759618828
205,463.0,2026-02-09 23:00:00,0,463.0,False,,0.22109384724072964
76,299.14,2026-02-10 00:00:00,1,299.14,False,,-0.3604089036261042
204,71.49,2026-02-10 01:00:00,0,71.49,False,,-1.1682881983584044
420,117.6,2026-02-10 02:00:00,1,117.6,False,,-1.0046540482151742
108,614.4,2026-02-10 03:00:00,0,614.4,False,,0.7583788251562589
474,75.34,2026-02-10 04:00:00,0,75.34,False,,-1.154625403345361
294,225.62,2026-02-10 05:00:00,1,225.62,False,,-0.6213150567063532
300,1129.81,2026-02-10 06:00:00,1,1129.81,False,,2.5874544557206116
158,471.57,2026-02-10 07:00:00,1,471.57,False,,0.2515068740619719
460,556.76,2026-02-10 08:00:00,1,556.76,False,,0.5538272655324075
18,265.4,2026-02-10 09:00:00,0,265.4,False,,-0.48014467083132195
149,64.83,2026-02-10 10:00:00,0,64.83,False,,-1.191923059342007
209,382.68,2026-02-10 11:00:00,0,382.68,False,,-0.06394399573268723
238,125.63,2026-02-10 12:00:00,1,125.63,False,,-0.9761573614736834
237,114.33,2026-02-10 13:00:00,1,114.33,False,,-1.0162585520314475
73,350.66,2026-02-10 14:00:00,1,350.66,False,,-0.1775758649061036
112,134.07,2026-02-10 15:00:00,0,134.07,False,,-0.9462056757827516
47,320.97,2026-02-10 16:00:00,1,320.97,False,420.1714285714285,-0.2829390815131846
286,185.8,2026-02-10 17:00:00,1,185.8,False,,-0.7626273936984033
175,312.53,2026-02-10 18:00:00,1,312.53,False,,-0.31289076720411657
282,213.74,2026-02-10 19:00:00,1,213.74,False,,-0.6634745384608876
294,319.21,2026-02-10 20:00:00,1,319.21,False,,-0.2891849306620047
351,854.86,2026-02-10 21:00:00,0,854.86,False,,1.6117179651137767
273,565.59,2026-02-10 22:00:00,0,565.59,False,,0.585162974614271
323,292.56,2026-02-10 23:00:00,1,292.56,False,,-0.38375986237566945
293,765.15,2026-02-11 00:00:00,1,765.15,False,,1.2933570974202353
326,437.37,2026-02-11 01:00:00,1,437.37,False,,0.13013866901103996
308,729.91,2026-02-11 02:00:00,1,729.91,False,,1.1682981633268188
158,84.51,2026-02-11 03:00:00,1,84.51,False,,-1.122083109768839
123,135.51,2026-02-11 04:00:00,1,135.51,False,,-0.9410954355700808
393,379.37,2026-02-11 05:00:00,1,379.37,False,,-0.0756904506659792
171,286.94,2026-02-11 06:00:00,0,286.94,False,,-0.4037039943167875
274,319.8,2026-02-11 07:00:00,0,319.8,False,,-0.2870911516859797
98,489.37,2026-02-11 08:00:00,0,489.37,False,,0.314675121135264
215,382.19,2026-02-11 09:00:00,1,382.19,False,,-0.06568289691616552
264,603.68,2026-02-11 10:00:00,0,603.68,False,,0.7203359257952648
313,592.32,2026-02-11 11:00:00,0,592.32,False,,0.6800218085619733
263,141.47,2026-02-11 12:00:00,0,141.47,False,,-0.9199447191343044
180,28.93,2026-02-11 13:00:00,0,28.93,False,,-1.3193241868662309
480,133.2,2026-02-11 14:00:00,0,133.2,False,,-0.9492931125779069
256,125.31,2026-02-11 15:00:00,1,125.31,False,,-0.9772929704098324
404,338.35,2026-02-11 16:00:00,0,338.35,False,,-0.2212613211685882
368,335.08,2026-02-11 17:00:00,0,335.08,False,,-0.23286582498486166
279,273.56,2026-02-11 18:00:00,0,273.56,False,,-0.45118664295952055
443,449.58,2026-02-11 19:00:00,1,449.58,False,,0.1734692474809779
64,1463.72,2026-02-11 20:00:00,1,1463.72,False,,3.7724268928129128
460,268.86,2026-02-11 21:00:00,1,268.86,False,,-0.46786589920920996
425,391.16,2026-02-11 22:00:00,0,391.16,False,,-0.03385035892473678
251,319.74,2026-02-11 23:00:00,1,319.74,False,,-0.2873040783615077
366,198.06,2026-02-12 00:00:00,0,198.06,False,,-0.719119376332192
260,492.6,2026-02-12 01:00:00,1,492.6,False,,0.3261376738345188
134,258.45,2026-02-12 02:00:00,1,258.45,False,,-0.5048086774133096
399,163.75,2026-02-12 03:00:00,1,163.75,False,,-0.8408779469549252
122,174.73,2026-02-12 04:00:00,1,174.73,False,,-0.8019123653333103
157,618.74,2026-02-12 05:00:00,1,618.74,False,,0.7737805213527807
259,483.97,2026-02-12 06:00:00,1,483.97,False,,0.29551172033774853
418,216.94,2026-02-12 07:00:00,1,216.94,False,,-0.6521184490993969
191,444.29,2026-02-12 08:00:00,1,444.29,False,,0.1546962122552637
247,322.63,2026-02-12 09:00:00,1,322.63,False,,-0.27704811015691144
20,396.14,2026-02-12 10:00:00,0,396.14,False,,-0.016177444855916993
57,193.71,2026-02-12 11:00:00,1,193.71,False,,-0.7345565603079685
27,129.02,2026-02-12 12:00:00,0,129.02,False,,-0.964127004306354
36,257.3,2026-02-12 13:00:00,0,257.3,False,,-0.5088897720275952
434,150.24,2026-02-12 14:00:00,0,150.24,False,,-0.8888219367279688
420,140.4,2026-02-12 15:00:00,0,140.4,False,,-0.9237419115145526
410,89.65,2026-02-12 16:00:00,1,89.65,False,,-1.1038423912319444
27,29.23,2026-02-12 17:00:00,0,29.23,False,,-1.318259553488591
38,220.14,2026-02-12 18:00:00,1,220.14,False,,-0.6407623597379062
140,699.55,2026-02-12 19:00:00,0,699.55,False,,1.0605572655096758
282,584.35,2026-02-12 20:00:00,0,584.35,False,,0.6517380484960104
167,941.43,2026-02-12 21:00:00,0,941.43,False,,1.9189356701213547
243,134.92,2026-02-12 22:00:00,1,134.92,False,,-0.9431892145461056
86,515.4,2026-02-12 23:00:00,1,515.4,False,,0.40704981053513994
365,291.49,2026-02-13 00:00:00,0,291.49,False,,-0.38755705475591784
156,174.98,2026-02-13 01:00:00,1,174.98,False,,-0.8010251708519438
33,645.56,2026-02-13 02:00:00,1,645.56,False,,0.8689587453137746
371,293.8,2026-02-13 03:00:00,1,293.8,False,,-0.37935937774809175
451,55.77,2026-02-13 04:00:00,0,55.77,False,,-1.2240749873467276
7,580.0,2026-02-13 05:00:00,1,580.0,False,,0.6363008645202338
218,422.48,2026-02-13 06:00:00,1,422.48,False,,0.07729736570085355
413,353.06,2026-02-13 07:00:00,1,353.06,False,,-0.16905879788498565
353,111.15,2026-02-13 08:00:00,0,111.15,False,,-1.0275436658344288
428,384.47,2026-02-13 09:00:00,1,384.47,False,,-0.05759168324610329
207,856.38,2026-02-13 10:00:00,0,856.38,False,,1.6171121075604848
186,414.0,2026-02-13 11:00:00,1,414.0,False,,0.04720372889290309
354,76.78,2026-02-13 12:00:00,1,76.78,False,,-1.1495151631326899
76,437.15,2026-02-13 13:00:00,0,437.15,False,,0.12935793786743738
119,417.16,2026-02-13 14:00:00,0,417.16,False,,0.05841786713737526
300,545.32,2026-02-13 15:00:00,1,545.32,False,,0.5132292460650784
334,408.71,2026-02-13 16:00:00,1,408.71,False,,0.02843069366718869
59,140.84,2026-02-13 17:00:00,0,140.84,False,283.39714285714285,-0.9221804492273479
254,338.84,2026-02-13 18:00:00,1,338.84,False,,-0.2195224199851101
182,260.88,2026-02-13 19:00:00,0,260.88,False,,-0.4961851470544275
250,369.88,2026-02-13 20:00:00,1,369.88,False,,-0.10936835317865012
479,661.88,2026-02-13 21:00:00,0,661.88,False,,0.9268748010573774
38,185.3,2026-02-13 22:00:00,1,185.3,False,,-0.7644017826611362
497,1037.08,2026-02-13 23:00:00,1,1037.08,False,,2.2583762786921633
224,435.1,2026-02-14 00:00:00,0,435.1,True,,0.12208294312023256
386,582.31,2026-02-14 01:00:00,1,582.31,True,,0.6444985415280597
212,528.85,2026-02-14 02:00:00,0,528.85,True,,0.4547808736326558
155,422.51,2026-02-14 03:00:00,0,422.51,True,,0.07740382903861742
385,480.21,2026-02-14 04:00:00,1,480.21,True,,0.2821683153379968
343,2.94,2026-02-14 05:00:00,1,2.94,True,,-1.4115569251490883
72,528.15,2026-02-14 06:00:00,0,528.15,True,,0.45229672908482954
352,151.03,2026-02-14 07:00:00,0,151.03,True,,-0.8860184021668509
376,307.54,2026-02-14 08:00:00,0,307.54,True,,-0.33059916905219094
193,420.37,2026-02-14 09:00:00,0,420.37,True,,0.06980944427812057
462,682.29,2026-02-14 10:00:00,1,682.29,True,,0.9993053585161352
320,151.07,2026-02-14 11:00:00,0,151.07,True,,-0.8858764510498323
166,224.69,2026-02-14 12:00:00,1,224.69,True,,-0.6246154201770365
5,250.22,2026-02-14 13:00:00,0,250.22,True,,-0.5340151197398935
337,373.23,2026-02-14 14:00:00,0,373.23,True,,-0.09747994712833945
104,262.77,2026-02-14 15:00:00,1,262.77,True,,-0.4894779567752971
378,481.76,2026-02-14 16:00:00,1,481.76,True,,0.2876689211224689
262,58.33,2026-02-14 17:00:00,0,58.33,True,,-1.214990115857535
233,289.0,2026-02-14 18:00:00,0,289.0,True,,-0.39639351179032783
81,913.0,2026-02-14 19:00:00,0,913.0,True,,1.8180439137003612
355,263.33,2026-02-14 20:00:00,1,263.33,True,,-0.4874906411370362
82,436.29,2026-02-14 21:00:00,0,436.29,True,,0.1263059888515369
208,611.7,2026-02-14 22:00:00,0,611.7,True,,0.7487971247575014
418,426.1,2026-02-14 23:00:00,1,426.1,True,,0.09014394179103993
460,1098.47,2026-02-15 00:00:00,1,1098.47,True,,2.476235755536512
494,344.86,2026-02-15 01:00:00,1,344.86,True,,-0.19815877687380556
479,498.96,2026-02-15 02:00:00,0,498.96,True,465.1985714285714,0.3487079014404814
277,384.73,2026-02-15 03:00:00,1,384.73,True,372.2114285714286,-0.0566690009854822
100,792.91,2026-02-15 04:00:00,0,792.91,True,,1.3918711726311672
419,233.75,2026-02-15 05:00:00,1,233.75,True,,-0.592463492172316
400,1156.96,2026-02-15 06:00:00,0,1156.96,True,,2.6838037763970095
495,189.25,2026-02-15 07:00:00,1,189.25,True,,-0.7503841098555462
325,971.32,2026-02-15 08:00:00,0,971.32,True,,2.025008642313529
70,135.67,2026-02-15 09:00:00,0,135.67,True,,-0.9405276311020062
251,510.36,2026-02-15 10:00:00,1,510.36,True,,0.3891639697907922
224,322.63,2026-02-15 11:00:00,0,322.63,True,,-0.27704811015691144
421,603.01,2026-02-15 12:00:00,1,603.01,True,,0.717958244585203
196,444.06,2026-02-15 13:00:00,1,444.06,True,,0.15387999333240648
164,580.66,2026-02-15 14:00:00,1,580.66,True,,0.6386430579510411
40,131.38,2026-02-15 15:00:00,0,131.38,True,,-0.9557518884022548
417,70.53,2026-02-15 16:00:00,1,70.53,True,,-1.1716950251668514
377,112.33,2026-02-15 17:00:00,0,112.33,True,,-1.0233561078823792
20,109.65,2026-02-15 18:00:00,0,109.65,True,,-1.0328668327226276
216,129.92,2026-02-15 19:00:00,0,129.92,True,437.19571428571425,-0.9609331041734348
239,200.17,2026-02-15 20:00:00,0,200.17,True,,-0.7116314549094591
234,198.69,2026-02-15 21:00:00,0,198.69,True,,-0.7168836462391486
459,328.46,2026-02-15 22:00:00,0,328.46,True,,-0.25635873485144556
75,160.82,2026-02-15 23:00:00,0,160.82,True,,-0.8512758662765403
153,172.24,2026-02-16 00:00:00,0,172.24,False,,-0.8107488223677202
90,275.98,2026-02-16 01:00:00,0,275.98,False,,-0.4425986003798931
122,660.63,2026-02-16 02:00:00,1,660.63,False,,0.922438828650545
453,230.51,2026-02-16 03:00:00,0,230.51,False,,-0.6039615326508253
470,312.16,2026-02-16 04:00:00,1,312.16,False,,-0.3142038150365387
22,351.87,2026-02-16 05:00:00,1,351.87,False,,-0.17328184361629
316,144.04,2026-02-16 06:00:00,0,144.04,False,,-0.9108243598658571
116,249.05,2026-02-16 07:00:00,1,249.05,False,,-0.5381671899126884
96,184.22,2026-02-16 08:00:00,0,184.22,False,,-0.7682344628206393
146,618.3,2026-02-16 09:00:00,0,618.3,False,,0.7722190590655756
97,583.71,2026-02-16 10:00:00,1,583.71,False,,0.6494668306237122
245,168.62,2026-02-16 11:00:00,0,168.62,False,,-0.8235953984579065
497,307.6,2026-02-16 12:00:00,0,307.6,False,,-0.33038624237666303
293,499.24,2026-02-16 13:00:00,0,499.24,False,,0.349701559259612
361,409.64,2026-02-16 14:00:00,0,409.64,False,,0.03173105713787195
246,442.03,2026-02-16 15:00:00,0,442.03,False,,0.1466759741437107
6,144.83,2026-02-16 16:00:00,1,144.83,False,,-0.908020825304739
42,947.92,2026-02-16 17:00:00,0,947.92,False,,1.9419672388576281
134,196.92,2026-02-16 18:00:00,1,196.92,False,,-0.7231649831672231
121,192.25,2026-02-16 19:00:00,0,192.25,False,,-0.7397377760791486
420,99.67,2026-02-16 20:00:00,1,99.67,False,,-1.0682836364187767
421,285.48,2026-02-16 21:00:00,1,285.48,False,,-0.4088852100879676
427,708.71,2026-02-16 22:00:00,1,708.71,False,,1.0930640713069433
318,406.64,2026-02-16 23:00:00,1,406.64,False,,0.02108472336147441
278,303.05,2026-02-17 00:00:00,0,303.05,False,,-0.3465331819375327
324,554.56,2026-02-17 01:00:00,1,554.56,False,,0.5460199540963825
203,696.81,2026-02-17 02:00:00,0,696.81,False,,1.0508336139938992
335,582.81,2026-02-17 03:00:00,1,582.81,False,,0.6462729304907926
397,50.19,2026-02-17 04:00:00,1,50.19,False,,-1.243877168170827
381,557.87,2026-02-17 05:00:00,1,557.87,False,,0.5577664090296746
306,454.66,2026-02-17 06:00:00,0,454.66,False,,0.19149703934234455
29,165.41,2026-02-17 07:00:00,1,165.41,False,,-0.834986975598652
362,456.01,2026-02-17 08:00:00,1,456.01,False,,0.19628788954172333
183,709.68,2026-02-17 09:00:00,1,709.68,False,,1.0965063858946447
371,204.23,2026-02-17 10:00:00,1,204.23,False,,-0.6972234165320678
269,611.66,2026-02-17 11:00:00,1,611.66,False,,0.7486551736404824
440,413.18,2026-02-17 12:00:00,1,413.18,False,,0.044293730994021126
169,8.22,2026-02-17 13:00:00,1,8.22,False,,-1.3928193777026285
465,320.38,2026-02-17 14:00:00,0,320.38,False,,-0.28503286048920956
422,401.29,2026-02-17 15:00:00,1,401.29,False,,0.0020987614602322444
165,257.01,2026-02-17 16:00:00,0,257.01,False,,-0.5099189176259804
241,424.44,2026-02-17 17:00:00,1,424.44,False,,0.08425297043476654
265,294.64,2026-02-17 18:00:00,0,294.64,False,,-0.3763784042907005
384,1311.88,2026-02-17 19:00:00,0,1311.88,False,,3.233580452610179
344,242.78,2026-02-17 20:00:00,0,242.78,False,,-0.5604180275053593
426,169.59,2026-02-17 21:00:00,0,169.59,False,,-0.8201530838702047
184,590.49,2026-02-17 22:00:00,0,590.49,False,,0.6735275449583705
252,268.22,2026-02-17 23:00:00,0,268.22,False,,-0.47013711708150807
215,307.0,2026-02-18 00:00:00,0,307.0,False,,-0.3325155091319426
454,287.11,2026-02-18 01:00:00,0,287.11,False,,-0.40310070206945825
152,568.09,2026-02-18 02:00:00,1,568.09,False,,0.5940349194279356
293,128.99,2026-02-18 03:00:00,0,128.99,False,,-0.9642334676441181
60,610.81,2026-02-18 04:00:00,1,610.81,False,,0.7456387124038364
425,481.55,2026-02-18 05:00:00,0,481.55,False,,0.28692367775812117
192,1039.24,2026-02-18 06:00:00,0,1039.24,False,,2.2660416390111697
170,378.68,2026-02-18 07:00:00,0,378.68,False,,-0.07813910743455062
291,137.92,2026-02-18 08:00:00,0,137.92,False,,-0.932542880769708
249,381.77,2026-02-18 09:00:00,1,381.77,False,,-0.06717338364486124
423,417.29,2026-02-18 10:00:00,1,417.29,False,,0.058879208267685806
265,751.6,2026-02-18 11:00:00,0,751.6,False,,1.2452711565301733
258,137.6,2026-02-18 12:00:00,1,137.6,False,,-0.9336784897058573
52,76.85,2026-02-18 13:00:00,0,76.85,False,,-1.1492667486779076
10,387.69,2026-02-18 14:00:00,1,387.69,False,,-0.046164618326103364
199,1069.09,2026-02-18 15:00:00,0,1069.09,False,,2.371972660086325
499,532.3,2026-02-18 16:00:00,0,532.3,False,,0.4670241574755127
458,554.13,2026-02-18 17:00:00,0,554.13,False,,0.5444939795884323
314,97.06,2026-02-18 18:00:00,0,97.06,False,,-1.0775459468042425
315,341.55,2026-02-18 19:00:00,1,341.55,False,,-0.20990523180709753
195,761.24,2026-02-18 20:00:00,1,761.24,False,,1.279481375731664
88,420.91,2026-02-18 21:00:00,1,420.91,False,,0.07172578435787219
4,71.3,2026-02-18 22:00:00,1,71.3,False,,-1.1689624661642428
169,336.42,2026-02-18 23:00:00,0,336.42,False,,-0.2281104625647373
158,506.39,2026-02-19 00:00:00,1,506.39,False,,0.3750753214266927
95,309.1,2026-02-19 01:00:00,1,309.1,False,,-0.32506307548846425
129,153.72,2026-02-19 02:00:00,1,153.72,False,,-0.8764721895473477
12,603.02,2026-02-19 03:00:00,0,603.02,False,,0.7179937323644575
303,234.98,2026-02-19 04:00:00,1,234.98,False,,-0.5880984953239929
463,450.38,2026-02-19 05:00:00,1,450.38,False,,0.17630826982135062
345,329.65,2026-02-19 06:00:00,0,329.65,False,,-0.2521356891201412
224,227.72,2026-02-19 07:00:00,1,227.72,False,,-0.613862623062875
210,1148.68,2026-02-19 08:00:00,1,1148.68,False,,2.6544198951741524
153,207.05,2026-02-19 09:00:00,1,207.05,False,,-0.687215862782254
71,350.98,2026-02-19 10:00:00,1,350.98,False,,-0.17644025596995455
299,328.85,2026-02-19 11:00:00,0,328.85,False,,-0.25497471146051376
283,380.54,2026-02-19 12:00:00,1,380.54,False,,-0.07153838049318409
3,1093.0,2026-02-19 13:00:00,1,1093.0,False,,2.456823940284214
207,506.85,2026-02-19 14:00:00,0,506.85,False,,0.37670775927240713
139,225.91,2026-02-19 15:00:00,1,225.91,False,,-0.6202859111079682
85,875.04,2026-02-19 16:00:00,0,875.04,False,,1.6833323036496775
351,569.88,2026-02-19 17:00:00,1,569.88,False,,0.6003872319145194
262,229.59,2026-02-19 18:00:00,0,229.59,False,,-0.6072264083422538
316,786.85,2026-02-19 19:00:00,0,786.85,False,,1.3703655784028446
356,95.96,2026-02-19 20:00:00,0,95.96,False,,-1.081449602522255
490,124.01,2026-02-19 21:00:00,0,124.01,False,,-0.9819063817129381
401,66.1,2026-02-19 22:00:00,1,66.1,False,,-1.1874161113766655
310,36.82,2026-02-19 23:00:00,0,36.82,False,,-1.2913243290343053
439,749.27,2026-02-20 00:00:00,1,749.27,False,,1.2370025039638377
238,384.12,2026-02-20 01:00:00,0,384.12,False,,-0.05883375552001641
492,73.23,2026-02-20 02:00:00,0,73.23,False,,-1.1621133247680937
380,322.3,2026-02-20 03:00:00,1,322.3,False,,-0.2782192068723151
325,624.82,2026-02-20 04:00:00,0,624.82,False,,0.7953570911396133
451,176.86,2026-02-20 05:00:00,0,176.86,False,,-0.794353468352068
257,257.06,2026-02-20 06:00:00,1,257.06,False,,-0.509741478729707
360,1184.48,2026-02-20 07:00:00,0,1184.48,False,,2.7814661449058296
142,276.34,2026-02-20 08:00:00,1,276.34,False,,-0.4413210403267256
481,80.02,2026-02-20 09:00:00,1,80.02,False,,-1.1380171226541809
311,214.55,2026-02-20 10:00:00,1,214.55,False,,-0.6606000283412602
391,67.74,2026-02-20 11:00:00,0,67.74,False,,-1.1815961155789012
230,536.66,2026-02-20 12:00:00,0,536.66,False,,0.4824968292305439
433,155.32,2026-02-20 13:00:00,1,155.32,False,,-0.8707941448666023
37,150.86,2026-02-20 14:00:00,1,150.86,False,,-0.88662169441418
57,1255.82,2026-02-20 15:00:00,1,1255.82,False,,3.034635962108563
253,111.12,2026-02-20 16:00:00,0,111.12,False,,-1.027650129172193
366,91.95,2026-02-20 17:00:00,1,91.95,False,,-1.0956802020033731
404,130.3,2026-02-20 18:00:00,1,130.3,False,,-0.9595845685617579
220,638.5,2026-02-20 19:00:00,1,638.5,False,,0.8439043731599859
324,487.43,2026-02-20 20:00:00,1,487.43,False,,0.3077904919598603
276,212.19,2026-02-20 21:00:00,0,212.19,False,,-0.6689751442453596
480,196.0,2026-02-20 22:00:00,0,196.0,False,,-0.7264298588586516
327,460.77,2026-02-20 23:00:00,0,460.77,False,,0.21318007246694073
208,395.17,2026-02-21 00:00:00,1,395.17,True,,-0.01961975944361876
484,290.9,2026-02-21 01:00:00,1,290.9,True,,-0.3896508337319428
53,499.63,2026-02-21 02:00:00,0,499.63,True,,0.3510855826505436
492,122.06,2026-02-21 03:00:00,0,122.06,True,,-0.9888264986675964
77,157.75,2026-02-21 04:00:00,0,157.75,True,,-0.8621706145077204
144,518.55,2026-02-21 05:00:00,0,518.55,True,,0.4182284610003573
410,419.4,2026-02-21 06:00:00,0,419.4,True,,0.0663671296904186
366,340.03,2026-02-21 07:00:00,1,340.03,True,,-0.21529937425380574
485,1226.52,2026-02-21 08:00:00,1,1226.52,True,,2.9306567688924137
374,579.9,2026-02-21 09:00:00,0,579.9,True,,0.6359459867276871
318,217.65,2026-02-21 10:00:00,0,217.65,True,,-0.649598816772316
173,170.53,2026-02-21 11:00:00,0,170.53,True,,-0.8168172326202668
2,434.24,2026-02-21 12:00:00,0,434.24,True,,0.11903099410433188
61,747.68,2026-02-21 13:00:00,0,747.68,True,,1.2313599470623469
148,56.54,2026-02-21 14:00:00,0,56.54,True,,-1.2213424283441188
20,411.34,2026-02-21 15:00:00,0,411.34,True,,0.03776397961116385
254,253.57,2026-02-21 16:00:00,0,253.57,True,,-0.5221267136895829
388,384.03,2026-02-21 17:00:00,1,384.03,True,,-0.05915314553330846
481,85.19,2026-02-21 18:00:00,0,85.19,True,,-1.1196699407795223
244,747.31,2026-02-21 19:00:00,0,747.31,True,,1.2300468992299245
437,887.86,2026-02-21 20:00:00,0,887.86,True,,1.7288276366541497
492,542.84,2026-02-21 21:00:00,0,542.84,True,,0.504428276809923
429,1010.02,2026-02-21 22:00:00,1,1010.02,True,,2.162346348029058
232,243.31,2026-02-21 23:00:00,0,243.31,True,,-0.5585371752048625
162,404.13,2026-02-22 00:00:00,0,404.13,True,,0.012177290768555163
488,548.59,2026-02-22 01:00:00,1,548.59,True,,0.5248337498813517
120,438.47,2026-02-22 02:00:00,0,438.47,True,,0.13404232472905248
205,269.62,2026-02-22 03:00:00,0,269.62,True,,-0.46516882798585596
37,293.41,2026-02-22 04:00:00,0,293.41,True,,-0.3807434011390234
396,834.09,2026-02-22 05:00:00,0,834.09,True,,1.538009847601851
324,326.84,2026-02-22 06:00:00,1,326.84,True,,-0.2621077550907003
42,718.49,2026-02-22 07:00:00,1,718.49,True,,1.1277711194179991
110,313.74,2026-02-22 08:00:00,0,313.74,True,,-0.30859674591430275
277,715.54,2026-02-22 09:00:00,0,715.54,True,445.73,1.1173022245378748
270,354.44,2026-02-22 10:00:00,0,354.44,True,,-0.1641614843478428
401,516.56,2026-02-22 11:00:00,1,516.56,True,,0.41116639292868024
133,189.72,2026-02-22 12:00:00,1,189.72,True,,-0.7487161842305772
462,403.47,2026-02-22 13:00:00,0,403.47,True,,0.009835097337747817
222,192.17,2026-02-22 14:00:00,1,192.17,True,,-0.7400216783131859
411,238.39,2026-02-22 15:00:00,0,238.39,True,,-0.5759971625981545
119,254.63,2026-02-22 16:00:00,1,254.63,True,,-0.5183650090885891
18,289.43,2026-02-22 17:00:00,0,289.43,True,,-0.3948675372823775
27,659.48,2026-02-22 18:00:00,0,659.48,True,,0.9183577340362594
186,230.85,2026-02-22 19:00:00,1,230.85,True,,-0.6027549481561669
476,373.08,2026-02-22 20:00:00,1,373.08,True,,-0.09801226381715944
24,717.11,2026-02-22 21:00:00,0,717.11,True,,1.1228738058808563
184,508.88,2026-02-22 22:00:00,1,508.88,True,,0.3839117784611027
54,57.94,2026-02-22 23:00:00,0,57.94,True,,-1.2163741392484666
465,82.76,2026-02-23 00:00:00,0,82.76,False,,-1.1282934711384043
337,444.5,2026-02-23 01:00:00,1,444.5,False,,0.15544145561961145
381,221.25,2026-02-23 02:00:00,1,221.25,False,,-0.6368232162406391
356,70.97,2026-02-23 03:00:00,0,70.97,False,,-1.1701335628796468
328,207.91,2026-02-23 04:00:00,1,207.91,False,,-0.6841639137663534
386,456.74,2026-02-23 05:00:00,1,456.74,False,,0.19887849742731345
4,252.33,2026-02-23 06:00:00,0,252.33,False,,-0.5265271983171604
432,346.34,2026-02-23 07:00:00,1,346.34,False,,-0.19290658554411624
369,271.07,2026-02-23 08:00:00,0,271.07,False,,-0.46002309999393054
369,183.87,2026-02-23 09:00:00,1,183.87,False,328.3442857142857,-0.7694765350945524
196,397.66,2026-02-23 10:00:00,0,397.66,False,,-0.010783302409208766
400,62.9,2026-02-23 11:00:00,0,62.9,False,,-1.198772200738156
190,164.03,2026-02-23 12:00:00,0,164.03,False,,-0.8398842891357948
24,578.36,2026-02-23 13:00:00,0,578.36,False,,0.6304808687224699
453,85.57,2026-02-23 14:00:00,0,85.57,False,,-1.1183214051678452
117,333.17,2026-02-23 15:00:00,1,333.17,False,,-0.23964399082250132
50,236.38,2026-02-23 16:00:00,0,236.38,False,,-0.5831302062283408
310,218.14,2026-02-23 17:00:00,0,218.14,False,,-0.6478599155888378
116,617.41,2026-02-23 18:00:00,0,617.41,False,,0.7690606467119111
429,702.91,2026-02-23 19:00:00,0,702.91,False,,1.072481159339241
221,130.0,2026-02-23 20:00:00,0,130.0,False,,-0.9606492019393976
2,291.31,2026-02-23 21:00:00,1,291.31,False,345.94428571428574,-0.38819583478250175
475,44.99,2026-02-23 22:00:00,0,44.99,False,,-1.2623308133832494
257,593.27,2026-02-23 23:00:00,1,593.27,False,,0.6833931475911655
131,319.91,2026-02-24 00:00:00,1,319.91,False,,-0.28670078611417843
338,79.49,2026-02-24 01:00:00,0,79.49,False,,-1.1398979749546776
265,171.23,2026-02-24 02:00:00,1,171.23,False,,-0.8143330880724408
14,119.18,2026-02-24 03:00:00,0,119.18,False,,-0.999046979092938
379,162.58,2026-02-24 04:00:00,1,162.58,False,,-0.8450300171277203
200,50.51,2026-02-24 05:00:00,1,50.51,False,,-1.242741559234678
349,828.08,2026-02-24 06:00:00,1,828.08,False,,1.5166816922698014
447,134.74,2026-02-24 07:00:00,1,134.74,False,,-0.9438279945726895
305,332.56,2026-02-24 08:00:00,0,332.56,False,,-0.24180874535703553
335,453.71,2026-02-24 09:00:00,0,453.71,False,,0.18812570031315184
127,703.59,2026-02-24 10:00:00,1,703.59,False,,1.074894328328558
118,341.45,2026-02-24 11:00:00,0,341.45,False,,-0.2102601095996442
207,267.75,2026-02-24 12:00:00,1,267.75,False,,-0.4718050427064771
426,352.5,2026-02-24 13:00:00,0,352.5,False,,-0.17104611352324653
262,129.3,2026-02-24 14:00:00,0,129.3,False,,-0.9631333464872237
174,139.45,2026-02-24 15:00:00,0,139.45,False,,-0.9271132505437454
389,262.76,2026-02-24 16:00:00,1,262.76,False,,-0.48951344455455176
426,30.96,2026-02-24 17:00:00,0,30.96,False,,-1.3121201676775351
451,187.31,2026-02-24 18:00:00,0,187.31,False,,-0.7572687390309499
149,224.49,2026-02-24 19:00:00,1,224.49,False,,-0.6253251757621296
354,1111.86,2026-02-24 20:00:00,0,1111.86,False,,2.523753891958499
295,766.43,2026-02-24 21:00:00,0,766.43,False,,1.2978995331648315
224,452.51,2026-02-24 22:00:00,0,452.51,False,,0.18386716680259285
198,603.67,2026-02-24 23:00:00,0,603.67,False,,0.7203004380160103
57,138.34,2026-02-25 00:00:00,0,138.34,False,,-0.9310523940410126
137,359.75,2026-02-25 01:00:00,1,359.75,False,,-0.14531747356361913
274,552.41,2026-02-25 02:00:00,0,552.41,False,,0.5383900815566309
443,139.53,2026-02-25 03:00:00,0,139.53,False,,-0.926829348309708
433,83.02,2026-02-25 04:00:00,0,83.02,False,,-1.1273707888777833
93,418.35,2026-02-25 05:00:00,0,418.35,False,,0.06264091286867961
339,93.22,2026-02-25 06:00:00,0,93.22,False,,-1.0911732540380317
42,482.87,2026-02-25 07:00:00,1,482.87,False,540.9914285714286,0.29160806461973604
337,695.36,2026-02-25 08:00:00,1,695.36,False,,1.045687886001974
170,143.72,2026-02-25 09:00:00,0,143.72,False,,-0.9119599688020064
224,154.18,2026-02-25 10:00:00,0,154.18,False,348.97285714285715,-0.8748397517016334
358,681.4,2026-02-25 11:00:00,1,681.4,False,,0.9961469461624707
212,342.86,2026-02-25 12:00:00,0,342.86,False,,-0.20525633272473726
403,619.99,2026-02-25 13:00:00,0,619.99,False,,0.7782164937596131
266,270.59,2026-02-25 14:00:00,0,270.59,False,,-0.4617265133981542
499,287.11,2026-02-25 15:00:00,0,287.11,False,,-0.40310070206945825
319,336.07,2026-02-25 16:00:00,1,336.07,False,,-0.22935253483865042
148,964.8,2026-02-25 17:00:00,1,964.8,False,,2.001870610239492
387,586.74,2026-02-25 18:00:00,0,586.74,False,,0.6602196277378737
203,181.94,2026-02-25 19:00:00,0,181.94,False,,-0.7763256764907015
267,379.53,2026-02-25 20:00:00,0,379.53,False,,-0.07512264619790476
68,255.6,2026-02-25 21:00:00,1,255.6,False,,-0.5149226945008872
59,218.14,2026-02-25 22:00:00,0,218.14,False,257.9157142857143,-0.6478599155888378
287,473.21,2026-02-25 23:00:00,0,473.21,False,,0.25732686985973585
93,406.08,2026-02-26 00:00:00,1,406.08,False,,0.019097407723213524
498,145.27,2026-02-26 01:00:00,1,145.27,False,,-0.906459363017534
427,336.72,2026-02-26 02:00:00,0,336.72,False,,-0.2270458291870975
350,212.53,2026-02-26 03:00:00,0,212.53,False,,-0.6677685597507013
367,451.9,2026-02-26 04:00:00,0,451.9,False,,0.18170241226805864
297,204.64,2026-02-26 05:00:00,1,204.64,False,,-0.6957684175826269
30,288.5,2026-02-26 06:00:00,1,288.5,False,,-0.3981679007530608
196,223.19,2026-02-26 07:00:00,1,223.19,False,,-0.6299385870652353
247,60.36,2026-02-26 08:00:00,0,60.36,False,,-1.2077860966688392
457,933.04,2026-02-26 09:00:00,0,933.04,False,,1.8891614233266967
109,333.89,2026-02-26 10:00:00,0,333.89,False,,-0.237088870716166
248,954.73,2026-02-26 11:00:00,0,954.73,False,,1.9661344165300512
172,345.52,2026-02-26 12:00:00,0,345.52,False,,-0.1958165834429982
67,534.96,2026-02-26 13:00:00,0,534.96,False,,0.47646390675725214
51,192.58,2026-02-26 14:00:00,0,192.58,False,,-0.7385666793637449
182,196.76,2026-02-26 15:00:00,1,196.76,False,,-0.7237327876352977
41,319.77,2026-02-26 16:00:00,1,319.77,False,,-0.2871976150237438
33,949.04,2026-02-26 17:00:00,0,949.04,False,,1.9459418701341502
175,149.99,2026-02-26 18:00:00,0,149.99,False,,-0.8897091312093353
100,44.78,2026-02-26 19:00:00,1,44.78,False,,-1.2630760567475972
277,670.63,2026-02-26 20:00:00,0,670.63,False,503.24000000000007,0.9579266079052036
8,558.26,2026-02-26 21:00:00,0,558.26,False,,0.5591504324206062
150,233.78,2026-02-26 22:00:00,1,233.78,False,,-0.592357028834552
226,1198.15,2026-02-26 23:00:00,0,1198.15,False,,2.829977939146948
481,1232.31,2026-02-27 00:00:00,0,1232.31,False,,2.951204193080861
317,55.62,2026-02-27 01:00:00,1,55.62,False,,-1.2246073040355474
440,188.71,2026-02-27 02:00:00,1,188.71,False,,-0.7523004499352977
171,318.0,2026-02-27 03:00:00,0,318.0,False,,-0.2934789519518183
224,443.04,2026-02-27 04:00:00,1,443.04,False,340.2657142857143,0.15026023984843137
210,396.02,2026-02-27 05:00:00,0,396.02,False,,-0.01660329820697291
443,332.93,2026-02-27 06:00:00,1,332.93,False,,-0.24049569752461314
479,129.8,2026-02-27 07:00:00,1,129.8,False,390.01714285714286,-0.9613589575244907
481,483.58,2026-02-27 08:00:00,1,483.58,False,350.5957142857143,0.29412769694681673
375,503.3,2026-02-27 09:00:00,1,503.3,False,,0.36410959763700335
251,638.5,2026-02-27 10:00:00,1,638.5,False,,0.8439043731599859
270,113.09,2026-02-27 11:00:00,0,113.09,False,,-1.0206590366590251
490,279.78,2026-02-27 12:00:00,1,279.78,False,,-0.4291132442631231
142,224.45,2026-02-27 13:00:00,0,224.45,False,,-0.6254671268791484
173,111.04,2026-02-27 14:00:00,0,111.04,False,,-1.02793403140623
448,276.28,2026-02-27 15:00:00,0,276.28,False,,-0.44153396700225356
193,135.99,2026-02-27 16:00:00,0,135.99,False,,-0.9393920221658572
117,93.7,2026-02-27 17:00:00,1,93.7,False,,-1.089469840633808
280,563.31,2026-02-27 18:00:00,0,563.31,False,,0.5770717609442086
162,232.75,2026-02-27 19:00:00,0,232.75,False,,-0.5960122700977818
445,180.88,2026-02-27 20:00:00,0,180.88,False,,-0.7800873810916953
454,747.54,2026-02-27 21:00:00,1,747.54,False,,1.2308631181527818
153,514.03,2026-02-27 22:00:00,1,514.03,False,,0.40218798477725176
264,39.09,2026-02-27 23:00:00,1,39.09,False,,-1.2832686031434979
491,445.16,2026-02-28 00:00:00,0,445.16,True,,0.157783649050419
371,443.62,2026-02-28 01:00:00,1,443.62,True,,0.15231853104520152
107,267.18,2026-02-28 02:00:00,0,267.18,True,,-0.47382784612399265
295,259.15,2026-02-28 03:00:00,0,259.15,True,,-0.5023245328654835
309,68.59,2026-02-28 04:00:00,1,68.59,True,,-1.1785796543422553
326,1189.12,2026-02-28 05:00:00,0,1189.12,True,,2.7979324744799907
12,275.43,2026-02-28 06:00:00,1,275.43,True,,-0.4445504282388994
149,427.79,2026-02-28 07:00:00,0,427.79,True,,0.0961413764850772
427,287.67,2026-02-28 08:00:00,1,287.67,True,322.8014285714286,-0.40111338643119737
120,183.51,2026-02-28 09:00:00,0,183.51,True,,-0.7707540951477202
149,593.89,2026-02-28 10:00:00,1,593.89,True,,0.6855933899049543
161,370.95,2026-02-28 11:00:00,0,370.95,True,,-0.10557116079840169
88,277.28,2026-02-28 12:00:00,1,277.28,True,,-0.4379851890767877
77,424.45,2026-02-28 13:00:00,1,424.45,True,,0.08428845821402116
173,308.9,2026-02-28 14:00:00,0,308.9,True,,-0.3257728310735576
437,998.23,2026-02-28 15:00:00,0,998.23,True,,2.1205062562878156
0,579.95,2026-02-28 16:00:00,1,579.95,True,,0.6361234256239606
141,475.6,2026-02-28 17:00:00,0,475.6,True,,0.2658084491015994
30,77.89,2026-02-28 18:00:00,0,77.89,True,,-1.145576019635423
280,487.49,2026-02-28 19:00:00,1,487.49,True,,0.30800341863538827
125,478.87,2026-02-28 20:00:00,0,478.87,True,,0.27741295291787266
395,138.26,2026-02-28 21:00:00,1,138.26,True,,-0.9313362962750498
292,75.98,2026-02-28 22:00:00,1,75.98,True,,-1.1523541854730626
391,563.47,2026-02-28 23:00:00,0,563.47,True,,0.5776395654122835
317,613.17,2026-03-01 00:00:00,0,613.17,True,310.29714285714283,0.7540138283079358
219,197.63,2026-03-01 01:00:00,1,197.63,True,,-0.7206453508401424
430,190.11,2026-03-01 02:00:00,1,190.11,True,,-0.7473321608396455
238,366.2,2026-03-01 03:00:00,1,366.2,True,,-0.12242785594436446
474,232.13,2026-03-01 04:00:00,1,232.13,True,,-0.5982125124115706
497,74.19,2026-03-01 05:00:00,0,74.19,True,,-1.1587064979596466
294,136.8,2026-03-01 06:00:00,0,136.8,True,,-0.9365175120462298
337,416.48,2026-03-01 07:00:00,1,416.48,True,,0.05600469814805846
127,144.04,2026-03-01 08:00:00,1,144.04,True,,-0.9108243598658571
407,634.64,2026-03-01 09:00:00,0,634.64,True,,0.8302060903676877
335,473.36,2026-03-01 10:00:00,0,473.36,True,,0.2578591865485559
451,428.73,2026-03-01 11:00:00,0,428.73,True,,0.09947722773501509
133,360.48,2026-03-01 12:00:00,1,360.48,True,,-0.142726865678029
393,176.39,2026-03-01 13:00:00,0,176.39,True,,-0.796021393977037
235,520.26,2026-03-01 14:00:00,0,520.26,True,,0.42429687125290405
92,172.03,2026-03-01 15:00:00,0,172.03,True,,-0.8114940657320681
85,659.16,2026-03-01 16:00:00,1,659.16,True,,0.9172221251001101
281,896.04,2026-03-01 17:00:00,1,896.04,True,,1.7578566400844602
159,369.31,2026-03-01 18:00:00,1,369.31,True,,-0.11139115659616562
50,817.98,2026-03-01 19:00:00,1,817.98,True,,1.4808390352225962
213,138.57,2026-03-01 20:00:00,1,138.57,True,,-0.9302361751181554
326,477.17,2026-03-01 21:00:00,0,477.17,True,,0.27138003044458076
159,326.56,2026-03-01 22:00:00,1,326.56,True,,-0.26310141290983063
477,570.23,2026-03-01 23:00:00,1,570.23,True,,0.6016293041884325
389,41.99,2026-03-02 00:00:00,1,41.99,False,,-1.272977147159647
256,546.8,2026-03-02 01:00:00,0,546.8,False,,0.5184814373947675
467,191.22,2026-03-02 02:00:00,0,191.22,False,,-0.7433930173423784
216,338.97,2026-03-02 03:00:00,0,338.97,False,333.5057142857143,-0.21906107885479936
69,1175.76,2026-03-02 04:00:00,0,1175.76,False,,2.7505208013957674
17,488.61,2026-03-02 05:00:00,1,488.61,False,,0.31197804991191
469,443.77,2026-03-02 06:00:00,0,443.77,False,,0.15285084773402133
479,418.07,2026-03-02 07:00:00,0,418.07,False,330.67571428571426,0.06164725504954907
369,706.71,2026-03-02 08:00:00,0,706.71,False,350.71000000000004,1.0859665154560114
51,583.89,2026-03-02 09:00:00,1,583.89,False,,0.6501056106502959
146,421.45,2026-03-02 10:00:00,0,421.45,False,,0.07364212443762362
20,384.29,2026-03-02 11:00:00,0,384.29,False,,-0.05823046327268717
25,365.63,2026-03-02 12:00:00,0,365.63,False,,-0.12445065936187998
123,313.0,2026-03-02 13:00:00,1,313.0,False,,-0.31122284157914754
286,111.26,2026-03-02 14:00:00,0,111.26,False,,-1.0271533002626276
32,481.2,2026-03-02 15:00:00,0,481.2,False,,0.285681605484208
492,207.73,2026-03-02 16:00:00,1,207.73,False,,-0.6848026937929373
227,284.42,2026-03-02 17:00:00,0,284.42,False,,-0.41264691468896136
131,611.46,2026-03-02 18:00:00,0,611.46,False,,0.7479454180553895
258,318.69,2026-03-02 19:00:00,1,318.69,False,,-0.29103029518324686
395,299.96,2026-03-02 20:00:00,0,299.96,False,,-0.35749890572722226
156,370.15,2026-03-02 21:00:00,1,370.15,False,,-0.1084101831387744
23,256.5,2026-03-02 22:00:00,1,256.5,False,,-0.5117287943679679
25,1159.18,2026-03-02 23:00:00,0,1159.18,False,,2.6916820633915437
425,1055.7,2026-03-03 00:00:00,0,1055.7,False,,2.324454523664338
55,1037.56,2026-03-03 01:00:00,1,1037.56,False,,2.260079692096387
317,419.08,2026-03-03 02:00:00,0,419.08,False,352.91428571428565,0.06523152075426955
192,196.77,2026-03-03 03:00:00,0,196.77,False,,-0.7236972998560429
388,622.86,2026-03-03 04:00:00,1,622.86,False,,0.7884014864057001
30,258.08,2026-03-03 05:00:00,0,258.08,False,,-0.506121725245732
448,660.87,2026-03-03 06:00:00,0,660.87,False,,0.9232905353526569
349,189.04,2026-03-03 07:00:00,0,189.04,False,,-0.751129353219894
224,441.19,2026-03-03 08:00:00,1,441.19,False,353.76714285714286,0.1436950006863195
103,725.42,2026-03-03 09:00:00,1,725.42,False,,1.1523641504414772
488,269.69,2026-03-03 10:00:00,1,269.69,False,,-0.4649204135310734
151,268.92,2026-03-03 11:00:00,1,268.92,False,,-0.46765297253368204
245,84.42,2026-03-03 12:00:00,1,84.42,False,,-1.122402499782131
197,194.04,2026-03-03 13:00:00,1,194.04,False,,-0.7333854635925647
115,413.16,2026-03-03 14:00:00,0,413.16,False,,0.04422275543551187
208,459.52,2026-03-03 15:00:00,1,459.52,False,384.06,0.2087441000601084
75,508.32,2026-03-03 16:00:00,1,508.32,False,,0.3819244628228418
0,53.89,2026-03-03 17:00:00,0,53.89,False,,-1.2307466898466033
144,259.07,2026-03-03 18:00:00,1,259.07,False,,-0.5026084350995207
56,95.09,2026-03-03 19:00:00,0,95.09,False,,-1.0845370393174105
207,398.14,2026-03-03 20:00:00,1,398.14,False,,-0.009079889004985296
431,68.7,2026-03-03 21:00:00,0,68.7,False,,-1.1781892887704541
81,124.31,2026-03-03 22:00:00,1,124.31,False,,-0.9808417483352982
0,576.97,2026-03-03 23:00:00,1,576.97,False,,0.6255480674060724
55,213.39,2026-03-04 00:00:00,1,213.39,False,,-0.6647166107348006
254,822.65,2026-03-04 01:00:00,0,822.65,False,,1.4974118281345217
137,517.76,2026-03-04 02:00:00,0,517.76,False,,0.4154249264392394
244,270.89,2026-03-04 03:00:00,1,270.89,False,,-0.4606618800205144
14,640.89,2026-03-04 04:00:00,1,640.89,False,,0.8523859524018492
166,289.37,2026-03-04 05:00:00,1,289.37,False,,-0.39508046395790547
205,554.32,2026-03-04 06:00:00,0,554.32,False,,0.545168247394271
215,185.98,2026-03-04 07:00:00,1,185.98,False,,-0.7619886136718195
275,666.55,2026-03-04 08:00:00,0,666.55,False,,0.9434475939693028
390,75.95,2026-03-04 09:00:00,0,75.95,False,,-1.1524606488108267
233,124.14,2026-03-04 10:00:00,0,124.14,False,,-0.9814450405826275
420,144.98,2026-03-04 11:00:00,0,144.98,False,252.48857142857145,-0.9074885086159192
264,203.16,2026-03-04 12:00:00,1,203.16,False,,-0.7010206089123162
130,423.94,2026-03-04 13:00:00,1,423.94,False,,0.08247858147203362
114,331.85,2026-03-04 14:00:00,0,331.85,False,,-0.2443283776841162
161,558.77,2026-03-04 15:00:00,1,558.77,False,,0.5609603091625938
298,732.26,2026-03-04 16:00:00,0,732.26,False,,1.1766377914516637
121,67.18,2026-03-04 17:00:00,0,67.18,False,,-1.1835834312171623
457,792.4,2026-03-04 18:00:00,0,792.4,False,,1.3900612958891798
239,284.39,2026-03-04 19:00:00,1,284.39,False,,-0.41275337802672546
431,1024.33,2026-03-04 20:00:00,0,1024.33,False,,2.213129360142474
341,178.93,2026-03-04 21:00:00,1,178.93,False,,-0.7870074980463537
166,47.08,2026-03-04 22:00:00,0,47.08,False,,-1.2549138675190257
114,521.87,2026-03-04 23:00:00,0,521.87,False,,0.4300104037129041
371,499.2,2026-03-05 00:00:00,1,499.2,False,,0.3495596081425933
165,127.29,2026-03-05 01:00:00,1,127.29,False,,-0.97026639011741
123,139.61,2026-03-05 02:00:00,0,139.61,False,,-0.9265454460756708
465,588.05,2026-03-05 03:00:00,0,588.05,False,,0.6648685268202337
241,438.83,2026-03-05 04:00:00,1,438.83,False,,0.13531988478222004
24,262.35,2026-03-05 05:00:00,1,262.35,False,,-0.4909684435039926
247,471.2,2026-03-05 06:00:00,0,471.2,False,,0.25019382622954955
230,407.78,2026-03-05 07:00:00,0,407.78,False,,0.025130330196505426
431,153.58,2026-03-05 08:00:00,0,153.58,False,,-0.8769690184569129
355,618.69,2026-03-05 09:00:00,0,618.69,False,,0.7736030824565077
95,538.2,2026-03-05 10:00:00,1,538.2,False,,0.48796194723576153
75,337.61,2026-03-05 11:00:00,0,337.61,False,,-0.22388741683343297
301,588.32,2026-03-05 12:00:00,1,588.32,False,,0.6658266968601099
23,1108.98,2026-03-05 13:00:00,1,1108.98,False,,2.513533411533158
159,138.08,2026-03-05 14:00:00,0,138.08,False,,-0.9319750763016337
69,271.84,2026-03-05 15:00:00,1,271.84,False,510.7457142857143,-0.4572905409913219
10,282.59,2026-03-05 16:00:00,1,282.59,False,,-0.41914117829256403
459,579.41,2026-03-05 17:00:00,0,579.41,False,,0.6342070855442088
44,201.05,2026-03-05 18:00:00,0,201.05,False,,-0.7085085303350491
4,557.12,2026-03-05 19:00:00,0,557.12,False,,0.5551048255855752
466,221.55,2026-03-05 20:00:00,0,221.55,False,,-0.6357585828629992
94,123.58,2026-03-05 21:00:00,0,123.58,False,,-0.9834323562208884
408,352.85,2026-03-05 22:00:00,1,352.85,False,,-0.1698040412493334
15,217.56,2026-03-05 23:00:00,0,217.56,False,,-0.649918206785608
76,379.5,2026-03-06 00:00:00,0,379.5,False,,-0.07522910953566865
55,448.39,2026-03-06 01:00:00,1,448.39,False,,0.16924620174967356
353,72.76,2026-03-06 02:00:00,0,72.76,False,,-1.1637812503930627
310,238.84,2026-03-06 03:00:00,0,238.84,False,,-0.5744002125316947
237,353.07,2026-03-06 04:00:00,0,353.07,False,,-0.16902331010573102
120,590.06,2026-03-06 05:00:00,1,590.06,False,,0.6720015704504201
44,540.97,2026-03-06 06:00:00,1,540.97,False,,0.4977920620893019
284,165.52,2026-03-06 07:00:00,1,165.52,False,,-0.8345966100268507
115,293.62,2026-03-06 08:00:00,1,293.62,False,,-0.3799981577746756
295,465.22,2026-03-06 09:00:00,0,465.22,False,449.42,0.2289721342352639
343,277.94,2026-03-06 10:00:00,0,277.94,False,,-0.43564299564598014
424,180.01,2026-03-06 11:00:00,1,180.01,False,,-0.7831748178868506
246,322.24,2026-03-06 12:00:00,0,322.24,False,,-0.2784321335478431
2,434.31,2026-03-06 13:00:00,1,434.31,False,371.92857142857144,0.11927940855911447
140,151.64,2026-03-06 14:00:00,1,151.64,False,,-0.8838536476323168
426,501.44,2026-03-06 15:00:00,1,501.44,False,,0.3575088706956368
266,368.75,2026-03-06 16:00:00,0,368.75,False,,-0.11337847223442651
309,514.3,2026-03-06 17:00:00,1,514.3,False,,0.40314615481712746
228,316.79,2026-03-06 18:00:00,0,316.79,False,,-0.2977729732416319
81,1000.8,2026-03-06 19:00:00,0,1000.8,False,,2.1296266155562624
448,428.29,2026-03-06 20:00:00,1,428.29,False,,0.09791576544781012
386,555.44,2026-03-06 21:00:00,0,555.44,False,,0.5491428786707928
497,500.02,2026-03-06 22:00:00,0,500.02,False,,0.35246960604147526
427,290.65,2026-03-06 23:00:00,1,290.65,False,345.52857142857147,-0.3905380282133093
145,401.05,2026-03-07 00:00:00,0,401.05,True,,0.0012470547581204087
127,205.04,2026-03-07 01:00:00,0,205.04,True,,-0.6943489064124404
124,953.46,2026-03-07 02:00:00,0,953.46,True,,1.9616274685647095
459,462.72,2026-03-07 03:00:00,1,462.72,True,,0.22010018942159928
278,170.9,2026-03-07 04:00:00,1,170.9,True,,-0.8155041847878445
227,813.35,2026-03-07 05:00:00,1,813.35,True,,1.4644081934276894
484,302.25,2026-03-07 06:00:00,0,302.25,True,290.79571428571427,-0.3493722042779054
301,610.11,2026-03-07 07:00:00,0,610.11,True,,0.7431545678560105
454,70.65,2026-03-07 08:00:00,0,70.65,True,,-1.1712691718157955
492,716.26,2026-03-07 09:00:00,0,716.26,True,,1.1198573446442102
39,449.3,2026-03-07 10:00:00,0,449.3,True,,0.17247558966184756
180,159.17,2026-03-07 11:00:00,0,159.17,True,,-0.8571313498535589
367,443.73,2026-03-07 12:00:00,1,443.73,True,,0.15270889661700282
406,891.05,2026-03-07 13:00:00,1,891.05,True,,1.7401482382363855
74,210.15,2026-03-07 14:00:00,0,210.15,True,,-0.6762146512133099
159,207.83,2026-03-07 15:00:00,0,207.83,True,,-0.6844478160003906
274,287.25,2026-03-07 16:00:00,0,287.25,True,,-0.4026038731598931
399,350.61,2026-03-07 17:00:00,0,350.61,True,,-0.17775330380237694
56,637.59,2026-03-07 18:00:00,0,637.59,True,,0.840674985247812
300,467.14,2026-03-07 19:00:00,1,467.14,True,,0.2357857878521582
148,287.06,2026-03-07 20:00:00,0,287.06,True,,-0.4032781409657316
108,413.61,2026-03-07 21:00:00,1,413.61,True,,0.04581970550197146
257,987.7,2026-03-07 22:00:00,0,987.7,True,482.9642857142857,2.08313762473266
207,524.88,2026-03-07 23:00:00,1,524.88,True,,0.4406922252685563
317,311.13,2026-03-08 00:00:00,1,311.13,True,326.11857142857144,-0.3178590562997687
158,280.58,2026-03-08 01:00:00,1,280.58,True,,-0.42627422192275033
411,396.16,2026-03-08 02:00:00,1,396.16,True,,-0.016106469297407538
39,632.3,2026-03-08 03:00:00,0,632.3,True,,0.8219019500220974
430,186.24,2026-03-08 04:00:00,0,186.24,True,,-0.7610659314111984
14,574.66,2026-03-08 05:00:00,1,574.66,True,,0.617350390398246
367,306.41,2026-03-08 06:00:00,1,306.41,True,,-0.33460928810796736
173,341.55,2026-03-08 07:00:00,1,341.55,True,,-0.20990523180709753
191,1509.75,2026-03-08 08:00:00,0,1509.75,True,,3.935777140722106
9,535.35,2026-03-08 09:00:00,0,535.35,True,,0.4778479301481838
351,223.15,2026-03-08 10:00:00,0,223.15,True,,-0.630080538182254
82,448.37,2026-03-08 11:00:00,0,448.37,True,531.0400000000001,0.1691752261911643
329,653.83,2026-03-08 12:00:00,0,653.83,True,,0.8983071387573774
362,539.41,2026-03-08 13:00:00,0,539.41,True,,0.4922559685255749
422,37.95,2026-03-08 14:00:00,1,37.95,True,,-1.2873142099785289
354,331.11,2026-03-08 15:00:00,1,331.11,True,,-0.24695447334896098
150,462.3,2026-03-08 16:00:00,0,462.3,True,,0.21860970269290358
369,436.39,2026-03-08 17:00:00,1,436.39,True,368.0914285714286,0.12666086664408338
412,237.94,2026-03-08 18:00:00,1,237.94,True,,-0.577594112664614
158,545.78,2026-03-08 19:00:00,1,545.78,True,381.4814285714286,0.5148616839107923
62,718.32,2026-03-08 20:00:00,1,718.32,True,,1.12716782717067
445,75.24,2026-03-08 21:00:00,1,75.24,True,,-1.1549802811379075
73,68.01,2026-03-08 22:00:00,0,68.01,True,,-1.1806379455390255
296,445.58,2026-03-08 23:00:00,0,445.58,True,,0.1592741357791145
118,576.94,2026-03-09 00:00:00,0,576.94,False,,0.6254416040683085
63,210.89,2026-03-09 01:00:00,1,210.89,False,,-0.6735885555484653
388,40.81,2026-03-09 02:00:00,1,40.81,False,,-1.2771647051116966
71,335.24,2026-03-09 03:00:00,1,335.24,False,,-0.23229802051678702
335,441.04,2026-03-09 04:00:00,0,441.04,False,528.72,0.14316268399749968
346,269.63,2026-03-09 05:00:00,1,269.63,False,,-0.46513334020660135
30,664.77,2026-03-09 06:00:00,1,664.77,False,,0.9371307692619736
86,422.24,2026-03-09 07:00:00,0,422.24,False,,0.07644565899874171
397,192.68,2026-03-09 08:00:00,1,192.68,False,,-0.7382118015711983
253,209.54,2026-03-09 09:00:00,1,209.54,False,,-0.6783794057478442
60,340.68,2026-03-09 10:00:00,1,340.68,False,,-0.21299266860225283
495,255.58,2026-03-09 11:00:00,1,255.58,False,,-0.5149936700593964
132,63.39,2026-03-09 12:00:00,1,63.39,False,,-1.1970332995546777
2,396.76,2026-03-09 13:00:00,0,396.76,False,333.07857142857137,-0.01397720254212815
462,214.08,2026-03-09 14:00:00,1,214.08,False,482.71999999999997,-0.6622679539662292
8,244.59,2026-03-09 15:00:00,1,244.59,False,,-0.5539947394602661
276,136.96,2026-03-09 16:00:00,1,136.96,False,,-0.9359497075781554
496,906.31,2026-03-09 17:00:00,0,906.31,False,,1.7943025893789943
288,513.75,2026-03-09 18:00:00,1,513.75,False,,0.4011943269581214
292,1053.81,2026-03-09 19:00:00,0,1053.81,False,,2.317747333385207
194,268.58,2026-03-09 20:00:00,0,268.58,False,,-0.46885955702834053
63,534.05,2026-03-09 21:00:00,1,534.05,False,,0.47323451884507794
286,401.77,2026-03-09 22:00:00,0,401.77,False,,0.0038021748644557142
448,199.01,2026-03-09 23:00:00,0,199.01,False,,-0.7157480373029995
45,266.45,2026-03-10 00:00:00,1,266.45,False,281.25142857142856,-0.47641845400958277
440,513.09,2026-03-10 01:00:00,1,513.09,False,,0.398852133527314
207,136.78,2026-03-10 02:00:00,1,136.78,False,409.3457142857143,-0.9365884876047391
268,669.19,2026-03-10 03:00:00,1,669.19,False,,0.952816367692533
82,378.26,2026-03-10 04:00:00,0,378.26,False,427.9414285714285,-0.07962959416324633
310,611.11,2026-03-10 05:00:00,0,611.11,False,,0.7467033457814763
91,442.28,2026-03-10 06:00:00,1,442.28,False,,0.14756316862507718
136,75.86,2026-03-10 07:00:00,0,75.86,False,,-1.1527800388241185
360,331.29,2026-03-10 08:00:00,0,331.29,False,,-0.2463156933223771
25,678.92,2026-03-10 09:00:00,0,678.92,False,,0.9873459769073153
223,374.22,2026-03-10 10:00:00,0,374.22,False,,-0.09396665698212822
297,337.68,2026-03-10 11:00:00,0,337.68,False,,-0.22363900237865036
66,373.96,2026-03-10 12:00:00,1,373.96,False,,-0.09488933924274952
147,58.03,2026-03-10 13:00:00,1,58.03,False,,-1.2160547492351745
171,726.02,2026-03-10 14:00:00,1,726.02,False,,1.154493417196757
331,28.96,2026-03-10 15:00:00,0,28.96,False,,-1.319217723528467
488,827.3,2026-03-10 16:00:00,1,827.3,False,,1.5139136454879378
418,253.86,2026-03-10 17:00:00,1,253.86,False,,-0.5210975680911977
94,464.27,2026-03-10 18:00:00,1,464.27,False,,0.22560079520607118
9,52.48,2026-03-10 19:00:00,0,52.48,False,,-1.23575046672151
25,572.7,2026-03-10 20:00:00,1,572.7,False,507.0585714285714,0.6103947856643333
297,507.84,2026-03-10 21:00:00,0,507.84,False,,0.3802210494186182
78,486.67,2026-03-10 22:00:00,1,486.67,False,,0.3050934207365063
115,49.74,2026-03-10 23:00:00,1,49.74,False,,-1.2454741182372866
423,177.12,2026-03-11 00:00:00,0,177.12,False,,-0.7934307860914469
436,443.93,2026-03-11 01:00:00,0,443.93,False,,0.15341865220209594
419,712.96,2026-03-11 02:00:00,0,712.96,False,,1.108146377490173
126,155.01,2026-03-11 03:00:00,1,155.01,False,,-0.8718942660234968
309,158.85,2026-03-11 04:00:00,0,158.85,False,,-0.8582669587897079
305,423.51,2026-03-11 05:00:00,1,423.51,False,,0.08095260696408327
92,1423.96,2026-03-11 06:00:00,1,1423.96,False,,3.631327482496391
276,201.97,2026-03-11 07:00:00,1,201.97,False,,-0.7052436546436206
262,251.43,2026-03-11 08:00:00,0,251.43,False,,-0.5297210984500798
198,222.72,2026-03-11 09:00:00,0,222.72,False,,-0.6316065126902043
375,306.95,2026-03-11 10:00:00,1,306.95,False,,-0.3326929480282159
338,750.76,2026-03-11 11:00:00,0,750.76,False,,1.242290183072782
266,319.5,2026-03-11 12:00:00,0,319.5,False,,-0.2881557850636195
362,1512.22,2026-03-11 13:00:00,1,1512.22,False,,3.9445426221980067
381,364.4,2026-03-11 14:00:00,0,364.4,False,,-0.12881565621020302
283,799.08,2026-03-11 15:00:00,0,799.08,False,,1.413767132431292
133,266.51,2026-03-11 16:00:00,1,266.51,False,,-0.4762055273340548
379,111.58,2026-03-11 17:00:00,1,111.58,False,,-1.0260176913264787
358,319.1,2026-03-11 18:00:00,0,319.1,False,,-0.2895752962338058
491,491.76,2026-03-11 19:00:00,1,491.76,False,,0.32315670037712735
74,178.49,2026-03-11 20:00:00,1,178.49,False,,-0.7885689603335586
209,717.04,2026-03-11 21:00:00,1,717.04,False,,1.1226253914260735
462,231.63,2026-03-11 22:00:00,1,231.63,False,419.3142857142857,-0.5999869013743035
257,137.01,2026-03-11 23:00:00,1,137.01,False,475.5942857142857,-0.9357722686818821
471,1331.81,2026-03-12 00:00:00,0,1331.81,False,,3.304307596664713
6,170.5,2026-03-12 01:00:00,1,170.5,False,,-0.8169236959580308
17,226.11,2026-03-12 02:00:00,1,226.11,False,,-0.6195761555228749
398,549.08,2026-03-12 03:00:00,0,549.08,False,,0.52657265106483
179,259.33,2026-03-12 04:00:00,0,259.33,False,,-0.5016857528388996
260,141.6,2026-03-12 05:00:00,1,141.6,False,,-0.9194833780039939
214,208.19,2026-03-12 06:00:00,1,208.19,False,,-0.683170255947223
203,1099.45,2026-03-12 07:00:00,1,1099.45,False,,2.4797135579034686
469,504.04,2026-03-12 08:00:00,1,504.04,False,,0.3667356933018481
47,574.68,2026-03-12 09:00:00,0,574.68,False,476.15142857142854,0.6174213659567553
386,408.77,2026-03-12 10:00:00,0,408.77,False,500.9557142857143,0.02864362034271665
444,459.84,2026-03-12 11:00:00,1,459.84,False,,0.20987970899625746
328,243.97,2026-03-12 12:00:00,1,243.97,False,,-0.556194981774055
197,372.54,2026-03-12 13:00:00,0,372.54,False,,-0.09992860389691087
80,44.72,2026-03-12 14:00:00,1,44.72,False,,-1.2632889834231251
341,649.87,2026-03-12 15:00:00,0,649.87,False,,0.8842539781725326
234,242.19,2026-03-12 16:00:00,0,242.19,False,,-0.5625118064813842
74,121.1,2026-03-12 17:00:00,1,121.1,False,,-0.9922333254760438
179,388.35,2026-03-12 18:00:00,0,388.35,False,,-0.043822424895295815
480,290.18,2026-03-12 19:00:00,1,290.18,False,348.7528571428571,-0.3922059538382781
132,634.3,2026-03-12 20:00:00,1,634.3,False,,0.8289995058730292
89,324.46,2026-03-12 21:00:00,0,324.46,False,,-0.270553846553309
340,204.45,2026-03-12 22:00:00,0,204.45,False,,-0.6964426853884653
99,330.43,2026-03-12 23:00:00,1,330.43,False,,-0.24936764233827777
459,860.06,2026-03-13 00:00:00,0,860.06,False,,1.630171610326199
429,648.59,2026-03-13 01:00:00,0,648.59,False,,0.8797115424279364
491,503.13,2026-03-13 02:00:00,0,503.13,False,,0.3635063053896741
456,667.67,2026-03-13 03:00:00,0,667.67,False,,0.9474222252458245
121,530.4,2026-03-13 04:00:00,0,530.4,False,,0.46028147941712766
106,159.85,2026-03-13 05:00:00,0,159.85,False,,-0.8547181808642421
171,577.87,2026-03-13 06:00:00,0,577.87,False,,0.6287419675389916
234,721.47,2026-03-13 07:00:00,1,721.47,False,,1.1383464776358874
439,748.72,2026-03-13 08:00:00,1,748.72,False,,1.2350506761048317
366,130.87,2026-03-13 09:00:00,0,130.87,False,,-0.9575617651442423
322,226.65,2026-03-13 10:00:00,0,226.65,False,,-0.6176598154431234
439,199.79,2026-03-13 11:00:00,0,199.79,False,,-0.7129799905211361
322,264.48,2026-03-13 12:00:00,0,264.48,False,,-0.48340954652275037
189,467.01,2026-03-13 13:00:00,1,467.01,False,,0.23532444672184766
206,381.22,2026-03-13 14:00:00,0,381.22,False,,-0.06912521150386729
258,381.3,2026-03-13 15:00:00,0,381.3,False,,-0.06884130926983008
44,100.1,2026-03-13 16:00:00,0,100.1,False,,-1.0667576619108265
370,219.77,2026-03-13 17:00:00,0,219.77,False,,-0.6420754075703284
326,785.65,2026-03-13 18:00:00,0,785.65,False,,1.3661070448922852
365,719.39,2026-03-13 19:00:00,0,719.39,False,,1.1309650195509182
266,320.34,2026-03-13 20:00:00,0,320.34,False,397.30428571428575,-0.28517481160622826
391,578.95,2026-03-13 21:00:00,1,578.95,False,,0.6325746476984948
474,437.71,2026-03-13 22:00:00,1,437.71,False,,0.13134525350569826
284,622.8,2026-03-13 23:00:00,1,622.8,False,,0.7881885597301719
222,596.36,2026-03-14 00:00:00,1,596.36,True,,0.6943588713808552
52,340.01,2026-03-14 01:00:00,1,340.01,True,,-0.215370349812315
389,505.29,2026-03-14 02:00:00,1,505.29,True,443.7557142857143,0.3711716657086804
451,458.34,2026-03-14 03:00:00,0,458.34,True,350.37857142857143,0.20455654210805868
349,346.78,2026-03-14 04:00:00,1,346.78,True,,-0.19134512325691128
432,293.2,2026-03-14 05:00:00,0,293.2,True,,-0.38148864450337133
430,1002.84,2026-03-14 06:00:00,1,1002.84,True,,2.136866122524213
399,347.1,2026-03-14 07:00:00,1,347.1,True,,-0.19020951432076202
251,554.72,2026-03-14 08:00:00,0,554.72,True,,0.5465877585644573
49,953.31,2026-03-14 09:00:00,0,953.31,True,,1.9610951518758895
1,504.71,2026-03-14 10:00:00,0,504.71,True,,0.36911337451191006
102,489.1,2026-03-14 11:00:00,0,489.1,True,,0.31371695109538833
215,348.6,2026-03-14 12:00:00,0,348.6,True,,-0.18488634743256327
371,464.16,2026-03-14 13:00:00,0,464.16,True,,0.2252104296342701
227,274.56,2026-03-14 14:00:00,1,274.56,True,,-0.44763786503405467
11,1637.26,2026-03-14 15:00:00,0,1637.26,True,,4.3882818139982565
105,102.43,2026-03-14 16:00:00,1,102.43,True,,-1.058489009344491
489,307.37,2026-03-14 17:00:00,0,307.37,True,,-0.33120246129952025
494,510.49,2026-03-14 18:00:00,1,510.49,True,,0.38962531092110275
188,489.4,2026-03-14 19:00:00,1,489.4,True,,0.3147815844730279
402,274.19,2026-03-14 20:00:00,0,274.19,True,,-0.4489509128664771
359,68.79,2026-03-14 21:00:00,0,68.79,True,,-1.177869898757162
465,119.51,2026-03-14 22:00:00,1,119.51,True,,-0.9978758823775344
443,400.78,2026-03-14 23:00:00,1,400.78,True,,0.00028888471824449274
314,48.24,2026-03-15 00:00:00,0,48.24,True,,-1.2507972851254854
197,535.57,2026-03-15 01:00:00,0,535.57,True,,0.4786286612917864
313,760.05,2026-03-15 02:00:00,1,760.05,True,,1.2752583300003595
159,601.94,2026-03-15 03:00:00,1,601.94,True,,0.7141610522049547
174,684.13,2026-03-15 04:00:00,0,684.13,True,,1.0058351098989926
304,50.51,2026-03-15 05:00:00,1,50.51,True,,-1.242741559234678
285,282.74,2026-03-15 06:00:00,1,282.74,True,,-0.41860886160374405
290,149.0,2026-03-15 07:00:00,1,149.0,True,,-0.8932224213555465
192,81.79,2026-03-15 08:00:00,0,81.79,True,,-1.1317357857261061
204,238.44,2026-03-15 09:00:00,0,238.44,True,,-0.5758197237018812
5,938.01,2026-03-15 10:00:00,1,938.01,True,,1.906798849616262
300,1108.32,2026-03-15 11:00:00,1,1108.32,True,,2.5111912181023506
287,166.8,2026-03-15 12:00:00,1,166.8,True,,-0.8300541742822544
467,365.57,2026-03-15 13:00:00,0,365.57,True,,-0.12466358603740793
252,459.54,2026-03-15 14:00:00,1,459.54,True,384.1242857142857,0.20881507561861787
233,284.34,2026-03-15 15:00:00,1,284.34,True,,-0.4129308169229988
33,796.38,2026-03-15 16:00:00,1,796.38,True,,1.404185432032534
98,241.39,2026-03-15 17:00:00,1,241.39,True,,-0.5653508288217569
169,209.82,2026-03-15 18:00:00,0,209.82,True,,-0.6773857479287136
188,174.7,2026-03-15 19:00:00,1,174.7,True,,-0.8020188286710743
181,282.78,2026-03-15 20:00:00,0,282.78,True,,-0.4184669104867255
197,15.55,2026-03-15 21:00:00,1,15.55,True,,-1.3668068355089638
384,293.38,2026-03-15 22:00:00,1,293.38,True,,-0.3808498644767875
65,382.27,2026-03-15 23:00:00,1,382.27,True,,-0.06539899468212831
166,400.1,2026-03-16 00:00:00,0,400.1,False,,-0.0021242842710721063
81,140.92,2026-03-16 01:00:00,1,140.92,False,,-0.9218965469933105
153,394.55,2026-03-16 02:00:00,1,394.55,False,,-0.0218200017574076
342,388.59,2026-03-16 03:00:00,0,388.59,False,,-0.04297071819318418
23,394.9,2026-03-16 04:00:00,0,394.9,False,,-0.020577929483494677
169,609.9,2026-03-16 05:00:00,0,609.9,False,,0.7424093244916625
11,135.57,2026-03-16 06:00:00,0,135.57,False,,-0.9408825088945529
477,287.0,2026-03-16 07:00:00,1,287.0,False,,-0.4034910676412595
363,63.82,2026-03-16 08:00:00,1,63.82,False,,-1.1955073250467274
121,571.82,2026-03-16 09:00:00,1,571.82,False,,0.6072718610899234
99,155.75,2026-03-16 10:00:00,1,155.75,False,,-0.869268170358652
49,674.59,2026-03-16 11:00:00,0,674.59,False,,0.9719797684900484
236,690.64,2026-03-16 12:00:00,1,690.64,False,,1.0289376541937751
376,309.2,2026-03-16 13:00:00,0,309.2,False,,-0.3247081976959178
292,296.87,2026-03-16 14:00:00,0,296.87,False,,-0.3684646295169116
440,93.64,2026-03-16 15:00:00,1,93.64,False,,-1.0896827673093359
171,356.85,2026-03-16 16:00:00,1,356.85,False,,-0.15560892954747002
139,606.29,2026-03-16 17:00:00,0,606.29,False,,0.7295982361807308
239,431.1,2026-03-16 18:00:00,0,431.1,False,,0.10788783141836918
101,860.48,2026-03-16 19:00:00,0,860.48,False,,1.6316620970548947
487,261.35,2026-03-16 20:00:00,0,261.35,False,,-0.4945172214294585
92,261.08,2026-03-16 21:00:00,0,261.08,False,,-0.4954753914693344
239,165.33,2026-03-16 22:00:00,0,165.33,False,,-0.8352708778326892
261,1243.17,2026-03-16 23:00:00,0,1243.17,False,,2.9897439213514203
28,92.76,2026-03-17 00:00:00,0,92.76,False,,-1.0928056918837459
234,576.73,2026-03-17 01:00:00,1,576.73,False,,0.6246963607039605
227,614.85,2026-03-17 02:00:00,0,614.85,False,417.26142857142855,0.7599757752227186
129,597.08,2026-03-17 03:00:00,0,597.08,False,,0.6969139914871906
63,177.72,2026-03-17 04:00:00,1,177.72,False,,-0.7913015193361674
22,309.06,2026-03-17 05:00:00,0,309.06,False,,-0.32520502660548295
4,520.81,2026-03-17 06:00:00,1,520.81,False,,0.4262486991119101
240,213.04,2026-03-17 07:00:00,1,213.04,False,,-0.6659586830087136
44,276.52,2026-03-17 08:00:00,1,276.52,False,,-0.4406822603001417
479,216.15,2026-03-17 09:00:00,0,216.15,False,347.73999999999995,-0.6549219836605148
122,375.11,2026-03-17 10:00:00,0,375.11,False,,-0.09080824462846367
326,357.13,2026-03-17 11:00:00,0,357.13,False,,-0.15461527172833966
336,962.89,2026-03-17 12:00:00,0,962.89,False,,1.9950924444018518
247,528.79,2026-03-17 13:00:00,0,528.79,False,,0.4545679469571276
441,115.46,2026-03-17 14:00:00,1,115.46,False,,-1.0122484329756711
55,124.49,2026-03-17 15:00:00,0,124.49,False,,-0.9802029683087145
117,583.79,2026-03-17 16:00:00,1,583.79,False,,0.6497507328577492
126,354.28,2026-03-17 17:00:00,1,354.28,False,,-0.16472928881591742
67,1195.55,2026-03-17 18:00:00,0,1195.55,False,,2.820751116540736
147,1193.33,2026-03-17 19:00:00,0,1193.33,False,,2.812872829546202
156,164.5,2026-03-17 20:00:00,1,164.5,False,,-0.8382163635108258
382,435.85,2026-03-17 21:00:00,0,435.85,False,,0.12474452656433195
150,125.95,2026-03-17 22:00:00,1,125.95,False,324.59999999999997,-0.9750217525375343
438,577.03,2026-03-17 23:00:00,0,577.03,False,,0.6257609940816001
386,1054.23,2026-03-18 00:00:00,0,1054.23,False,569.5728571428572,2.319237820113903
450,393.08,2026-03-18 01:00:00,0,393.08,False,,-0.027036705307842492
52,254.09,2026-03-18 02:00:00,0,254.09,False,,-0.5202813491683406
492,468.21,2026-03-18 03:00:00,0,468.21,False,394.9742857142857,0.23958298023240662
306,660.29,2026-03-18 04:00:00,1,660.29,False,,0.9212322441558866
491,663.31,2026-03-18 05:00:00,0,663.31,False,,0.9319495534907933
177,256.35,2026-03-18 06:00:00,1,256.35,False,,-0.5122611110567877
476,208.65,2026-03-18 07:00:00,0,208.65,False,,-0.6815378181015087
294,419.17,2026-03-18 08:00:00,0,419.17,False,,0.06555091076756159
35,270.1,2026-03-18 09:00:00,0,270.1,False,,-0.4634654145816323
205,796.57,2026-03-18 10:00:00,0,796.57,False,445.17285714285714,1.4048596998383727
68,267.56,2026-03-18 11:00:00,1,267.56,False,,-0.4724793105123156
470,372.43,2026-03-18 12:00:00,0,372.43,False,,-0.10031896946871216
152,459.96,2026-03-18 13:00:00,0,459.96,False,,0.21030556234731337
111,96.19,2026-03-18 14:00:00,1,96.19,False,,-1.080633383599398
276,223.5,2026-03-18 15:00:00,0,223.5,False,210.59285714285716,-0.6288384659083409
212,1161.39,2026-03-18 16:00:00,1,1161.39,False,,2.6995248626068236
48,641.44,2026-03-18 17:00:00,1,641.44,False,,0.8543377802608557
408,264.74,2026-03-18 18:00:00,1,264.74,False,,-0.4824868642621293
422,578.66,2026-03-18 19:00:00,0,578.66,False,,0.6315455021001094
371,787.83,2026-03-18 20:00:00,0,787.83,False,511.13428571428574,1.373843380769801
308,298.05,2026-03-18 21:00:00,1,298.05,False,,-0.3642770715648619
201,620.72,2026-03-18 22:00:00,0,620.72,False,,0.7808071016452032
271,561.79,2026-03-18 23:00:00,0,561.79,False,,0.5716776184975005
260,127.9,2026-03-19 00:00:00,1,127.9,False,,-0.9681016355828758
82,299.32,2026-03-19 01:00:00,0,299.32,False,413.0357142857143,-0.3597701235995203
40,979.66,2026-03-19 02:00:00,1,979.66,False,,2.054605450211914
126,1139.89,2026-03-19 03:00:00,1,1139.89,False,,2.6232261372093078
227,645.03,2026-03-19 04:00:00,1,645.03,False,449.69571428571436,0.8670778930132778
80,217.34,2026-03-19 05:00:00,0,217.34,False,,-0.6506989379292105
53,34.16,2026-03-19 06:00:00,1,34.16,False,,-1.3007640783160443
425,193.6,2026-03-19 07:00:00,0,193.6,False,527.1614285714286,-0.7349469258797697
187,112.06,2026-03-19 08:00:00,1,112.06,False,,-1.024314277922255
292,1027.46,2026-03-19 09:00:00,1,1027.46,False,,2.2242370350491822
262,62.11,2026-03-19 10:00:00,0,62.11,False,,-1.201575735299274
367,131.24,2026-03-19 11:00:00,1,131.24,False,449.7785714285714,-0.9562487173118199
369,412.94,2026-03-19 12:00:00,1,412.94,False,369.3542857142857,0.04344202429190929
148,352.42,2026-03-19 13:00:00,0,352.42,False,,-0.17133001575728374
423,947.98,2026-03-19 14:00:00,0,947.98,False,,1.9421801655331568
185,537.92,2026-03-19 15:00:00,1,537.92,False,,0.4869682894166308
417,316.38,2026-03-19 16:00:00,0,316.38,False,,-0.29922797219107294
202,806.36,2026-03-19 17:00:00,0,806.36,False,,1.439602235728683
55,258.78,2026-03-19 18:00:00,0,258.78,False,,-0.5036375806979059
380,999.07,2026-03-19 19:00:00,1,999.07,False,,2.1234872297452068
15,171.79,2026-03-19 20:00:00,1,171.79,False,,-0.8123457724341799
386,342.83,2026-03-19 21:00:00,0,342.83,False,546.9057142857143,-0.20536279606250132
21,41.36,2026-03-19 22:00:00,0,41.36,False,,-1.2752128772526903
103,667.9,2026-03-19 23:00:00,1,667.9,False,,0.9482384441686817
301,396.08,2026-03-20 00:00:00,0,396.08,False,,-0.01639037153144495
470,1000.84,2026-03-20 01:00:00,0,1000.84,False,,2.129768566673281
204,290.96,2026-03-20 02:00:00,1,290.96,False,,-0.38943790705641484
60,94.76,2026-03-20 03:00:00,1,94.76,False,,-1.0857081360328142
116,490.54,2026-03-20 04:00:00,0,490.54,False,,0.31882719130805914
448,228.97,2026-03-20 05:00:00,0,228.97,False,279.52714285714285,-0.6094266506560427
363,603.88,2026-03-20 06:00:00,0,603.88,False,,0.7210456813803582
50,174.98,2026-03-20 07:00:00,1,174.98,False,,-0.8010251708519438
192,885.26,2026-03-20 08:00:00,1,885.26,False,,1.7196008140479384
132,372.24,2026-03-20 09:00:00,1,372.24,False,,-0.10099323727455067
88,317.33,2026-03-20 10:00:00,0,317.33,False,,-0.29585663316188043
423,846.38,2026-03-20 11:00:00,1,846.38,False,444.40999999999997,1.5816243283058262
308,674.65,2026-03-20 12:00:00,0,674.65,False,,0.9721926951655762
89,196.51,2026-03-20 13:00:00,1,196.51,False,,-0.7246199821166641
325,661.44,2026-03-20 14:00:00,1,661.44,False,,0.9253133387701726
206,571.02,2026-03-20 15:00:00,0,571.02,False,,0.6044328387495504
30,331.18,2026-03-20 16:00:00,1,331.18,False,,-0.24670605889417838
224,625.49,2026-03-20 17:00:00,1,625.49,False,380.96571428571434,0.7977347723496753
92,882.64,2026-03-20 18:00:00,1,882.64,False,,1.710303015883218
122,338.66,2026-03-20 19:00:00,0,338.66,False,328.57000000000005,-0.2201612000116938
439,339.53,2026-03-20 20:00:00,0,339.53,False,,-0.21707376321653868
355,325.64,2026-03-20 21:00:00,1,325.64,False,,-0.26636628860125927
67,189.81,2026-03-20 22:00:00,1,189.81,False,,-0.7483967942172852
425,336.0,2026-03-20 23:00:00,1,336.0,False,456.2628571428572,-0.22960094929343303
287,308.21,2026-03-21 00:00:00,0,308.21,True,,-0.328221487842129
437,294.53,2026-03-21 01:00:00,0,294.53,True,,-0.3767687698625018
373,291.09,2026-03-21 02:00:00,0,291.09,True,,-0.3889765659261043
169,130.91,2026-03-21 03:00:00,0,130.91,True,250.68142857142857,-0.9574198140272236
267,721.02,2026-03-21 04:00:00,1,721.02,True,,1.1367495275694275
265,223.2,2026-03-21 05:00:00,1,223.2,True,,-0.6299030992859806
359,915.67,2026-03-21 06:00:00,0,915.67,True,,1.8275191507613546
124,158.02,2026-03-21 07:00:00,1,158.02,True,,-0.8612124444678445
166,1055.18,2026-03-21 08:00:00,0,1055.18,True,,2.3226091591430955
122,268.9,2026-03-21 09:00:00,1,268.9,True,300.58,-0.4677239480921915
148,666.92,2026-03-21 10:00:00,1,666.92,True,445.08142857142855,0.9447606418017251
80,393.26,2026-03-21 11:00:00,1,393.26,True,,-0.026397925281258616
18,114.54,2026-03-21 12:00:00,0,114.54,True,,-1.0155133086670995
470,120.45,2026-03-21 13:00:00,0,120.45,True,,-0.9945400311275965
37,208.06,2026-03-21 14:00:00,0,208.06,True,,-0.6836315970775335
443,256.91,2026-03-21 15:00:00,1,256.91,True,297.71999999999997,-0.5102737954185268
1,346.82,2026-03-21 16:00:00,0,346.82,True,,-0.19120317213989257
388,456.76,2026-03-21 17:00:00,1,456.76,True,396.79714285714283,0.19894947298582272
164,313.3,2026-03-21 18:00:00,1,313.3,True,,-0.31015820820150775
258,439.35,2026-03-21 19:00:00,1,439.35,True,,0.1371652493034624
141,492.04,2026-03-21 20:00:00,1,492.04,True,,0.3241503581962579
245,302.65,2026-03-21 21:00:00,1,302.65,True,,-0.3479526931077191
225,564.55,2026-03-21 22:00:00,1,564.55,True,,0.5814722455717863
264,653.76,2026-03-21 23:00:00,1,653.76,True,,0.8980587243025947
196,500.99,2026-03-22 00:00:00,1,500.99,True,,0.3559119206291772
268,521.26,2026-03-22 01:00:00,1,521.26,True,,0.42784564917836987
412,411.53,2026-03-22 02:00:00,1,411.53,True,,0.03843824741700236
217,763.71,2026-03-22 03:00:00,1,763.71,True,,1.2882468572075647
180,352.87,2026-03-22 04:00:00,1,352.87,True,,-0.16973306569082416
65,211.21,2026-03-22 05:00:00,1,211.21,True,,-0.6724529466123161
179,360.77,2026-03-22 06:00:00,0,360.77,True,,-0.14169772007964404
62,116.45,2026-03-22 07:00:00,1,116.45,True,,-1.00873514282946
91,103.39,2026-03-22 08:00:00,1,103.39,True,,-1.055082182536044
476,655.89,2026-03-22 09:00:00,0,655.89,True,,0.9056176212838369
44,925.51,2026-03-22 10:00:00,1,925.51,True,,1.862439125547939
241,275.58,2026-03-22 11:00:00,0,275.58,True,,-0.4440181115500796
417,660.17,2026-03-22 12:00:00,1,660.17,True,,0.9208063908048306
476,53.99,2026-03-22 13:00:00,1,53.99,True,461.8357142857143,-1.2303918120540567
73,502.1,2026-03-22 14:00:00,1,502.1,True,,0.35985106412644435
81,353.94,2026-03-22 15:00:00,1,353.94,True,,-0.16593587331057572
186,1026.04,2026-03-22 16:00:00,1,1026.04,True,,2.2191977703950205
277,317.59,2026-03-22 17:00:00,1,317.59,True,511.7157142857142,-0.29493395090125935
479,147.75,2026-03-22 18:00:00,1,147.75,True,329.72142857142853,-0.8976583937623789
103,89.78,2026-03-22 19:00:00,1,89.78,True,,-1.103381050101634
82,360.56,2026-03-22 20:00:00,1,360.56,True,389.9414285714285,-0.1424429634439918
126,410.93,2026-03-22 21:00:00,0,410.93,True,,0.036308980661722966
437,302.91,2026-03-22 22:00:00,1,302.91,True,,-0.34703001084709784
15,670.22,2026-03-22 23:00:00,0,670.22,True,,0.9564716089557627
190,860.19,2026-03-23 00:00:00,0,860.19,False,,1.6306329514565099
59,273.22,2026-03-23 01:00:00,1,273.22,False,274.1985714285714,-0.4523932274541788
78,65.64,2026-03-23 02:00:00,1,65.64,False,,-1.1890485492223797
458,441.18,2026-03-23 03:00:00,1,441.18,False,,0.14365951290706486
0,773.98,2026-03-23 04:00:00,0,773.98,False,,1.324692806502099
160,274.18,2026-03-23 05:00:00,0,274.18,False,,-0.4489864006457317
457,521.2,2026-03-23 06:00:00,1,521.2,False,,0.4276327225028421
304,138.15,2026-03-23 07:00:00,0,138.15,False,,-0.9317266618468508
35,433.54,2026-03-23 08:00:00,0,433.54,False,,0.11654684955650584
232,527.89,2026-03-23 09:00:00,0,527.89,False,,0.45137404682420845
485,442.33,2026-03-23 10:00:00,1,442.33,False,,0.14774060752135051
200,1204.6,2026-03-23 11:00:00,0,1204.6,False,,2.8528675567662023
264,918.12,2026-03-23 12:00:00,0,918.12,False,,1.836213656678746
265,588.17,2026-03-23 13:00:00,1,588.17,False,381.53000000000003,0.6652943801712896
330,725.79,2026-03-23 14:00:00,1,725.79,False,,1.1536771982738996
93,431.37,2026-03-23 15:00:00,0,431.37,False,,0.10884600145824488
419,342.37,2026-03-23 16:00:00,0,342.37,False,,-0.20699523390821556
494,251.65,2026-03-23 17:00:00,0,251.65,False,,-0.5289403673064772
71,135.46,2026-03-23 18:00:00,0,135.46,False,,-0.9412728744663542
409,946.25,2026-03-23 19:00:00,1,946.25,False,,1.9360407797221006
408,1235.24,2026-03-23 20:00:00,0,1235.24,False,,2.961602112402476
370,367.01,2026-03-23 21:00:00,1,367.01,False,,-0.11955334582473712
185,371.72,2026-03-23 22:00:00,0,371.72,False,,-0.10283860179579285
234,543.31,2026-03-23 23:00:00,1,543.31,False,473.5028571428571,0.5060962024348916
419,318.69,2026-03-24 00:00:00,0,318.69,False,,-0.29103029518324686
76,151.57,2026-03-24 01:00:00,0,151.57,False,305.6985714285714,-0.8841020620870993
414,113.17,2026-03-24 02:00:00,1,113.17,False,,-1.0203751344249878
460,1207.07,2026-03-24 03:00:00,0,1207.07,False,588.9514285714286,2.8616330382421027
340,76.17,2026-03-24 04:00:00,1,76.17,False,,-1.151679917667224
170,454.42,2026-03-24 05:00:00,0,454.42,False,,0.1906453326402327
279,86.84,2026-03-24 06:00:00,1,86.84,False,,-1.1138144572025037
25,330.75,2026-03-24 07:00:00,1,330.75,False,501.62142857142857,-0.2482320334021287
465,272.13,2026-03-24 08:00:00,1,272.13,False,251.09714285714284,-0.4562613953929367
171,101.53,2026-03-24 09:00:00,0,101.53,False,381.9342857142857,-1.0616829094774103
28,556.54,2026-03-24 10:00:00,0,556.54,False,,0.5530465343888049
397,142.21,2026-03-24 11:00:00,1,142.21,False,252.37571428571428,-0.9173186234694597
328,88.73,2026-03-24 12:00:00,1,88.73,False,,-1.107107266923373
311,599.49,2026-03-24 13:00:00,1,599.49,False,,0.7054665462875632
27,273.08,2026-03-24 14:00:00,1,273.08,False,,-0.4528900563637442
375,192.39,2026-03-24 15:00:00,1,192.39,False,,-0.7392409471695834
318,624.96,2026-03-24 16:00:00,1,624.96,False,322.7285714285714,0.7958539200491784
396,135.74,2026-03-24 17:00:00,0,135.74,False,,-0.9402792166472236
413,67.61,2026-03-24 18:00:00,0,67.61,False,,-1.182057456709212
105,822.38,2026-03-24 19:00:00,0,822.38,False,,1.496453658094646
105,1098.62,2026-03-24 20:00:00,1,1098.62,False,,2.4767680722253314
461,324.13,2026-03-24 21:00:00,1,324.13,False,,-0.27172494326871266
265,320.84,2026-03-24 22:00:00,0,320.84,False,375.37142857142857,-0.28340042264349535
218,649.6,2026-03-24 23:00:00,0,649.6,False,,0.8832958081326568
143,767.91,2026-03-25 00:00:00,0,767.91,False,,1.3031517244945212
319,150.1,2026-03-25 01:00:00,1,150.1,False,,-0.8893187656375341
376,283.67,2026-03-25 02:00:00,0,283.67,False,,-0.41530849813306076
1,429.24,2026-03-25 03:00:00,0,429.24,False,,0.10128710447700265
276,624.15,2026-03-25 04:00:00,0,624.15,False,258.34714285714284,0.7929794099295508
496,579.36,2026-03-25 05:00:00,1,579.36,False,,0.6340296466479357
140,516.49,2026-03-25 06:00:00,1,516.49,False,,0.4109179784738978
140,766.57,2026-03-25 07:00:00,1,766.57,False,481.62,1.2983963620743972
439,341.99,2026-03-25 08:00:00,1,341.99,False,,-0.20834376951989256
31,951.97,2026-03-25 09:00:00,0,951.97,False,,1.9563397894557655
198,229.41,2026-03-25 10:00:00,0,229.41,False,,-0.6078651883688377
229,585.65,2026-03-25 11:00:00,1,585.65,False,,0.6563514597991158
398,256.94,2026-03-25 12:00:00,1,256.94,False,,-0.5101673320807629
64,327.76,2026-03-25 13:00:00,1,327.76,False,,-0.25884287939927164
217,367.77,2026-03-25 14:00:00,1,367.77,False,,-0.1168562746013831
76,245.5,2026-03-25 15:00:00,1,245.5,False,289.02714285714285,-0.5507653515480923
393,789.13,2026-03-25 16:00:00,1,789.13,False,,1.3784567920729065
316,266.97,2026-03-25 17:00:00,0,266.97,False,,-0.47457308948834037
248,353.87,2026-03-25 18:00:00,0,353.87,False,,-0.16618428776535832
196,538.95,2026-03-25 19:00:00,0,538.95,False,,0.4906235306798609
76,1551.52,2026-03-25 20:00:00,0,1551.52,False,503.82714285714286,4.084009594668815
460,552.73,2026-03-25 21:00:00,1,552.73,False,614.0842857142858,0.5395256904927802
323,377.42,2026-03-25 22:00:00,1,377.42,False,,-0.08261056762063755
159,55.76,2026-03-25 23:00:00,0,55.76,False,365.77000000000004,-1.2241104751259821
206,321.16,2026-03-26 00:00:00,1,321.16,False,,-0.28226481370734613
363,211.62,2026-03-26 01:00:00,1,211.62,False,,-0.6709979476628751
359,280.75,2026-03-26 02:00:00,1,280.75,False,,-0.4256709296754211
230,252.7,2026-03-26 03:00:00,0,252.7,False,337.58,-0.5252141504847382
151,535.19,2026-03-26 04:00:00,0,535.19,False,,0.47728012568010936
329,316.0,2026-03-26 05:00:00,1,316.0,False,,-0.30057650780274997
329,171.77,2026-03-26 06:00:00,0,171.77,False,,-0.8124167479926891
299,668.25,2026-03-26 07:00:00,0,668.25,False,,0.9494805164425949
36,123.05,2026-03-26 08:00:00,1,123.05,False,,-0.9853132085213853
236,364.74,2026-03-26 09:00:00,1,364.74,False,,-0.12760907171554453
306,322.92,2026-03-26 10:00:00,0,322.92,False,,-0.27601896455852626
475,463.94,2026-03-26 11:00:00,0,463.94,False,,0.22442969849066752
262,771.96,2026-03-26 12:00:00,1,771.96,False,,1.3175242750926581
171,1704.98,2026-03-26 13:00:00,0,1704.98,False,581.7414285714286,4.628605055110803
277,377.24,2026-03-26 14:00:00,1,377.24,False,467.65142857142854,-0.08324934764722143
88,208.79,2026-03-26 15:00:00,0,208.79,False,,-0.6810409891919436
45,192.5,2026-03-26 16:00:00,0,192.5,False,307.9028571428571,-0.7388505815977822
339,191.75,2026-03-26 17:00:00,1,191.75,False,,-0.7415121650418816
493,451.89,2026-03-26 18:00:00,0,451.89,False,,0.181666924488804
423,42.25,2026-03-26 19:00:00,0,42.25,False,428.99142857142857,-1.2720544648990257
291,116.19,2026-03-26 20:00:00,1,116.19,False,,-1.009657825090081
20,452.2,2026-03-26 21:00:00,1,452.2,False,464.6914285714286,0.18276704564569843
493,690.98,2026-03-26 22:00:00,0,690.98,False,,1.0301442386884336
224,693.76,2026-03-26 23:00:00,0,693.76,False,433.9842857142857,1.0400098413212286
144,390.46,2026-03-27 00:00:00,0,390.46,False,335.9685714285714,-0.03633450347256303
446,631.54,2026-03-27 01:00:00,1,631.54,False,,0.8192048787987435
373,781.01,2026-03-27 02:00:00,1,781.01,False,,1.3496407153181238
374,263.82,2026-03-27 03:00:00,1,263.82,False,,-0.4857517399535579
138,728.32,2026-03-27 04:00:00,0,728.32,False,,1.1626556064253284
495,81.6,2026-03-27 05:00:00,0,81.6,False,,-1.1324100535319448
226,113.13,2026-03-27 06:00:00,0,113.13,False,,-1.0205170855420065
265,276.43,2026-03-27 07:00:00,0,276.43,False,375.15857142857146,-0.4410016503134335
375,71.15,2026-03-27 08:00:00,0,71.15,False,,-1.1694947828530626
329,541.33,2026-03-27 09:00:00,0,541.33,False,,0.49906962214246964
86,233.47,2026-03-27 10:00:00,0,233.47,False,,-0.5934571499914464
151,325.54,2026-03-27 11:00:00,1,325.54,False,,-0.2667211663938057
180,334.77,2026-03-27 12:00:00,0,334.77,False,,-0.2339659461417561
473,270.99,2026-03-27 13:00:00,1,270.99,False,,-0.4603070022279677
357,190.72,2026-03-27 14:00:00,0,190.72,False,,-0.7451674063051114
183,523.25,2026-03-27 15:00:00,0,523.25,False,397.1842857142857,0.43490771725004695
367,229.48,2026-03-27 16:00:00,1,229.48,False,450.0042857142857,-0.6076167739140551
369,331.42,2026-03-27 17:00:00,1,331.42,False,391.8657142857143,-0.24585435219206656
197,467.27,2026-03-27 18:00:00,1,467.27,False,,0.23624712898246875
201,776.68,2026-03-27 19:00:00,1,776.68,False,,1.3342745069008566
447,735.9,2026-03-27 20:00:00,0,735.9,False,,1.1895553431003594
280,246.34,2026-03-27 21:00:00,1,246.34,False,,-0.5477843780907009
74,182.39,2026-03-27 22:00:00,1,182.39,False,,-0.774728726424242
359,883.79,2026-03-27 23:00:00,1,883.79,False,,1.7143841104975035
294,228.46,2026-03-28 00:00:00,1,228.46,True,,-0.6112365273980302
254,508.55,2026-03-28 01:00:00,1,508.55,True,423.79714285714283,0.38274068174569903
362,67.11,2026-03-28 02:00:00,1,67.11,True,,-1.1838318456719448
453,40.86,2026-03-28 03:00:00,1,40.86,True,,-1.2769872662154231
165,376.96,2026-03-28 04:00:00,0,376.96,True,,-0.08424300546635197
209,298.06,2026-03-28 05:00:00,1,298.06,True,462.06857142857143,-0.3642415837856073
94,602.41,2026-03-28 06:00:00,1,602.41,True,,0.7158289778299234
323,192.63,2026-03-28 07:00:00,0,192.63,True,,-0.7383892404674716
201,442.38,2026-03-28 08:00:00,0,442.38,True,,0.14791804641762382
171,580.37,2026-03-28 09:00:00,1,580.37,True,623.66,0.6376139123526562
348,199.23,2026-03-28 10:00:00,0,199.23,True,,-0.7149673061593971
204,276.18,2026-03-28 11:00:00,1,276.18,True,,-0.4418888447948
232,134.93,2026-03-28 12:00:00,0,134.93,True,,-0.9431537267668509
220,617.39,2026-03-28 13:00:00,1,617.39,True,,0.7689896711534018
129,527.99,2026-03-28 14:00:00,1,527.99,True,,0.4517289246167551
62,555.88,2026-03-28 15:00:00,0,555.88,True,,0.5507043409579976
413,297.12,2026-03-28 16:00:00,0,297.12,True,,-0.3675774350355452
45,521.68,2026-03-28 17:00:00,1,521.68,True,331.23857142857145,0.4293361359070654
162,317.82,2026-03-28 18:00:00,0,317.82,True,,-0.29411773197840213
333,984.46,2026-03-28 19:00:00,0,984.46,True,,2.071639584254151
65,354.83,2026-03-28 20:00:00,1,354.83,True,,-0.16277746095691117
327,707.44,2026-03-28 21:00:00,1,707.44,True,,1.0885571233416016
366,298.41,2026-03-28 22:00:00,0,298.41,True,,-0.36299951151169413
331,850.3,2026-03-28 23:00:00,0,850.3,True,,1.5955355377736522
152,181.99,2026-03-29 00:00:00,1,181.99,True,,-0.7761482375944282
9,483.0,2026-03-29 01:00:00,1,483.0,True,,0.2920694057500466
443,213.5,2026-03-29 02:00:00,0,213.5,True,272.17285714285714,-0.6643262451629993
163,428.74,2026-03-29 03:00:00,0,428.74,True,,0.09951271551426973
402,229.36,2026-03-29 04:00:00,0,229.36,True,318.69571428571425,-0.6080426272651109
98,353.78,2026-03-29 05:00:00,0,353.78,True,,-0.16650367777865036
81,256.99,2026-03-29 06:00:00,1,256.99,True,,-0.5099898931844896
389,566.17,2026-03-29 07:00:00,0,566.17,True,460.34000000000003,0.587221265811041
469,497.38,2026-03-29 08:00:00,1,497.38,True,,0.34310083231824545
430,207.32,2026-03-29 09:00:00,0,207.32,True,,-0.6862576927423784
375,202.44,2026-03-29 10:00:00,1,202.44,True,,-0.7035757290186516
123,168.74,2026-03-29 11:00:00,0,168.74,True,,-0.8231695451068507
456,141.03,2026-03-29 12:00:00,1,141.03,True,,-0.9215061814215092
333,592.82,2026-03-29 13:00:00,1,592.82,True,,0.6817961975247061
86,160.56,2026-03-29 14:00:00,0,160.56,True,,-0.8521985485371614
64,454.93,2026-03-29 15:00:00,1,454.93,True,616.4285714285714,0.19245520938222027
435,239.72,2026-03-29 16:00:00,0,239.72,True,,-0.5712772879572848
137,693.65,2026-03-29 17:00:00,1,693.65,True,,1.0396194757494273
382,1142.74,2026-03-29 18:00:00,1,1142.74,True,,2.633340154296885
69,9.11,2026-03-29 19:00:00,1,9.11,True,467.59714285714284,-1.389660965348964
140,180.03,2026-03-29 20:00:00,1,180.03,True,402.83142857142855,-0.7831038423283413
141,236.56,2026-03-29 21:00:00,0,236.56,True,,-0.5824914262017569
140,305.1,2026-03-29 22:00:00,0,305.1,True,390.71714285714285,-0.33925818719032763
337,290.82,2026-03-29 23:00:00,1,290.82,True,,-0.38993473596598005
457,111.59,2026-03-30 00:00:00,0,111.59,False,,-1.025982203547224
455,1158.0,2026-03-30 01:00:00,1,1158.0,False,,2.687494505439494
370,299.11,2026-03-30 02:00:00,1,299.11,False,,-0.3605153669638681
101,495.82,2026-03-30 03:00:00,0,495.82,False,,0.3375647387545187
480,506.61,2026-03-30 04:00:00,1,506.61,False,320.5571428571429,0.3758560525702953
271,88.46,2026-03-30 05:00:00,1,88.46,False,,-1.108065436963249
272,268.76,2026-03-30 06:00:00,0,268.76,False,,-0.4682207770017566
350,592.8,2026-03-30 07:00:00,1,592.8,False,,0.6817252219661964
384,886.67,2026-03-30 08:00:00,0,886.67,False,,1.7246045909228451
476,273.26,2026-03-30 09:00:00,1,273.26,False,442.46000000000004,-0.45225127633716034
291,105.7,2026-03-30 10:00:00,1,105.7,False,,-1.0468845055282177
305,220.54,2026-03-30 11:00:00,1,220.54,False,,-0.6393428485677198
372,264.07,2026-03-30 12:00:00,0,264.07,False,,-0.4848645454721915
127,256.23,2026-03-30 13:00:00,0,256.23,False,,-0.5126869644078437
153,168.9,2026-03-30 14:00:00,0,168.9,False,,-0.8226017406387761
312,94.91,2026-03-30 15:00:00,1,94.91,False,,-1.0851758193439942
32,133.73,2026-03-30 16:00:00,1,133.73,False,,-0.9474122602774101
160,222.11,2026-03-30 17:00:00,0,222.11,False,,-0.6337712672247383
358,586.01,2026-03-30 18:00:00,0,586.01,False,367.27714285714285,0.6576290198522835
488,744.9,2026-03-30 19:00:00,1,744.9,False,,1.221494344429552
259,383.21,2026-03-30 20:00:00,0,383.21,False,,-0.062063143432190424
199,137.27,2026-03-30 21:00:00,0,137.27,False,,-0.9348495864212608
220,232.64,2026-03-30 22:00:00,1,232.64,False,,-0.5964026356695831
342,43.28,2026-03-30 23:00:00,0,43.28,False,,-1.268399223635796
272,897.98,2026-03-31 00:00:00,1,897.98,False,,1.764741269259864
11,203.92,2026-03-31 01:00:00,0,203.92,False,466.8385714285714,-0.6983235376889623
269,466.72,2026-03-31 02:00:00,1,466.72,False,,0.23429530112346267
200,709.99,2026-03-31 03:00:00,0,709.99,False,,1.0976065070515393
350,1064.99,2026-03-31 04:00:00,1,1064.99,False,,2.3574226705919155
437,631.04,2026-03-31 05:00:00,0,631.04,False,611.6842857142857,0.8174304898360105
481,254.95,2026-03-31 06:00:00,1,254.95,False,344.83,-0.51722940015244
305,512.03,2026-03-31 07:00:00,0,512.03,False,,0.39509042892632
181,1039.34,2026-03-31 08:00:00,0,1039.34,False,,2.266396516803716
221,202.3,2026-03-31 09:00:00,1,202.3,False,,-0.7040725579282168
88,90.14,2026-03-31 10:00:00,0,90.14,False,290.5957142857143,-1.1021034900484663
467,170.08,2026-03-31 11:00:00,1,170.08,False,,-0.8184141826867264
423,488.12,2026-03-31 12:00:00,1,488.12,False,441.13999999999993,0.3102391487284317
426,260.21,2026-03-31 13:00:00,0,260.21,False,,-0.49856282826448967
164,329.35,2026-03-31 14:00:00,0,329.35,False,,-0.25320032249778085
161,547.27,2026-03-31 15:00:00,1,547.27,False,,0.5201493630197366
428,166.77,2026-03-31 16:00:00,0,166.77,False,,-0.8301606376200183
272,317.08,2026-03-31 17:00:00,1,317.08,False,441.3757142857143,-0.2967438276432469
352,229.34,2026-03-31 18:00:00,0,229.34,False,,-0.6081136028236204
244,1012.0,2026-03-31 19:00:00,0,1012.0,False,,2.16937292832148
221,617.56,2026-03-31 20:00:00,0,617.56,False,,0.7695929634007308
316,261.65,2026-03-31 21:00:00,1,261.65,False,,-0.49345258805181885
406,250.07,2026-03-31 22:00:00,0,250.07,False,,-0.5345474364287134
167,1088.08,2026-03-31 23:00:00,0,1088.08,False,,2.4393639528909214
404,1030.16,2026-04-01 00:00:00,1,1030.16,False,,2.23381873544794
122,485.83,2026-04-01 01:00:00,0,485.83,False,342.35714285714283,0.30211244727911485
201,341.07,2026-04-01 02:00:00,0,341.07,False,,-0.2116086452113212
456,113.59,2026-04-01 03:00:00,0,113.59,False,,-1.0188846476962923
477,171.41,2026-04-01 04:00:00,1,171.41,False,,-0.8136943080458569
461,105.39,2026-04-01 05:00:00,0,105.39,False,,-1.0479846266851123
158,729.28,2026-04-01 06:00:00,0,729.28,False,470.8514285714286,1.1660624332337755
421,115.32,2026-04-01 07:00:00,1,115.32,False,,-1.0127452618852364
468,247.5,2026-04-01 08:00:00,0,247.5,False,,-0.5436677956971605
489,53.97,2026-04-01 09:00:00,1,53.97,False,,-1.2304627876125662
10,81.15,2026-04-01 10:00:00,1,81.15,False,,-1.1340070035984042
372,564.85,2026-04-01 11:00:00,0,564.85,False,,0.5825368789494263
498,433.87,2026-04-01 12:00:00,1,433.87,False,,0.1177179462719095
382,350.44,2026-04-01 13:00:00,1,350.44,False,,-0.1783565960497062
116,251.21,2026-04-01 14:00:00,0,251.21,False,363.52714285714285,-0.5305018295936822
381,70.49,2026-04-01 15:00:00,0,70.49,False,,-1.1718369762838703
52,224.68,2026-04-01 16:00:00,0,224.68,False,,-0.6246509079562912
240,302.53,2026-04-01 17:00:00,0,302.53,False,,-0.34837854645877503
313,538.34,2026-04-01 18:00:00,0,538.34,False,,0.4884587761453267
228,702.22,2026-04-01 19:00:00,1,702.22,False,,1.0700325025706698
349,577.24,2026-04-01 20:00:00,1,577.24,False,482.0571428571428,0.6265062374459481
120,431.98,2026-04-01 21:00:00,1,431.98,False,,0.1110107559927791
303,346.4,2026-04-01 22:00:00,0,346.4,False,,-0.19269365886858827
322,401.42,2026-04-01 23:00:00,1,401.42,False,,0.0025601025905427886
316,212.41,2026-04-02 00:00:00,0,212.41,False,290.93285714285713,-0.6681944131017571
144,369.14,2026-04-02 01:00:00,0,369.14,False,340.88714285714286,-0.11199444884349488
152,301.18,2026-04-02 02:00:00,1,301.18,False,,-0.35316939665815383
128,1379.89,2026-04-02 03:00:00,0,1379.89,False,,3.474932839321111
230,408.93,2026-04-02 04:00:00,1,408.93,False,364.99714285714293,0.02921142481079127
292,38.97,2026-04-02 05:00:00,0,38.97,False,,-1.2836944564945538
181,240.5,2026-04-02 06:00:00,0,240.5,False,,-0.5685092411754215
204,275.9,2026-04-02 07:00:00,1,275.9,False,325.19428571428574,-0.44288250261393053
143,631.93,2026-04-02 08:00:00,0,631.93,False,,0.8205889021896751
109,447.53,2026-04-02 09:00:00,0,447.53,False,,0.16619425273377286
328,431.35,2026-04-02 10:00:00,0,431.35,False,,0.10877502589973563
408,833.18,2026-04-02 11:00:00,1,833.18,False,,1.534780459689677
145,1033.32,2026-04-02 12:00:00,1,1033.32,False,,2.245032873692412
430,564.27,2026-04-02 13:00:00,0,564.27,False,,0.5804785877526559
285,255.67,2026-04-02 14:00:00,0,255.67,False,,-0.5146742800461046
83,261.9,2026-04-02 15:00:00,0,261.9,False,,-0.4925653935704524
182,762.57,2026-04-02 16:00:00,1,762.57,False,,1.2842012503725337
3,261.26,2026-04-02 17:00:00,0,261.26,False,,-0.4948366114427505
19,328.83,2026-04-02 18:00:00,1,328.83,False,,-0.2550456870190232
168,236.31,2026-04-02 19:00:00,1,236.31,False,,-0.5833786206831234
227,135.07,2026-04-02 20:00:00,0,135.07,False,420.9071428571429,-0.9426568978572858
398,1310.37,2026-04-02 21:00:00,1,1310.37,False,,3.228221797942725
67,330.54,2026-04-02 22:00:00,1,330.54,False,,-0.24897727676647646
419,913.27,2026-04-02 23:00:00,1,913.27,False,,1.819002083740237
117,264.11,2026-04-03 00:00:00,1,264.11,False,,-0.48472259435517273
69,203.82,2026-04-03 01:00:00,1,203.82,False,427.76142857142855,-0.6986784154815088
349,531.3,2026-04-03 02:00:00,0,531.3,False,464.5042857142857,0.46347537955004686
387,700.17,2026-04-03 03:00:00,1,700.17,False,,1.0627575078234646
302,730.98,2026-04-03 04:00:00,1,730.98,False,,1.1720953557070675
57,299.39,2026-04-03 05:00:00,0,299.39,False,384.11,-0.35952170914473774
57,570.5,2026-04-03 06:00:00,1,570.5,False,425.7057142857143,0.6025874742283083
195,222.85,2026-04-03 07:00:00,1,222.85,False,,-0.6311451715598937
225,365.62,2026-04-03 08:00:00,1,365.62,False,,-0.1244861471411346
499,277.22,2026-04-03 09:00:00,1,277.22,False,,-0.43819811575231543
143,244.88,2026-04-03 10:00:00,0,244.88,False,,-0.552965593861881
96,377.05,2026-04-03 11:00:00,1,377.05,False,,-0.08392361545305993
472,131.77,2026-04-03 12:00:00,1,131.77,False,,-0.954367865011323
76,661.52,2026-04-03 13:00:00,0,661.52,False,532.2714285714285,0.9255972410042096
13,245.69,2026-04-03 14:00:00,0,245.69,False,,-0.5500910837422537
211,640.26,2026-04-03 15:00:00,0,640.26,False,,0.8501502223088058
200,158.48,2026-04-03 16:00:00,0,158.48,False,,-0.8595800066221303
309,244.99,2026-04-03 17:00:00,1,244.99,False,,-0.5525752282900798
438,131.36,2026-04-03 18:00:00,0,131.36,False,,-0.955822863960764
466,126.79,2026-04-03 19:00:00,0,126.79,False,,-0.972040779080143
144,177.61,2026-04-03 20:00:00,0,177.61,False,351.95714285714286,-0.7916918849079686
490,160.67,2026-04-03 21:00:00,0,160.67,False,,-0.8518081829653601
316,132.39,2026-04-03 22:00:00,1,132.39,False,290.80285714285714,-0.9521676226975343
34,347.17,2026-04-03 23:00:00,0,347.17,False,,-0.18996109986597945
469,524.04,2026-04-04 00:00:00,0,524.04,True,,0.4377112518111648
68,543.34,2026-04-04 01:00:00,1,543.34,True,,0.5062026657726559
294,64.78,2026-04-04 02:00:00,1,64.78,True,212.21,-1.1921004982382801
395,275.83,2026-04-04 03:00:00,0,275.83,True,,-0.4431309170687131
124,254.59,2026-04-04 04:00:00,0,254.59,True,,-0.5185069602056077
135,843.12,2026-04-04 05:00:00,1,843.12,True,,1.5700553122688077
238,284.26,2026-04-04 06:00:00,1,284.26,True,,-0.413214719157036
442,325.6,2026-04-04 07:00:00,1,325.6,True,,-0.26650823971827775
111,92.29,2026-04-04 08:00:00,1,92.29,True,,-1.0944736175087146
331,173.59,2026-04-04 09:00:00,1,173.59,True,,-0.8059579721683413
226,86.62,2026-04-04 10:00:00,1,86.62,True,,-1.114595188346106
55,364.07,2026-04-04 11:00:00,0,364.07,True,372.7571428571428,-0.1299867529256067
355,861.04,2026-04-04 12:00:00,0,861.04,True,,1.6336494126931556
416,178.85,2026-04-04 13:00:00,1,178.85,True,,-0.787291400280391
287,286.05,2026-04-04 14:00:00,1,286.05,True,,-0.4068624066704521
88,161.56,2026-04-04 15:00:00,0,161.56,True,301.3771428571429,-0.8486497706116954
77,208.47,2026-04-04 16:00:00,1,208.47,True,,-0.6821765981280926
211,369.77,2026-04-04 17:00:00,0,369.77,True,,-0.10975871875045141
253,1136.07,2026-04-04 18:00:00,1,1136.07,True,,2.6096698055340277
276,832.88,2026-04-04 19:00:00,0,832.88,True,345.78285714285715,1.5337158263120374
121,998.43,2026-04-04 20:00:00,1,998.43,True,,2.121216011872908
250,644.17,2026-04-04 21:00:00,0,644.17,True,,0.8640259439973771
147,283.1,2026-04-04 22:00:00,0,283.1,True,,-0.4173313015505763
343,253.49,2026-04-04 23:00:00,1,253.49,True,,-0.52241061592362
398,179.79,2026-04-05 00:00:00,0,179.79,True,,-0.7839555490304531
326,279.59,2026-04-05 01:00:00,0,279.59,True,617.1414285714285,-0.4297875120689616
0,869.18,2026-04-05 02:00:00,0,869.18,True,,1.6625364650064474
496,862.62,2026-04-05 03:00:00,1,862.62,True,,1.6392564818153916
11,1414.55,2026-04-05 04:00:00,0,1414.55,True,641.7571428571429,3.597933482217757
499,390.32,2026-04-05 05:00:00,0,390.32,True,,-0.0368313323821282
15,113.48,2026-04-05 06:00:00,1,113.48,True,,-1.0192750132680934
258,499.99,2026-04-05 07:00:00,1,499.99,True,,0.3523631427037114
52,1144.12,2026-04-05 08:00:00,0,1144.12,True,351.69571428571425,2.6382374678340277
47,945.59,2026-04-05 09:00:00,1,945.59,True,552.6585714285713,1.933698586291293
341,230.72,2026-04-05 10:00:00,1,230.72,True,,-0.6032162892864774
363,123.96,2026-04-05 11:00:00,0,123.96,True,,-0.9820838206092114
59,120.72,2026-04-05 12:00:00,0,120.72,True,253.5542857142857,-0.9935818610877208
488,189.79,2026-04-05 13:00:00,1,189.79,True,,-0.7484677697757947
160,214.78,2026-04-05 14:00:00,1,214.78,True,435.19428571428574,-0.6597838094184031
159,266.73,2026-04-05 15:00:00,0,266.73,True,280.8871428571429,-0.4754247961904522
148,547.34,2026-04-05 16:00:00,0,547.34,True,488.92857142857144,0.5203977774745193
230,259.51,2026-04-05 17:00:00,1,259.51,True,319.5214285714286,-0.5010469728123157
88,353.37,2026-04-05 18:00:00,1,353.37,True,261.34000000000003,-0.16795867672809123
212,80.54,2026-04-05 19:00:00,1,80.54,True,,-1.1361717581329385
104,179.99,2026-04-05 20:00:00,0,179.99,True,,-0.7832457934453598
25,172.92,2026-04-05 21:00:00,1,172.92,True,475.4628571428571,-0.8083356533784035
184,66.92,2026-04-05 22:00:00,0,66.92,True,,-1.1845061134777832
336,254.34,2026-04-05 23:00:00,0,254.34,True,,-0.5193941546869741
381,81.15,2026-04-06 00:00:00,1,81.15,False,274.9842857142857,-1.1340070035984042
176,240.14,2026-04-06 01:00:00,1,240.14,False,,-0.5697868012285893
161,374.11,2026-04-06 02:00:00,1,374.11,False,,-0.09435702255392951
393,879.03,2026-04-06 03:00:00,1,879.03,False,457.1771428571428,1.6974919275722862
340,165.35,2026-04-06 04:00:00,0,165.35,False,,-0.83519990227418
416,366.39,2026-04-06 05:00:00,1,366.39,False,180.3542857142857,-0.12175358813852596
453,201.1,2026-04-06 06:00:00,1,201.1,False,,-0.7083310914387759
410,76.56,2026-04-06 07:00:00,0,76.56,False,,-1.1502958942762924
468,885.81,2026-04-06 08:00:00,1,885.81,False,546.8442857142857,1.7215526419069445
208,386.82,2026-04-06 09:00:00,0,386.82,False,367.10428571428565,-0.049252055121258666
197,481.99,2026-04-06 10:00:00,0,481.99,False,,0.2884851400453261
160,982.64,2026-04-06 11:00:00,1,982.64,False,349.6642857142857,2.0651808084298025
117,239.18,2026-04-06 12:00:00,0,239.18,False,324.7471428571429,-0.5731936280370363
374,107.98,2026-04-06 13:00:00,1,107.98,False,,-1.0387932918581555
357,163.27,2026-04-06 14:00:00,1,163.27,False,,-0.8425813603591489
400,98.54,2026-04-06 15:00:00,1,98.54,False,432.40714285714284,-1.072293755474553
83,727.25,2026-04-06 16:00:00,1,727.25,False,,1.15885841404508
245,1173.18,2026-04-06 17:00:00,1,1173.18,False,,2.741364954348066
110,371.11,2026-04-06 18:00:00,0,371.11,False,,-0.10500335633032706
446,558.17,2026-04-06 19:00:00,1,558.17,False,,0.5588310424073142
133,662.87,2026-04-06 20:00:00,1,662.87,False,,0.9303880912035886
71,1026.03,2026-04-06 21:00:00,0,1026.03,False,466.84000000000003,2.2191622826157658
284,1141.43,2026-04-06 22:00:00,1,1141.43,False,,2.628691255214525
439,50.69,2026-04-06 23:00:00,1,50.69,False,362.52,-1.242102779208094
457,205.94,2026-04-07 00:00:00,0,205.94,False,,-0.6911550062795212
48,340.3,2026-04-07 01:00:00,0,340.3,False,,-0.21434120421392983
162,185.3,2026-04-07 02:00:00,0,185.3,False,,-0.7644017826611362
76,272.14,2026-04-07 03:00:00,1,272.14,False,528.4142857142857,-0.4562259076136821
153,459.91,2026-04-07 04:00:00,0,459.91,False,,0.21012812345104026
266,450.97,2026-04-07 05:00:00,0,450.97,False,399.0128571428571,0.1784020487973756
140,648.19,2026-04-07 06:00:00,1,648.19,False,466.79571428571427,0.8782920312577501
33,346.09,2026-04-07 07:00:00,1,346.09,False,587.2571428571429,-0.1937937800254827
255,23.25,2026-04-07 08:00:00,1,23.25,False,,-1.3394812454828768
26,254.34,2026-04-07 09:00:00,1,254.34,False,,-0.5193941546869741
113,428.0,2026-04-07 10:00:00,1,428.0,False,,0.09688661984942497
0,680.07,2026-04-07 11:00:00,1,680.07,False,,0.9914270715216014
43,614.43,2026-04-07 12:00:00,0,614.43,False,,0.7584852884940227
218,311.28,2026-04-07 13:00:00,0,311.28,False,,-0.31732673961094887
425,194.75,2026-04-07 14:00:00,1,194.75,False,421.84285714285716,-0.730865831265484
387,322.57,2026-04-07 15:00:00,1,322.57,False,,-0.27726103683243936
49,60.11,2026-04-07 16:00:00,1,60.11,False,,-1.2086732911502056
17,211.15,2026-04-07 17:00:00,0,211.15,False,,-0.6726658732878441
169,766.81,2026-04-07 18:00:00,0,766.81,False,309.77142857142854,1.2992480687765087
326,321.81,2026-04-07 19:00:00,0,321.81,False,549.6914285714286,-0.2799581080557934
373,441.31,2026-04-07 20:00:00,0,441.31,False,,0.1441208540373754
411,94.42,2026-04-07 21:00:00,1,94.42,False,,-1.0869147205274725
171,676.91,2026-04-07 22:00:00,1,676.91,False,674.9328571428571,0.980212933277129
84,299.09,2026-04-07 23:00:00,1,299.09,False,,-0.36058634252237753
13,430.53,2026-04-08 00:00:00,1,430.53,False,,0.10586502800085346
73,500.27,2026-04-08 01:00:00,0,500.27,False,,0.3533568005228417
32,659.97,2026-04-08 02:00:00,1,659.97,False,,0.9200966352197377
430,383.73,2026-04-08 03:00:00,1,383.73,False,424.9114285714286,-0.060217778910948046
134,304.58,2026-04-08 04:00:00,1,304.58,False,,-0.34110355171157003
411,116.54,2026-04-08 05:00:00,0,116.54,False,,-1.008415752816168
276,85.79,2026-04-08 06:00:00,0,85.79,False,331.0628571428571,-1.1175406740242426
269,378.05,2026-04-08 07:00:00,1,378.05,False,,-0.08037483752759408
227,432.57,2026-04-08 08:00:00,0,432.57,False,457.12142857142857,0.11310453496880386
409,485.24,2026-04-08 09:00:00,1,485.24,False,,0.3000186683030901
21,166.26,2026-04-08 10:00:00,1,166.26,False,,-0.831970514362006
46,212.79,2026-04-08 11:00:00,1,212.79,False,,-0.6668458774900802
211,373.01,2026-04-08 12:00:00,1,373.01,False,,-0.09826067827194203
197,235.54,2026-04-08 13:00:00,1,235.54,False,328.92857142857144,-0.5861111796857321
272,1490.56,2026-04-08 14:00:00,1,1490.56,False,583.2414285714285,3.867676092332416
368,209.02,2026-04-08 15:00:00,1,209.02,False,329.8385714285714,-0.6802247702690863
293,454.28,2026-04-08 16:00:00,0,454.28,False,,0.19014850373066733
128,601.69,2026-04-08 17:00:00,1,601.69,False,,0.7132738577235882
163,627.46,2026-04-08 18:00:00,1,627.46,False,,0.804725864862843
376,232.19,2026-04-08 19:00:00,0,232.19,False,,-0.5979995857360426
100,502.01,2026-04-08 20:00:00,0,502.01,False,,0.3595316741131523
252,458.71,2026-04-08 21:00:00,0,458.71,False,327.0028571428571,0.20586958994048107
269,517.41,2026-04-08 22:00:00,0,517.41,False,,0.4141828541653263
375,369.35,2026-04-08 23:00:00,1,369.35,False,,-0.11124920547914692
357,604.68,2026-04-09 00:00:00,1,604.68,False,,0.7238847037207308
232,402.57,2026-04-09 01:00:00,0,402.57,False,,0.006641197204828433
154,103.4,2026-04-09 02:00:00,0,103.4,False,,-1.0550466947567891
183,393.77,2026-04-09 03:00:00,1,393.77,False,387.69714285714286,-0.024588048539271067
205,428.34,2026-04-09 04:00:00,1,428.34,False,431.02571428571434,0.09809320434408327
109,575.66,2026-04-09 05:00:00,0,575.66,False,,0.620899168323712
312,378.38,2026-04-09 06:00:00,1,378.38,False,,-0.0792037408121904
104,1042.42,2026-04-09 07:00:00,1,1042.42,False,,2.2773267528141514
324,312.88,2026-04-09 08:00:00,0,312.88,False,,-0.3116486949302034
375,222.46,2026-04-09 09:00:00,0,222.46,False,266.86285714285714,-0.6325291949508254
480,834.56,2026-04-09 10:00:00,1,834.56,False,400.2285714285714,1.5396777732268199
59,306.34,2026-04-09 11:00:00,1,306.34,False,236.84714285714284,-0.33485770256275016
379,352.75,2026-04-09 12:00:00,1,352.75,False,,-0.17015891904188007
42,428.47,2026-04-09 13:00:00,1,428.47,False,595.3385714285714,0.098554545474394
168,402.8,2026-04-09 14:00:00,1,402.8,False,,0.007457416127685642
88,514.5,2026-04-09 15:00:00,0,514.5,False,274.71,0.4038559104022208
81,552.36,2026-04-09 16:00:00,0,552.36,False,477.47428571428566,0.5382126426603578
87,206.28,2026-04-09 17:00:00,1,206.28,False,,-0.6899484217848628
21,126.08,2026-04-09 18:00:00,0,126.08,False,255.25857142857143,-0.9745604114072238
411,140.51,2026-04-09 19:00:00,0,140.51,False,,-0.9233515459427516
30,773.9,2026-04-09 20:00:00,0,773.9,False,374.96999999999997,1.3244089042680616
199,287.08,2026-04-09 21:00:00,1,287.08,False,,-0.40320716540722235
349,597.97,2026-04-09 22:00:00,1,597.97,False,499.32714285714286,0.7000724038408552
495,562.85,2026-04-09 23:00:00,1,562.85,False,,0.5754393230984945
426,352.7,2026-04-10 00:00:00,0,352.7,False,270.71999999999997,-0.1703363579381534
68,164.08,2026-04-10 01:00:00,0,164.08,False,,-0.8397068502395215
493,572.37,2026-04-10 02:00:00,0,572.37,False,,0.6092236889489294
326,343.72,2026-04-10 03:00:00,0,343.72,False,536.3128571428571,-0.2022043837088366
89,118.65,2026-04-10 04:00:00,0,118.65,False,,-1.0009278313934349
224,237.15,2026-04-10 05:00:00,0,237.15,False,435.3314285714286,-0.5803976472257321
458,78.71,2026-04-10 06:00:00,1,78.71,False,,-1.142666021736541
196,246.33,2026-04-10 07:00:00,0,246.33,False,360.59000000000003,-0.5478198658699556
91,366.49,2026-04-10 08:00:00,1,366.49,False,,-0.1213987103459793
437,316.69,2026-04-10 09:00:00,1,316.69,False,569.4814285714285,-0.29812785103417855
476,288.3,2026-04-10 10:00:00,0,288.3,False,412.9085714285714,-0.3988776563381539
487,363.68,2026-04-10 11:00:00,0,363.68,False,,-0.13137077631653835
477,492.92,2026-04-10 12:00:00,0,492.92,False,,0.32727328277066786
436,631.07,2026-04-10 13:00:00,1,631.07,False,,0.8175369531737748
227,689.83,2026-04-10 14:00:00,1,689.83,False,515.0371428571428,1.026063144074148
96,187.17,2026-04-10 15:00:00,1,187.17,False,,-0.7577655679405152
308,736.09,2026-04-10 16:00:00,0,736.09,False,511.86,1.190229610906198
110,344.13,2026-04-10 17:00:00,1,344.13,False,,-0.2007493847593957
236,264.0,2026-04-10 18:00:00,1,264.0,False,,-0.48511295992697406
328,144.44,2026-04-10 19:00:00,1,144.44,False,382.38428571428574,-0.9094048486956708
473,468.93,2026-04-10 20:00:00,0,468.93,False,,0.24213810033874214
144,456.17,2026-04-10 21:00:00,0,456.17,False,371.8642857142857,0.19685569400979794
125,219.92,2026-04-10 22:00:00,0,219.92,False,,-0.6415430908815086
367,225.28,2026-04-10 23:00:00,1,225.28,False,391.50714285714287,-0.6225216412010116
3,307.88,2026-04-11 00:00:00,0,307.88,True,677.1828571428571,-0.3293925845575327
283,260.4,2026-04-11 01:00:00,1,260.4,True,,-0.4978885604586512
372,179.95,2026-04-11 02:00:00,0,179.95,True,,-0.7833877445623786
275,130.29,2026-04-11 03:00:00,1,130.29,True,,-0.9596200563410124
191,741.63,2026-04-11 04:00:00,1,741.63,True,,1.2098898406132788
414,236.17,2026-04-11 05:00:00,0,236.17,True,,-0.5838754495926887
185,454.34,2026-04-11 06:00:00,0,454.34,True,413.2485714285714,0.1903614304061953
355,519.0,2026-04-11 07:00:00,0,519.0,True,,0.4198254110668171
232,470.56,2026-04-11 08:00:00,0,470.56,True,,0.24792260835725144
13,538.74,2026-04-11 09:00:00,1,538.74,True,,0.489878287315513
265,466.84,2026-04-11 10:00:00,1,466.84,True,399.75857142857143,0.23472115447451838
24,203.05,2026-04-11 11:00:00,1,203.05,True,,-0.7014109744841174
465,272.12,2026-04-11 12:00:00,1,272.12,True,248.6157142857143,-0.45629688317219136
300,728.28,2026-04-11 13:00:00,0,728.28,True,,1.1625136553083095
186,230.64,2026-04-11 14:00:00,0,230.64,True,,-0.6035001915205148
243,344.5,2026-04-11 15:00:00,1,344.5,True,,-0.19943633692697332
309,494.44,2026-04-11 16:00:00,0,494.44,True,,0.33266742521737586
130,909.95,2026-04-11 17:00:00,0,909.95,True,,1.8072201410276905
144,685.1,2026-04-11 18:00:00,0,685.1,True,408.0142857142858,1.0092774244866944
209,158.36,2026-04-11 19:00:00,1,158.36,True,348.2885714285714,-0.8600058599731861
129,444.08,2026-04-11 20:00:00,1,444.08,True,,0.15395096889091572
378,408.11,2026-04-11 21:00:00,0,408.11,True,,0.0263014269119093
51,273.98,2026-04-11 22:00:00,1,273.98,True,,-0.4496961562308248
413,352.07,2026-04-11 23:00:00,0,352.07,True,355.2785714285714,-0.17257208803119686
174,201.39,2026-04-12 00:00:00,1,201.39,True,,-0.7073019458403909
280,303.64,2026-04-12 01:00:00,0,303.64,True,,-0.3444394029615079
78,232.38,2026-04-12 02:00:00,1,232.38,True,,-0.5973253179302042
192,371.99,2026-04-12 03:00:00,0,371.99,True,,-0.10188043175591713
377,266.15,2026-04-12 04:00:00,1,266.15,True,,-0.47748308738722256
135,955.75,2026-04-12 05:00:00,0,955.75,True,,1.9697541700140262
66,381.09,2026-04-12 06:00:00,0,381.09,True,,-0.06958655263417804
260,329.28,2026-04-12 07:00:00,0,329.28,True,392.82571428571424,-0.2534487369525636
81,291.38,2026-04-12 08:00:00,0,291.38,True,388.6714285714285,-0.3879474203277192
157,266.72,2026-04-12 09:00:00,0,266.72,True,,-0.47546028396970685
225,118.68,2026-04-12 10:00:00,0,118.68,True,,-1.000821368055671
282,597.0,2026-04-12 11:00:00,1,597.0,True,471.9942857142857,0.6966300892531532
319,835.36,2026-04-12 12:00:00,1,835.36,True,,1.5425167955671928
338,229.54,2026-04-12 13:00:00,1,229.54,True,,-0.6074038472385271
422,725.74,2026-04-12 14:00:00,0,725.74,True,,1.1534997593776264
33,1480.97,2026-04-12 15:00:00,1,1480.97,True,741.5971428571428,3.8336433120271987
181,1146.28,2026-04-12 16:00:00,1,1146.28,True,,2.645902828153034
0,810.99,2026-04-12 17:00:00,0,810.99,True,620.7185714285714,1.45603307752359
4,132.83,2026-04-12 18:00:00,0,132.83,True,,-0.9506061604103293
106,131.43,2026-04-12 19:00:00,0,131.43,True,,-0.9555744495059815
299,536.94,2026-04-12 20:00:00,1,536.94,True,,0.4834904870496746
447,347.04,2026-04-12 21:00:00,1,347.04,True,,-0.19042244099629
386,46.98,2026-04-12 22:00:00,0,46.98,True,492.4714285714286,-1.2552687453115723
323,251.08,2026-04-12 23:00:00,1,251.08,True,,-0.5309631707239928
389,520.66,2026-04-13 00:00:00,1,520.66,False,459.7342857142857,0.4257163824230903
85,306.99,2026-04-13 01:00:00,1,306.99,False,,-0.3325509969111972
419,348.3,2026-04-13 02:00:00,1,348.3,False,466.00428571428574,-0.18595098081020306
445,131.25,2026-04-13 03:00:00,1,131.25,False,,-0.9562132295325653
47,248.54,2026-04-13 04:00:00,0,248.54,False,489.8557142857143,-0.539977066654676
234,538.51,2026-04-13 05:00:00,1,538.51,False,457.4414285714286,0.48906206839265576
415,239.03,2026-04-13 06:00:00,0,239.03,False,,-0.5737259447258563
238,764.91,2026-04-13 07:00:00,1,764.91,False,,1.2925053907181236
420,354.18,2026-04-13 08:00:00,0,354.18,False,178.32714285714286,-0.1650841666084639
467,467.7,2026-04-13 09:00:00,0,467.7,False,,0.23777310349041908
237,530.15,2026-04-13 10:00:00,1,530.15,False,451.92571428571426,0.45939428493576123
29,515.64,2026-04-13 11:00:00,1,515.64,False,,0.4079015172372518
170,154.43,2026-04-13 12:00:00,1,154.43,False,,-0.873952557220267
107,178.85,2026-04-13 13:00:00,1,178.85,False,,-0.787291400280391
237,45.96,2026-04-13 14:00:00,1,45.96,False,379.4342857142857,-1.2588884987955475
292,271.39,2026-04-13 15:00:00,1,271.39,False,483.97285714285715,-0.4588874910577815
231,167.63,2026-04-13 16:00:00,1,167.63,False,,-0.8271086886041178
97,233.4,2026-04-13 17:00:00,0,233.4,False,,-0.593705564446229
150,293.32,2026-04-13 18:00:00,1,293.32,False,306.9857142857143,-0.3810627911523154
339,388.6,2026-04-13 19:00:00,0,388.6,False,,-0.042935230413929354
13,310.47,2026-04-13 20:00:00,1,310.47,False,,-0.320201249730576
107,306.19,2026-04-13 21:00:00,0,306.19,False,,-0.33539001925156997
446,442.0,2026-04-13 22:00:00,0,442.0,False,,0.14656951080594682
49,337.14,2026-04-13 23:00:00,0,337.14,False,,-0.225555342458402
207,626.88,2026-04-14 00:00:00,0,626.88,False,473.95142857142855,0.8026675736660728
103,337.94,2026-04-14 01:00:00,1,337.94,False,,-0.22271632011802928
52,913.62,2026-04-14 02:00:00,1,913.62,False,426.1942857142857,1.8202441560141498
211,149.09,2026-04-14 03:00:00,1,149.09,False,,-0.8929030313422546
260,267.68,2026-04-14 04:00:00,0,267.68,False,363.1385714285715,-0.4720534571612597
88,204.41,2026-04-14 05:00:00,0,204.41,False,264.3,-0.696584636505484
38,399.49,2026-04-14 06:00:00,0,399.49,False,,-0.0042890388056063215
67,149.0,2026-04-14 07:00:00,1,149.0,False,466.90000000000003,-0.8932224213555465
325,95.3,2026-04-14 08:00:00,1,95.3,False,469.34857142857146,-1.0837917959530625
430,174.37,2026-04-14 09:00:00,0,174.37,False,386.98285714285714,-0.8031899253864779
90,101.92,2026-04-14 10:00:00,0,101.92,False,,-1.0602988860864786
160,296.27,2026-04-14 11:00:00,1,296.27,False,311.56142857142856,-0.3705938962721912
171,387.8,2026-04-14 12:00:00,1,387.8,False,626.6157142857144,-0.045774252754302074
180,81.99,2026-04-14 13:00:00,0,81.99,False,409.1228571428572,-1.1310260301410129
122,254.99,2026-04-14 14:00:00,0,254.99,False,365.55000000000007,-0.5170874490354213
27,683.86,2026-04-14 15:00:00,1,683.86,False,282.3957142857143,1.0048769398591169
262,818.08,2026-04-14 16:00:00,1,818.08,False,331.54285714285714,1.481193913015143
178,567.93,2026-04-14 17:00:00,1,567.93,False,,0.5934671149598608
171,27.53,2026-04-14 18:00:00,1,27.53,False,547.9957142857144,-1.3242924759618828
132,362.93,2026-04-14 19:00:00,1,362.93,False,,-0.1340323597606377
464,737.44,2026-04-14 20:00:00,0,737.44,False,,1.195020461105577
305,235.37,2026-04-14 21:00:00,1,235.37,False,328.0,-0.5867144719330613
209,120.55,2026-04-14 22:00:00,0,120.55,False,326.69571428571425,-0.9941851533350499
102,701.04,2026-04-14 23:00:00,0,701.04,False,,1.0658449446186198
400,770.29,2026-04-15 00:00:00,0,770.29,False,521.4714285714286,1.3115978159571298
444,335.34,2026-04-15 01:00:00,1,335.34,False,,-0.23194314272424058
16,121.58,2026-04-15 02:00:00,0,121.58,False,,-0.9905299120718202
464,71.9,2026-04-15 03:00:00,0,71.9,False,,-1.1668331994089634
349,428.59,2026-04-15 04:00:00,1,428.59,False,499.85714285714283,0.09898039882544972
49,205.82,2026-04-15 05:00:00,0,205.82,False,451.3828571428571,-0.6915808596305771
376,319.97,2026-04-15 06:00:00,1,319.97,False,,-0.28648785943865046
53,295.07,2026-04-15 07:00:00,1,295.07,False,294.4371428571429,-0.3748524297827502
25,166.64,2026-04-15 08:00:00,1,166.64,False,492.39142857142855,-0.8306219787503291
57,67.93,2026-04-15 09:00:00,1,67.93,False,386.32571428571424,-1.1809218477730627
229,240.3,2026-04-15 10:00:00,1,240.3,False,,-0.5692189967605146
309,373.29,2026-04-15 11:00:00,1,373.29,False,,-0.09726702045281149
203,386.0,2026-04-15 12:00:00,1,386.0,False,,-0.05216205302014064
60,195.26,2026-04-15 13:00:00,0,195.26,False,249.73571428571427,-0.7290559545234965
99,759.95,2026-04-15 14:00:00,0,759.95,False,,1.2749034522078133
426,132.83,2026-04-15 15:00:00,1,132.83,False,257.17571428571426,-0.9506061604103293
481,648.13,2026-04-15 16:00:00,0,648.13,False,427.55428571428575,0.8780791045822219
377,364.71,2026-04-15 17:00:00,0,364.71,False,,-0.1277155350533086
51,241.97,2026-04-15 18:00:00,0,241.97,False,,-0.5632925376249867
409,468.48,2026-04-15 19:00:00,1,468.48,False,,0.24054115027228254
345,281.94,2026-04-15 20:00:00,1,281.94,False,,-0.42144788394411675
263,94.12,2026-04-15 21:00:00,1,94.12,False,,-1.0879793539051121
71,124.32,2026-04-15 22:00:00,1,124.32,False,346.93571428571425,-0.9808062605560437
498,268.24,2026-04-15 23:00:00,1,268.24,False,,-0.4700661415229988
221,217.55,2026-04-16 00:00:00,1,217.55,False,424.6642857142857,-0.6499536945648626
22,638.16,2026-04-16 01:00:00,1,638.16,False,,0.8426977886653274
104,209.63,2026-04-16 02:00:00,1,209.63,False,,-0.6780600157345522
200,199.36,2026-04-16 03:00:00,1,199.36,False,,-0.7145059650290864
31,178.74,2026-04-16 04:00:00,0,178.74,False,,-0.7876817658521922
161,166.33,2026-04-16 05:00:00,0,166.33,False,,-0.8317220999072233
234,170.92,2026-04-16 06:00:00,0,170.92,False,427.4028571428571,-0.8154332092293352
474,107.92,2026-04-16 07:00:00,1,107.92,False,356.78285714285715,-1.0390062185336835
43,375.9,2026-04-16 08:00:00,1,375.9,False,,-0.08800471006734578
288,300.13,2026-04-16 09:00:00,1,300.13,False,,-0.356895613479893
457,290.81,2026-04-16 10:00:00,1,290.81,False,482.98857142857145,-0.38997022374523466
403,76.39,2026-04-16 11:00:00,0,76.39,False,,-1.1508991865236218
462,440.63,2026-04-16 12:00:00,0,440.63,False,427.7871428571429,0.1417076850480586
85,471.8,2026-04-16 13:00:00,0,471.8,False,,0.25232309298482913
400,884.9,2026-04-16 14:00:00,1,884.9,False,516.4114285714286,1.7183232539947706
489,454.24,2026-04-16 15:00:00,0,454.24,False,,0.19000655261364885
163,1003.18,2026-04-16 16:00:00,0,1003.18,False,,2.1380727070188708
249,191.52,2026-04-16 17:00:00,1,191.52,False,,-0.7423283839647387
265,916.27,2026-04-16 18:00:00,0,916.27,False,423.2828571428571,1.8296484175166345
246,464.53,2026-04-16 19:00:00,1,464.53,False,586.2328571428571,0.22652347746669227
144,424.5,2026-04-16 20:00:00,1,424.5,False,394.5785714285715,0.0844658971102945
485,285.27,2026-04-16 21:00:00,1,285.27,False,,-0.4096304534523155
478,241.21,2026-04-16 22:00:00,0,241.21,False,,-0.5659896088483407
190,203.58,2026-04-16 23:00:00,0,203.58,False,,-0.6995301221836205
402,936.76,2026-04-17 00:00:00,0,936.76,False,410.39571428571423,1.9023628772094299
198,278.44,2026-04-17 01:00:00,0,278.44,False,,-0.4338686066832472
397,470.36,2026-04-17 02:00:00,1,470.36,False,258.2857142857143,0.24721285277215832
292,543.32,2026-04-17 03:00:00,1,543.32,False,472.54285714285714,0.5061316902141467
235,538.06,2026-04-17 04:00:00,0,538.06,False,,0.48746511832619593
64,377.14,2026-04-17 05:00:00,0,377.14,False,519.3428571428572,-0.0836042254397681
327,905.19,2026-04-17 06:00:00,0,905.19,False,,1.790327958102473
160,444.92,2026-04-17 07:00:00,0,444.92,False,361.9557142857143,0.15693194234830715
108,199.42,2026-04-17 08:00:00,1,199.42,False,,-0.7142930383535585
96,250.06,2026-04-17 09:00:00,0,250.06,False,,-0.5345829242079679
490,80.8,2026-04-17 10:00:00,0,80.8,False,335.3514285714286,-1.1352490758723173
51,406.91,2026-04-17 11:00:00,0,406.91,False,,0.022042893401350325
399,497.94,2026-04-17 12:00:00,1,497.94,False,,0.34508814795650633
433,527.85,2026-04-17 13:00:00,0,527.85,False,,0.4512320957071899
15,464.54,2026-04-17 14:00:00,0,464.54,False,306.71714285714285,0.2265589652459471
294,286.02,2026-04-17 15:00:00,1,286.02,False,240.00857142857143,-0.40696887000821613
288,327.58,2026-04-17 16:00:00,1,327.58,False,,-0.2594816594258555
179,328.28,2026-04-17 17:00:00,0,328.28,False,,-0.25699751487802946
333,639.68,2026-04-17 18:00:00,1,639.68,False,,0.8480919311120354
204,52.11,2026-04-17 19:00:00,0,52.11,False,318.0885714285714,-1.2370635145539324
219,228.53,2026-04-17 20:00:00,0,228.53,False,,-0.6109881129432476
215,140.0,2026-04-17 21:00:00,1,140.0,False,,-0.9251614226847391
400,1148.34,2026-04-17 22:00:00,0,1148.34,False,657.5642857142857,2.6532133106794937
316,725.47,2026-04-17 23:00:00,1,725.47,False,361.3971428571428,1.1525415893377509
189,236.2,2026-04-18 00:00:00,0,236.2,True,,-0.5837689862549247
463,97.61,2026-04-18 01:00:00,1,97.61,True,433.84000000000003,-1.0755941189452365
401,124.64,2026-04-18 02:00:00,0,124.64,True,,-0.9796706516198946
466,633.87,2026-04-18 03:00:00,1,633.87,True,,0.8274735313650791
365,78.41,2026-04-18 04:00:00,1,78.41,True,,-1.1437306551141806
195,331.5,2026-04-18 05:00:00,1,331.5,True,,-0.24557044995802935
386,565.68,2026-04-18 06:00:00,0,565.68,True,490.0957142857143,0.5854823646275626
164,113.86,2026-04-18 07:00:00,1,113.86,True,,-1.0179264776564163
135,328.89,2026-04-18 08:00:00,0,328.89,True,,-0.2548327603434952
225,239.29,2026-04-18 09:00:00,1,239.29,True,,-0.5728032624652352
484,215.35,2026-04-18 10:00:00,1,215.35,True,269.1342857142857,-0.6577610060008876
283,187.01,2026-04-18 11:00:00,0,187.01,True,,-0.7583333724085897
191,597.66,2026-04-18 12:00:00,0,597.66,True,,0.6989722826839606
230,828.49,2026-04-18 13:00:00,1,828.49,True,405.6914285714286,1.5181366912192422
145,269.13,2026-04-18 14:00:00,1,269.13,True,,-0.46690772916933426
329,425.8,2026-04-18 15:00:00,0,425.8,True,,0.08907930841340014
175,334.5,2026-04-18 16:00:00,0,334.5,True,,-0.23492411618163178
277,59.94,2026-04-18 17:00:00,0,59.94,True,474.9042857142857,-1.209276583397535
184,261.05,2026-04-18 18:00:00,1,261.05,True,,-0.49558185480709827
160,47.89,2026-04-18 19:00:00,0,47.89,True,354.6842857142857,-1.2520393573993984
485,223.78,2026-04-18 20:00:00,1,223.78,True,411.32142857142856,-0.6278448080892104
172,322.22,2026-04-18 21:00:00,0,322.22,True,,-0.2785031091063523
35,535.22,2026-04-18 22:00:00,1,535.22,True,,0.47738658901787323
189,399.12,2026-04-18 23:00:00,0,399.12,True,,-0.005602086638028701
266,608.11,2026-04-19 00:00:00,0,608.11,True,443.4114285714286,0.7360570120050788
47,162.68,2026-04-19 01:00:00,1,162.68,True,438.7471428571429,-0.8446751393351737
152,760.55,2026-04-19 02:00:00,1,760.55,True,392.2742857142857,1.2770327189630923
83,829.06,2026-04-19 03:00:00,0,829.06,True,,1.5201594946367576
250,45.16,2026-04-19 04:00:00,0,45.16,True,,-1.26172752113592
361,73.86,2026-04-19 05:00:00,0,73.86,True,,-1.1598775946750504
484,316.61,2026-04-19 06:00:00,1,316.61,True,271.52,-0.29841175326821573
194,210.63,2026-04-19 07:00:00,0,210.63,True,,-0.6745112378090864
431,237.65,2026-04-19 08:00:00,1,237.65,True,,-0.5786232582629991
107,396.54,2026-04-19 09:00:00,0,396.54,True,,-0.014757933685730532
390,624.46,2026-04-19 10:00:00,1,624.46,True,326.13428571428574,0.7940795310864455
281,155.43,2026-04-19 11:00:00,1,155.43,True,,-0.8704037792948011
379,695.0,2026-04-19 12:00:00,0,695.0,True,387.5285714285714,1.0444103259488062
377,184.25,2026-04-19 13:00:00,0,184.25,True,,-0.7681279994828754
266,1249.13,2026-04-19 14:00:00,1,1249.13,True,512.4842857142858,3.010894637787197
128,764.18,2026-04-19 15:00:00,0,764.18,True,,1.2899147828325335
263,200.14,2026-04-19 16:00:00,0,200.14,True,,-0.7117379182472231
413,99.74,2026-04-19 17:00:00,0,99.74,True,298.3514285714286,-1.0680352219639941
485,196.38,2026-04-19 18:00:00,0,196.38,True,397.9228571428571,-0.7250813232469747
463,174.78,2026-04-19 19:00:00,0,174.78,True,374.34142857142854,-0.8017349264370369
90,490.51,2026-04-19 20:00:00,0,490.51,True,,0.31872072797029505
298,46.5,2026-04-19 21:00:00,0,46.5,True,,-1.2569721587157958
52,74.81,2026-04-19 22:00:00,0,74.81,True,432.59714285714284,-1.1565062556458579
334,480.91,2026-04-19 23:00:00,0,480.91,True,,0.28465245988582305
496,168.56,2026-04-20 00:00:00,0,168.56,False,,-0.8238083251334345
26,226.09,2026-04-20 01:00:00,1,226.09,False,,-0.6196471310813844
328,563.94,2026-04-20 02:00:00,0,563.94,False,258.4342857142857,0.5793074910372524
472,643.27,2026-04-20 03:00:00,1,643.27,False,,0.8608320438644579
423,739.98,2026-04-20 04:00:00,1,739.98,False,522.7314285714285,1.2040343570362602
196,532.14,2026-04-20 05:00:00,1,532.14,False,411.90285714285716,0.46645635300743826
51,278.78,2026-04-20 06:00:00,1,278.78,False,337.3357142857143,-0.4326620221885889
461,261.3,2026-04-20 07:00:00,0,261.3,False,,-0.4946946603257318
460,238.27,2026-04-20 08:00:00,1,238.27,False,587.7171428571429,-0.5764230159492103
289,114.26,2026-04-20 09:00:00,0,114.26,False,,-1.01650696648623
489,150.03,2026-04-20 10:00:00,0,150.03,False,,-0.8895671800923167
2,676.86,2026-04-20 11:00:00,1,676.86,False,387.34285714285716,0.9800354943808558
308,183.16,2026-04-20 12:00:00,0,183.16,False,503.48285714285714,-0.7719961674216331
19,114.94,2026-04-20 13:00:00,0,114.94,False,,-1.0140937974969133
467,714.63,2026-04-20 14:00:00,1,714.63,False,362.7,1.114072836625701
340,379.36,2026-04-20 15:00:00,1,379.36,False,,-0.07572593844523381
456,950.08,2026-04-20 16:00:00,1,950.08,False,,1.9496325991766346
281,884.86,2026-04-20 17:00:00,1,884.86,False,,1.7181813028777522
41,124.44,2026-04-20 18:00:00,1,124.44,False,,-0.9803804072049878
13,301.2,2026-04-20 19:00:00,0,301.2,False,,-0.35309842109964457
167,140.39,2026-04-20 20:00:00,0,140.39,False,,-0.9237773992938075
371,139.31,2026-04-20 21:00:00,0,139.31,False,404.59285714285716,-0.9276100794533105
75,232.86,2026-04-20 22:00:00,0,232.86,False,,-0.5956219045259805
426,500.46,2026-04-20 23:00:00,1,500.46,False,304.4428571428571,0.3540310683286802
119,502.52,2026-04-21 00:00:00,1,502.52,False,583.6414285714285,0.36134155085513986
248,460.24,2026-04-21 01:00:00,1,460.24,False,,0.21129922016644392
101,278.13,2026-04-21 02:00:00,1,278.13,False,417.44,-0.4349687278401416
232,521.21,2026-04-21 03:00:00,1,521.21,False,388.84857142857146,0.42766821028209673
226,113.35,2026-04-21 04:00:00,0,113.35,False,,-1.0197363543984042
2,383.76,2026-04-21 05:00:00,0,383.76,False,401.9171428571429,-0.06011131557318417
283,329.93,2026-04-21 06:00:00,0,329.93,False,,-0.2511420313010107
393,265.46,2026-04-21 07:00:00,1,265.46,False,489.9828571428571,-0.479931744155794
468,394.5,2026-04-21 08:00:00,1,394.5,False,551.0699999999999,-0.021997440653680932
165,142.84,2026-04-21 09:00:00,0,142.84,False,,-0.9150828933764162
440,472.98,2026-04-21 10:00:00,0,472.98,False,,0.25651065093687886
439,323.6,2026-04-21 11:00:00,0,323.6,False,393.36999999999995,-0.27360579556920944
494,82.18,2026-04-21 12:00:00,0,82.18,False,,-1.1303517623351744
186,318.1,2026-04-21 13:00:00,1,318.1,False,369.8785714285714,-0.2931240741592716
425,212.35,2026-04-21 14:00:00,1,212.35,False,409.3014285714286,-0.6684073397772851
282,688.27,2026-04-21 15:00:00,1,688.27,False,473.21714285714285,1.0205270505104211
29,121.18,2026-04-21 16:00:00,0,121.18,False,,-0.9919494232420064
135,125.2,2026-04-21 17:00:00,0,125.2,False,497.5014285714286,-0.9776833359816337
336,431.1,2026-04-21 18:00:00,1,431.1,False,,0.10788783141836918
80,286.7,2026-04-21 19:00:00,0,286.7,False,243.67000000000002,-0.40455570101889937
217,276.28,2026-04-21 20:00:00,0,276.28,False,,-0.44153396700225356
387,1253.79,2026-04-21 21:00:00,0,1253.79,False,,3.0274319429198675
74,512.44,2026-04-21 22:00:00,0,512.44,False,293.93857142857144,0.3965454278757613
248,249.87,2026-04-21 23:00:00,0,249.87,False,,-0.5352571920138065
107,71.94,2026-04-22 00:00:00,0,71.94,False,,-1.1666912482919447
268,238.9,2026-04-22 01:00:00,0,238.9,False,,-0.5741872858561669
120,109.99,2026-04-22 02:00:00,1,109.99,False,319.5442857142857,-1.0316602482279693
482,151.01,2026-04-22 03:00:00,1,151.01,False,,-0.8860893777253602
38,155.47,2026-04-22 04:00:00,1,155.47,False,,-0.8702618281777825
481,651.81,2026-04-22 05:00:00,0,651.81,False,490.85571428571427,0.8911386073479362
395,89.24,2026-04-22 06:00:00,1,89.24,False,,-1.1052973901813856
427,608.25,2026-04-22 07:00:00,1,608.25,False,424.8671428571429,0.736553840914644
425,445.15,2026-04-22 08:00:00,0,445.15,False,417.0142857142857,0.15774816127116417
93,440.5,2026-04-22 09:00:00,0,440.5,False,,0.14124634391774807
465,145.71,2026-04-22 10:00:00,1,145.71,False,257.2371428571429,-0.9048979007303292
297,554.1,2026-04-22 11:00:00,0,554.1,False,,0.5443875162506684
481,130.98,2026-04-22 12:00:00,0,130.98,False,498.13571428571424,-0.9571713995724412
439,837.79,2026-04-22 13:00:00,0,837.79,False,406.01571428571424,1.5511403259260745
289,662.21,2026-04-22 14:00:00,0,662.21,False,,0.9280458977727812
187,934.15,2026-04-22 15:00:00,0,934.15,False,,1.8931005668239635
58,331.22,2026-04-22 16:00:00,0,331.22,False,,-0.24656410777715967
50,286.55,2026-04-22 17:00:00,1,286.55,False,,-0.40508801770771913
194,233.76,2026-04-22 18:00:00,0,233.76,False,,-0.5924280043930613
405,1236.37,2026-04-22 19:00:00,1,1236.37,False,,2.965612231458252
252,497.34,2026-04-22 20:00:00,0,497.34,False,310.4842857142857,0.34295888120122675
240,111.16,2026-04-22 21:00:00,1,111.16,False,,-1.027508178055174
122,774.36,2026-04-22 22:00:00,1,774.36,False,451.2114285714286,1.326041342113776
282,278.2,2026-04-22 23:00:00,0,278.2,False,477.59714285714284,-0.43472031338535905
319,18.86,2026-04-23 00:00:00,0,18.86,False,,-1.3550603805756718
491,174.25,2026-04-23 01:00:00,1,174.25,False,,-0.8036157787375339
364,661.91,2026-04-23 02:00:00,0,661.91,False,,0.9269812643951413
303,446.22,2026-04-23 03:00:00,1,446.22,False,,0.16154535365141282
455,510.28,2026-04-23 04:00:00,0,510.28,False,,0.3888800675567548
212,769.29,2026-04-23 05:00:00,0,769.29,False,,1.308049038031664
467,59.48,2026-04-23 06:00:00,0,59.48,False,334.9714285714286,-1.2109090212432492
184,176.07,2026-04-23 07:00:00,1,176.07,False,,-0.797157002913186
63,336.81,2026-04-23 08:00:00,0,336.81,False,327.19714285714286,-0.22672643917380567
208,675.28,2026-04-23 09:00:00,1,675.28,False,404.9742857142857,0.9744284252586196
64,130.3,2026-04-23 10:00:00,0,130.3,False,463.4042857142857,-0.9595845685617579
59,248.68,2026-04-23 11:00:00,1,248.68,False,235.54714285714286,-0.5394802377451108
440,320.95,2026-04-23 12:00:00,1,320.95,False,389.21285714285716,-0.2830100570716941
397,168.7,2026-04-23 13:00:00,1,168.7,False,203.66285714285715,-0.8233114962238693
110,318.21,2026-04-23 14:00:00,0,318.21,False,,-0.2927337085874705
418,285.47,2026-04-23 15:00:00,1,285.47,False,380.62857142857143,-0.4089206978672222
34,208.12,2026-04-23 16:00:00,1,208.12,False,,-0.6834186704020055
142,553.12,2026-04-23 17:00:00,0,553.12,False,,0.5409097138837118
353,485.9,2026-04-23 18:00:00,0,485.9,False,,0.3023608617338975
151,570.24,2026-04-23 19:00:00,1,570.24,False,,0.6016647919676872
365,605.14,2026-04-23 20:00:00,0,605.14,False,,0.7255171415664452
437,79.0,2026-04-23 21:00:00,1,79.0,False,501.46571428571434,-1.141636876138156
33,88.41,2026-04-23 22:00:00,0,88.41,False,646.6914285714284,-1.1082428758595222
11,520.95,2026-04-23 23:00:00,0,520.95,False,594.4728571428572,0.42674552802147564
470,224.19,2026-04-24 00:00:00,1,224.19,False,366.1042857142857,-0.6263898091397695
260,201.68,2026-04-24 01:00:00,1,201.68,False,310.21999999999997,-0.7062728002420057
253,177.21,2026-04-24 02:00:00,0,177.21,False,,-0.793111396078155
231,584.01,2026-04-24 03:00:00,1,584.01,False,,0.6505314640013519
216,1185.47,2026-04-24 04:00:00,0,1185.47,False,441.4771428571429,2.784979435052041
345,602.95,2026-04-24 05:00:00,0,602.95,False,,0.7177453179096752
289,216.03,2026-04-24 06:00:00,1,216.03,False,,-0.6553478370115707
81,563.73,2026-04-24 07:00:00,1,563.73,False,451.44571428571425,0.5785622476729045
313,85.67,2026-04-24 08:00:00,0,85.67,False,,-1.1179665273752986
334,270.2,2026-04-24 09:00:00,1,270.2,False,,-0.4631105367890858
56,59.57,2026-04-24 10:00:00,0,59.57,False,,-1.2105896312299573
188,224.53,2026-04-24 11:00:00,1,224.53,False,,-0.625183224645111
395,364.69,2026-04-24 12:00:00,1,364.69,False,,-0.12778651061181787
309,1329.83,2026-04-24 13:00:00,1,1329.83,False,454.8985714285714,3.29728101637229
68,712.23,2026-04-24 14:00:00,0,712.23,False,385.71999999999997,1.1055557696045828
20,60.93,2026-04-24 15:00:00,0,60.93,False,435.8,-1.2057632932513238
290,67.58,2026-04-24 16:00:00,0,67.58,False,,-1.1821639200469758
230,169.7,2026-04-24 17:00:00,1,169.7,False,409.11,-0.8197627182984035
480,1012.51,2026-04-24 18:00:00,1,1012.51,False,469.9414285714285,2.171182805063468
261,64.09,2026-04-24 19:00:00,1,64.09,False,,-1.1945491550068517
465,178.38,2026-04-24 20:00:00,0,178.38,False,236.95142857142855,-0.7889593259053599
107,177.57,2026-04-24 21:00:00,1,177.57,False,234.96571428571428,-0.7918338360249872
223,430.53,2026-04-24 22:00:00,1,430.53,False,291.0242857142857,0.10586502800085346
69,573.73,2026-04-24 23:00:00,0,573.73,False,451.52857142857147,0.614050026927563
287,489.3,2026-04-25 00:00:00,0,489.3,True,,0.31442670668048145
94,387.85,2026-04-25 01:00:00,0,387.85,True,,-0.04559681385802874
246,82.1,2026-04-25 02:00:00,0,82.1,True,441.2442857142857,-1.130635664569212
172,344.34,2026-04-25 03:00:00,1,344.34,True,,-0.20000414139504794
92,784.07,2026-04-25 04:00:00,1,784.07,True,,1.3604999757700496
48,963.51,2026-04-25 05:00:00,0,963.51,True,,1.997292686715641
256,422.22,2026-04-25 06:00:00,1,422.22,True,,0.07637468344023246
473,61.59,2026-04-25 07:00:00,0,61.59,True,436.90142857142854,-1.2034210998205164
99,427.45,2026-04-25 08:00:00,1,427.45,True,447.7128571428571,0.09493479199041871
202,284.77,2026-04-25 09:00:00,1,284.77,True,,-0.41140484241504843
112,72.7,2026-04-25 10:00:00,1,72.7,True,,-1.1639941770685907
404,123.33,2026-04-25 11:00:00,1,123.33,True,408.9514285714286,-0.9843195507022549
207,145.64,2026-04-25 12:00:00,1,145.64,True,372.4171428571429,-0.9051463151851118
487,522.22,2026-04-25 13:00:00,1,522.22,True,,0.4312524759868172
122,936.61,2026-04-25 14:00:00,0,936.61,True,490.63714285714286,1.9018305605206096
40,467.05,2026-04-25 15:00:00,1,467.05,True,,0.23546639783886636
291,533.98,2026-04-25 16:00:00,1,533.98,True,,0.47298610439029554
325,300.57,2026-04-25 17:00:00,1,300.57,True,481.8914285714286,-0.355334151192688
495,199.04,2026-04-25 18:00:00,0,199.04,True,,-0.7156415739652355
435,476.24,2026-04-25 19:00:00,0,476.24,True,,0.26807966697389746
442,391.64,2026-04-25 20:00:00,1,391.64,True,,-0.03214694552051331
317,158.01,2026-04-25 21:00:00,1,158.01,True,324.80428571428564,-0.8612479322470993
179,372.55,2026-04-25 22:00:00,1,372.55,True,,-0.09989311611765625
214,315.94,2026-04-25 23:00:00,1,315.94,True,,-0.30078943447827794
66,247.12,2026-04-26 00:00:00,1,247.12,True,,-0.5450163313088375
215,193.19,2026-04-26 01:00:00,1,193.19,True,273.52285714285716,-0.7364019248292107
182,421.94,2026-04-26 02:00:00,1,421.94,True,,0.07538102562110191
17,204.0,2026-04-26 03:00:00,0,204.0,True,,-0.6980396354549249
102,1186.51,2026-04-26 04:00:00,1,1186.51,True,,2.7886701640945253
267,455.84,2026-04-26 05:00:00,0,455.84,True,,0.19568459729439408
184,427.1,2026-04-26 06:00:00,1,427.1,True,,0.09369271971650578
496,276.07,2026-04-26 07:00:00,1,276.07,True,437.25714285714287,-0.4422792103666013
239,229.93,2026-04-26 08:00:00,1,229.93,True,259.49857142857144,-0.6060198238475955
479,46.52,2026-04-26 09:00:00,1,46.52,True,302.7328571428571,-1.2569011831572867
330,167.48,2026-04-26 10:00:00,0,167.48,True,,-0.8276410052929377
20,60.07,2026-04-26 11:00:00,1,60.07,True,267.80285714285714,-1.2088152422672245
101,59.15,2026-04-26 12:00:00,1,59.15,True,389.51142857142855,-1.2120801179586531
352,106.35,2026-04-26 13:00:00,1,106.35,True,,-1.044577799876665
272,729.21,2026-04-26 14:00:00,0,729.21,True,625.37,1.1658140187789932
150,726.81,2026-04-26 15:00:00,1,726.81,True,360.7914285714286,1.1572969517578746
261,170.96,2026-04-26 16:00:00,0,170.96,True,477.5728571428572,-0.8152912581123165
451,80.06,2026-04-26 17:00:00,0,80.06,True,273.0342857142857,-1.137875171537162
194,221.49,2026-04-26 18:00:00,1,221.49,True,,-0.6359715095385272
22,518.49,2026-04-26 19:00:00,1,518.49,True,415.86428571428576,0.4180155343248295
155,629.9,2026-04-26 20:00:00,1,629.9,True,,0.8133848830009796
467,368.58,2026-04-26 21:00:00,1,368.58,True,333.8942857142857,-0.11398176448175576
380,418.08,2026-04-26 22:00:00,1,418.08,True,,0.0616827428288037
418,388.83,2026-04-26 23:00:00,0,388.83,True,338.25428571428574,-0.04211901149107235
455,64.99,2026-04-27 00:00:00,0,64.99,False,,-1.1913552548739323
58,88.49,2026-04-27 01:00:00,0,88.49,False,,-1.107958973625485
141,962.41,2026-04-27 02:00:00,1,962.41,False,,1.9933890309976283
29,367.28,2026-04-27 03:00:00,1,367.28,False,,-0.11859517578486141
2,33.76,2026-04-27 04:00:00,1,33.76,False,378.7142857142857,-1.3021835894862308
417,436.59,2026-04-27 05:00:00,1,436.59,False,,0.1273706222291765
468,139.39,2026-04-27 06:00:00,1,139.39,False,407.2871428571429,-0.9273261772192734
77,665.16,2026-04-27 07:00:00,0,665.16,False,470.4271428571428,0.9385147926529053
361,616.94,2026-04-27 08:00:00,0,616.94,False,505.5571428571429,0.7673927210869425
267,498.28,2026-04-27 09:00:00,0,498.28,False,,0.34629473245116466
34,364.14,2026-04-27 10:00:00,0,364.14,False,,-0.1297383384708241
457,777.56,2026-04-27 11:00:00,0,777.56,False,518.9342857142857,1.3373974314752666
435,831.65,2026-04-27 12:00:00,1,831.65,False,,1.5293508294637144
283,142.74,2026-04-27 13:00:00,1,142.74,False,326.89142857142855,-0.9154377711689627
353,494.42,2026-04-27 14:00:00,0,494.42,False,,0.33259644965886664
198,195.04,2026-04-27 15:00:00,1,195.04,False,,-0.7298366856670989
396,124.3,2026-04-27 16:00:00,1,124.3,False,,-0.9808772361145529
222,831.16,2026-04-27 17:00:00,0,831.16,False,,1.527611928280236
494,551.78,2026-04-27 18:00:00,0,551.78,False,,0.5361543514635875
31,386.92,2026-04-27 19:00:00,1,386.92,False,,-0.048897177328712
86,155.6,2026-04-27 20:00:00,1,155.6,False,,-0.8698004870474719
484,847.71,2026-04-27 21:00:00,0,847.71,False,375.74142857142857,1.586344202946696
144,137.52,2026-04-27 22:00:00,0,137.52,False,377.2142857142857,-0.9339623919398943
155,110.09,2026-04-27 23:00:00,0,110.09,False,,-1.0313053704354227
395,316.67,2026-04-28 00:00:00,0,316.67,False,,-0.2981988265926878
94,518.42,2026-04-28 01:00:00,0,518.42,False,499.1028571428571,0.4177671198700468
256,239.85,2026-04-28 02:00:00,1,239.85,False,,-0.5708159468269743
143,359.74,2026-04-28 03:00:00,1,359.74,False,514.4185714285715,-0.14535296134287376
98,194.34,2026-04-28 04:00:00,1,194.34,False,,-0.732320830214925
482,213.48,2026-04-28 05:00:00,1,213.48,False,,-0.6643972207215088
99,1035.42,2026-04-28 06:00:00,0,1035.42,False,553.5514285714286,2.2524853073358906
47,293.98,2026-04-28 07:00:00,0,293.98,False,436.50857142857143,-0.37872059772150785
336,811.6,2026-04-28 08:00:00,0,811.6,False,,1.4581978320581241
433,56.74,2026-04-28 09:00:00,1,56.74,False,,-1.2206326727590255
63,674.49,2026-04-28 10:00:00,0,674.49,False,407.85571428571427,0.9716248906975018
353,162.54,2026-04-28 11:00:00,1,162.54,False,,-0.845171968244739
270,561.22,2026-04-28 12:00:00,0,561.22,False,,0.5696548150799853
415,161.33,2026-04-28 13:00:00,1,161.33,False,,-0.8494659895345525
63,226.45,2026-04-28 14:00:00,1,226.45,False,336.89571428571423,-0.6183695710282167
487,120.83,2026-04-28 15:00:00,1,120.83,False,,-0.9931914955159195
309,568.84,2026-04-28 16:00:00,0,568.84,False,526.3628571428571,0.596696502872035
421,632.74,2026-04-28 17:00:00,1,632.74,False,,0.8234634123093026
180,167.3,2026-04-28 18:00:00,1,167.3,False,221.46428571428572,-0.8282797853195215
471,74.47,2026-04-28 19:00:00,0,74.47,False,,-1.1577128401405163
313,803.75,2026-04-28 20:00:00,0,803.75,False,481.05,1.4303399253432172
63,185.41,2026-04-28 21:00:00,0,185.41,False,335.1171428571429,-0.7640114170893351
461,281.99,2026-04-28 22:00:00,0,281.99,False,,-0.42127044504784344
397,141.58,2026-04-28 23:00:00,1,141.58,False,203.78428571428572,-0.9195543535625031
150,530.68,2026-04-29 00:00:00,0,530.68,False,364.6114285714285,0.461275137236258
272,540.16,2026-04-29 01:00:00,1,540.16,False,660.88,0.4949175519696743
194,894.92,2026-04-29 02:00:00,1,894.92,False,,1.7538820088079383
271,688.17,2026-04-29 03:00:00,1,688.17,False,,1.0201721727178743
482,655.77,2026-04-29 04:00:00,1,655.77,False,,0.905191767932781
449,302.88,2026-04-29 05:00:00,1,302.88,False,,-0.34713647418486193
107,274.28,2026-04-29 06:00:00,1,274.28,False,238.93571428571428,-0.44863152285318525
485,525.42,2026-04-29 07:00:00,1,525.42,False,418.1757142857142,0.44260856534830767
218,289.7,2026-04-29 08:00:00,0,289.7,False,442.7528571428571,-0.3939093672425018
352,704.46,2026-04-29 09:00:00,1,704.46,False,,1.0779817651237134
382,133.44,2026-04-29 10:00:00,0,133.44,False,533.24,-0.9484414058757952
241,55.42,2026-04-29 11:00:00,1,55.42,False,,-1.2253170596206404
228,482.16,2026-04-29 12:00:00,0,482.16,False,,0.28908843229265535
228,205.92,2026-04-29 13:00:00,0,205.92,False,,-0.6912259818380305
431,115.06,2026-04-29 14:00:00,1,115.06,False,,-1.0136679441458574
193,1276.71,2026-04-29 15:00:00,1,1276.71,False,,3.108769932971545
139,325.26,2026-04-29 16:00:00,0,325.26,False,,-0.26771482421293624
180,90.83,2026-04-29 17:00:00,1,90.83,False,173.69428571428574,-1.099654833279895
97,185.55,2026-04-29 18:00:00,0,185.55,False,,-0.7635145881797698
195,255.98,2026-04-29 19:00:00,0,255.98,False,,-0.5135741588892102
57,474.97,2026-04-29 20:00:00,1,474.97,False,428.66571428571433,0.26357271900855594
44,186.39,2026-04-29 21:00:00,0,186.39,False,353.6985714285714,-0.7605336147223786
361,285.36,2026-04-29 22:00:00,0,285.36,False,513.4328571428572,-0.4093110634390235
38,396.97,2026-04-29 23:00:00,1,396.97,False,,-0.013231959177780193
284,453.39,2026-04-30 00:00:00,1,453.39,False,,0.1869900913770028
389,302.06,2026-04-30 01:00:00,1,302.06,False,363.68285714285713,-0.3500464720837439
362,1024.49,2026-04-30 02:00:00,1,1024.49,False,,2.2136971646105486
223,534.71,2026-04-30 03:00:00,0,534.71,False,336.89285714285717,0.4755767122758857
96,513.77,2026-04-30 04:00:00,1,513.77,False,257.9271428571429,0.4012653025166307
465,500.39,2026-04-30 05:00:00,0,500.39,False,296.61285714285714,0.3537826538738976
417,708.21,2026-04-30 06:00:00,1,708.21,False,,1.0912896823442102
306,377.37,2026-04-30 07:00:00,0,377.37,False,,-0.08278800651691089
43,131.39,2026-04-30 08:00:00,0,131.39,False,282.57428571428574,-0.9557164006230001
17,437.69,2026-04-30 09:00:00,0,437.69,False,291.37,0.13127427794718902
157,478.92,2026-04-30 10:00:00,1,478.92,False,468.69428571428574,0.27759039181414596
78,784.94,2026-04-30 11:00:00,1,784.94,False,310.4628571428571,1.3635874125652048
430,119.24,2026-04-30 12:00:00,0,119.24,False,376.85857142857145,-0.9988340524174101
102,148.31,2026-04-30 13:00:00,1,148.31,False,,-0.895671078124118
141,333.47,2026-04-30 14:00:00,1,333.47,False,508.2285714285714,-0.23857935744486153
487,510.67,2026-04-30 15:00:00,1,510.67,False,354.7085714285714,0.39026409094768666
409,98.98,2026-04-30 16:00:00,1,98.98,False,,-1.0707322931873482
109,122.39,2026-04-30 17:00:00,0,122.39,False,,-0.9876554019521928
191,599.42,2026-04-30 18:00:00,0,599.42,False,,0.7052181318327804
257,103.09,2026-04-30 19:00:00,0,103.09,False,448.1614285714286,-1.0561468159136838
332,150.2,2026-04-30 20:00:00,1,150.2,False,,-0.8889638878449876
468,626.26,2026-04-30 21:00:00,0,626.26,False,436.3085714285714,0.8004673313522839
435,505.34,2026-04-30 22:00:00,0,505.34,False,,0.3713491046049535
488,188.07,2026-04-30 23:00:00,1,188.07,False,,-0.7545716678075959
20,464.26,2026-05-01 00:00:00,0,464.26,False,277.5342857142858,0.22556530742681657
118,401.56,2026-05-01 01:00:00,1,401.56,False,,0.0030569315001079587
281,292.86,2026-05-01 02:00:00,0,292.86,False,,-0.38269522899802966
24,234.94,2026-05-01 03:00:00,0,234.94,False,,-0.5882404464410116
177,451.05,2026-05-01 04:00:00,1,451.05,False,,0.1786859510314128
76,112.23,2026-05-01 05:00:00,1,112.23,False,481.9971428571429,-1.0237109856749256
466,447.3,2026-05-01 06:00:00,1,447.3,False,,0.16537803381091587
31,374.26,2026-05-01 07:00:00,0,374.26,False,,-0.09382470586510973
74,394.68,2026-05-01 08:00:00,1,394.68,False,239.47714285714287,-0.021358660627097056
97,144.26,2026-05-01 09:00:00,0,144.26,False,,-0.9100436287222546
74,798.39,2026-05-01 10:00:00,1,798.39,False,342.52000000000004,1.4113184756627202
284,188.64,2026-05-01 11:00:00,1,188.64,False,,-0.7525488643900804
182,214.93,2026-05-01 12:00:00,0,214.93,False,,-0.6592514927295832
456,283.79,2026-05-01 13:00:00,0,283.79,False,,-0.4148826447820049
130,504.5,2026-05-01 14:00:00,1,504.5,False,,0.3683681311475623
268,385.89,2026-05-01 15:00:00,1,385.89,False,558.7057142857143,-0.05255241859194193
330,71.55,2026-05-01 16:00:00,1,71.55,False,,-1.1680752716828764
312,321.66,2026-05-01 17:00:00,0,321.66,False,,-0.28049042474461316
398,342.62,2026-05-01 18:00:00,0,342.62,False,393.61999999999995,-0.2061080394268491
100,811.59,2026-05-01 19:00:00,1,811.59,False,,1.4581623442788696
253,252.56,2026-05-01 20:00:00,1,252.56,False,,-0.5257109793943033
400,473.57,2026-05-01 21:00:00,0,473.57,False,656.5,0.2586044299129036
431,1669.58,2026-05-01 22:00:00,0,1669.58,False,591.9228571428572,4.502978316549312
308,718.91,2026-05-01 23:00:00,0,718.91,False,533.2642857142857,1.1292616061466947
325,137.07,2026-05-02 00:00:00,0,137.07,True,464.23857142857145,-0.9355593420063542
432,553.02,2026-05-02 01:00:00,0,553.02,True,,0.5405548360911652
312,448.67,2026-05-02 02:00:00,1,448.67,True,,0.17023985956880408
474,245.83,2026-05-02 03:00:00,1,245.83,True,336.38714285714286,-0.5495942548326884
63,557.56,2026-05-02 04:00:00,1,557.56,True,384.6414285714286,0.5566662878727799
173,135.18,2026-05-02 05:00:00,1,135.18,True,198.67428571428573,-0.9422665322854845
56,191.97,2026-05-02 06:00:00,0,191.97,True,,-0.740731433898279
45,286.18,2026-05-02 07:00:00,1,286.18,True,301.35857142857145,-0.40640106554014155
235,236.62,2026-05-02 08:00:00,1,236.62,True,,-0.5822784995262289
112,515.77,2026-05-02 09:00:00,0,515.77,True,,0.40836285836756236
203,314.87,2026-05-02 10:00:00,0,314.87,True,557.2228571428572,-0.3045866268585264
218,217.49,2026-05-02 11:00:00,0,217.49,True,452.22999999999996,-0.6501666212403906
310,710.78,2026-05-02 12:00:00,0,710.78,True,340.31714285714287,1.1004100416126572
472,502.01,2026-05-02 13:00:00,0,502.01,True,,0.3595316741131523
424,87.1,2026-05-02 14:00:00,1,87.1,True,,-1.1128917749418825
189,85.36,2026-05-02 15:00:00,1,85.36,True,,-1.119066648532193
162,218.78,2026-05-02 16:00:00,1,218.78,True,,-0.6455886977165397
385,98.39,2026-05-02 17:00:00,0,98.39,True,,-1.0728260721633731
61,634.52,2026-05-02 18:00:00,1,634.52,True,,0.8297802370166317
270,199.86,2026-05-02 19:00:00,0,199.86,True,,-0.7127315760663535
211,473.14,2026-05-02 20:00:00,0,473.14,True,,0.2570784554049533
91,547.6,2026-05-02 21:00:00,1,547.6,True,301.9857142857143,0.5213204597351404
308,47.13,2026-05-02 22:00:00,1,47.13,True,483.9857142857143,-1.2547364286227525
160,207.66,2026-05-02 23:00:00,1,207.66,True,345.18142857142857,-0.6850511082477199
92,275.97,2026-05-03 00:00:00,0,275.97,True,,-0.44263408815914773
326,398.65,2026-05-03 01:00:00,0,398.65,True,423.3885714285714,-0.007270012262997746
87,610.03,2026-05-03 02:00:00,0,610.03,True,,0.7428706656219731
336,1314.28,2026-05-03 03:00:00,0,1314.28,True,,3.2420975196312964
81,957.58,2026-05-03 04:00:00,0,957.58,True,445.27142857142854,1.9762484336176285
217,311.98,2026-05-03 05:00:00,0,311.98,True,357.40000000000003,-0.3148425950631226
403,309.11,2026-05-03 06:00:00,0,309.11,True,,-0.3250275877092096
114,891.59,2026-05-03 07:00:00,1,891.59,True,,1.7420645783161375
383,325.31,2026-05-03 08:00:00,0,325.31,True,,-0.26753738531666293
360,203.73,2026-05-03 09:00:00,0,203.73,True,,-0.6989978054948007
451,641.74,2026-05-03 10:00:00,1,641.74,True,289.83000000000004,0.8554024136384952
84,413.01,2026-05-03 11:00:00,1,413.01,True,,0.04369043874669187
357,84.0,2026-05-03 12:00:00,1,84.0,True,,-1.1238929865108267
468,254.36,2026-05-03 13:00:00,0,254.36,True,444.66285714285715,-0.5193231791284648
381,101.47,2026-05-03 14:00:00,0,101.47,True,255.25571428571428,-1.0618958361529385
93,18.8,2026-05-03 15:00:00,1,18.8,True,,-1.3552733072511998
411,1046.55,2026-05-03 16:00:00,1,1046.55,True,320.4957142857143,2.291983205646325
53,357.85,2026-05-03 17:00:00,1,357.85,True,246.80571428571426,-0.15206015162200417
294,262.06,2026-05-03 18:00:00,1,262.06,True,245.21428571428572,-0.4919975891023778
248,217.38,2026-05-03 19:00:00,0,217.38,True,369.3257142857143,-0.6505569868121919
265,330.05,2026-05-03 20:00:00,1,330.05,True,445.97142857142853,-0.25071617794995477
259,215.09,2026-05-03 21:00:00,0,215.09,True,,-0.6586836882615087
15,139.37,2026-05-03 22:00:00,1,139.37,True,272.78285714285715,-0.9273971527777827
254,225.8,2026-05-03 23:00:00,0,225.8,True,421.64285714285717,-0.6206762766797694
468,833.57,2026-05-04 00:00:00,1,833.57,False,483.0557142857143,1.536164483080609
218,631.69,2026-05-04 01:00:00,1,631.69,False,429.6671428571429,0.8197371954875636
138,226.04,2026-05-04 02:00:00,1,226.04,False,,-0.6198245699776577
497,1117.37,2026-05-04 03:00:00,1,1117.37,False,,2.5433076583278162
49,309.1,2026-05-04 04:00:00,0,309.1,False,467.5214285714286,-0.32506307548846425
243,168.95,2026-05-04 05:00:00,1,168.95,False,,-0.8224243017425029
256,426.53,2026-05-04 06:00:00,0,426.53,False,,0.09166991629899007
238,923.08,2026-05-04 07:00:00,0,923.08,False,523.6857142857143,1.8538155951890567
460,807.13,2026-05-04 08:00:00,1,807.13,False,675.6128571428571,1.4423347947312917
210,176.36,2026-05-04 09:00:00,0,176.36,False,,-0.7961278573148008
486,114.69,2026-05-04 10:00:00,0,114.69,False,,-1.0149809919782797
33,243.3,2026-05-04 11:00:00,1,243.3,False,649.9642857142857,-0.558572662984117
366,479.38,2026-05-04 12:00:00,1,479.38,False,,0.27922282965986017
296,574.48,2026-05-04 13:00:00,1,574.48,False,,0.6167116103716623
120,731.11,2026-05-04 14:00:00,1,731.11,False,378.6028571428571,1.1725566968373782
113,372.71,2026-05-04 15:00:00,1,372.71,False,,-0.09932531164958183
359,381.88,2026-05-04 16:00:00,0,381.88,False,493.0,-0.06678301807305995
318,362.54,2026-05-04 17:00:00,1,362.54,False,345.3885714285714,-0.13541638315156934
305,667.54,2026-05-04 18:00:00,0,667.54,False,374.5857142857143,0.9469608841155139
25,581.56,2026-05-04 19:00:00,1,581.56,False,523.2385714285714,0.6418369580839604
298,170.88,2026-05-04 20:00:00,0,170.88,False,,-0.8155751603463538
490,532.79,2026-05-04 21:00:00,1,532.79,False,287.5228571428571,0.468763058658991
8,638.29,2026-05-04 22:00:00,1,638.29,False,,0.8431591297956379
234,673.55,2026-05-04 23:00:00,1,673.55,False,495.23999999999995,0.9682890394475637
247,413.35,2026-05-05 00:00:00,1,413.35,False,320.2142857142857,0.04489702324135037
448,397.02,2026-05-05 01:00:00,1,397.02,False,315.4414285714286,-0.013054520281507062
141,319.53,2026-05-05 02:00:00,1,319.53,False,437.2671428571429,-0.2880493217258556
237,345.45,2026-05-05 03:00:00,1,345.45,False,335.4028571428571,-0.1960649978977808
358,1005.7,2026-05-05 04:00:00,0,1005.7,False,489.57428571428574,2.1470156273910455
30,354.26,2026-05-05 05:00:00,1,354.26,False,392.6542857142857,-0.16480026437442669
400,182.97,2026-05-05 06:00:00,0,182.97,False,517.3585714285715,-0.7726704352274717
411,419.77,2026-05-05 07:00:00,0,419.77,False,350.3342857142857,0.06768017752284097
359,566.62,2026-05-05 08:00:00,1,566.62,False,570.3442857142857,0.5888182158775008
324,654.57,2026-05-05 09:00:00,1,654.57,False,417.3471428571429,0.9009332344222223
373,137.92,2026-05-05 10:00:00,1,137.92,False,420.2742857142857,-0.932542880769708
390,871.87,2026-05-05 11:00:00,1,871.87,False,368.86,1.6720826776259508
451,551.88,2026-05-05 12:00:00,1,551.88,False,360.70285714285717,0.5365092292561342
214,839.2,2026-05-05 13:00:00,0,839.2,False,,1.5561441028009817
228,94.61,2026-05-05 14:00:00,1,94.61,False,464.5128571428572,-1.0862404527216338
318,691.14,2026-05-05 15:00:00,1,691.14,False,409.0328571428571,1.030712043156508
96,131.9,2026-05-05 16:00:00,1,131.9,False,261.3314285714286,-0.9539065238810124
428,266.53,2026-05-05 17:00:00,0,266.53,False,,-0.47613455177554553
385,564.48,2026-05-05 18:00:00,1,564.48,False,,0.5812238311170039
315,120.22,2026-05-05 19:00:00,0,120.22,False,,-0.9953562500504537
150,213.71,2026-05-05 20:00:00,0,213.71,False,369.5071428571428,-0.6635810017986515
173,92.88,2026-05-05 21:00:00,0,92.88,False,194.2,-1.09237983853269
217,554.11,2026-05-05 22:00:00,1,554.11,False,380.70571428571424,0.544423004029923
331,168.4,2026-05-05 23:00:00,1,168.4,False,399.6914285714286,-0.8243761296015091
389,337.42,2026-05-06 00:00:00,0,337.42,False,362.3357142857143,-0.22456168463927145
335,449.28,2026-05-06 01:00:00,1,449.28,False,494.48857142857145,0.1724046141033381
464,416.3,2026-05-06 02:00:00,1,416.3,False,,0.05536591812147459
480,389.16,2026-05-06 03:00:00,1,389.16,False,480.31714285714287,-0.04094791477566847
352,388.6,2026-05-06 04:00:00,1,388.6,False,304.90285714285716,-0.042935230413929354
185,99.18,2026-05-06 05:00:00,0,99.18,False,308.75857142857143,-1.070022537602255
299,278.24,2026-05-06 06:00:00,0,278.24,False,345.69428571428574,-0.43457836226834035
212,386.05,2026-05-06 07:00:00,1,386.05,False,568.1714285714286,-0.051984614123867304
314,355.71,2026-05-06 08:00:00,0,355.71,False,,-0.15965453638250124
406,303.87,2026-05-06 09:00:00,0,303.87,False,,-0.34362318403865066
184,188.69,2026-05-06 10:00:00,0,188.69,False,317.0285714285714,-0.7523714254938071
252,409.73,2026-05-06 11:00:00,0,409.73,False,328.78285714285715,0.032050447151163994
22,466.2,2026-05-06 12:00:00,0,466.2,False,438.92428571428576,0.2324499366022203
368,237.66,2026-05-06 13:00:00,0,237.66,False,337.04428571428576,-0.5785877704837444
244,657.68,2026-05-06 14:00:00,0,657.68,False,530.4614285714285,0.9119699337704207
229,884.02,2026-05-06 15:00:00,1,884.02,False,356.32428571428574,1.7152003294203608
266,342.49,2026-05-06 16:00:00,0,342.49,False,522.7557142857142,-0.20656938055715965
107,174.18,2026-05-06 17:00:00,0,174.18,False,225.65,-0.8038641931923165
298,118.83,2026-05-06 18:00:00,0,118.83,False,296.68,-1.0002890513668512
372,263.48,2026-05-06 19:00:00,1,263.48,False,,-0.48695832444821624
174,323.79,2026-05-06 20:00:00,0,323.79,False,,-0.27293152776337093
65,112.95,2026-05-06 21:00:00,1,112.95,False,,-1.0211558655685904
193,257.14,2026-05-06 22:00:00,0,257.14,False,,-0.5094575764956698
99,634.41,2026-05-06 23:00:00,0,634.41,False,573.0671428571429,0.8293898714448305
186,38.56,2026-05-07 00:00:00,0,38.56,False,352.1042857142857,-1.2851494554439948
313,358.77,2026-05-07 01:00:00,1,358.77,False,475.92285714285714,-0.14879527593057573
56,212.64,2026-05-07 02:00:00,0,212.64,False,227.4857142857143,-0.6673781941789
373,331.45,2026-05-07 03:00:00,0,331.45,False,433.82714285714286,-0.24574788885430265
112,915.62,2026-05-07 04:00:00,0,915.62,False,,1.8273417118650814
447,319.79,2026-05-07 05:00:00,0,319.79,False,,-0.2871266394652343
366,285.53,2026-05-07 06:00:00,1,285.53,False,260.6042857142857,-0.40870777119169444
136,529.61,2026-05-07 07:00:00,0,529.61,False,,0.4574779448560098
281,413.8,2026-05-07 08:00:00,0,413.8,False,,0.046493973307809966
55,359.92,2026-05-07 09:00:00,1,359.92,False,400.9428571428571,-0.14471418131628988
49,424.64,2026-05-07 10:00:00,0,424.64,False,423.53000000000003,0.08496272601985967
478,753.83,2026-05-07 11:00:00,1,753.83,False,,1.2531849313039622
401,606.73,2026-05-07 12:00:00,1,606.73,False,,0.7311596984679359
77,270.49,2026-05-07 13:00:00,1,270.49,False,423.28285714285715,-0.4620813911907007
141,883.63,2026-05-07 14:00:00,0,883.63,False,529.0342857142857,1.7138163060294291
98,223.41,2026-05-07 15:00:00,1,223.41,False,,-0.6291578559216329
197,358.81,2026-05-07 16:00:00,1,358.81,False,352.46714285714285,-0.14865332481355703
145,389.65,2026-05-07 17:00:00,0,389.65,False,,-0.039209013592190374
164,260.51,2026-05-07 18:00:00,0,260.51,False,439.80571428571426,-0.4974981948868499
264,821.18,2026-05-07 19:00:00,1,821.18,False,,1.4921951245840868
94,250.36,2026-05-07 20:00:00,1,250.36,False,440.34999999999997,-0.5335182908303282
441,300.99,2026-05-07 21:00:00,0,300.99,False,,-0.3538436644639923
363,667.84,2026-05-07 22:00:00,1,667.84,False,350.72285714285715,0.948025517493154
380,230.19,2026-05-07 23:00:00,0,230.19,False,,-0.6050971415869744
84,108.54,2026-05-08 00:00:00,0,108.54,False,,-1.0368059762198947
354,366.43,2026-05-08 01:00:00,1,366.43,False,480.8942857142857,-0.12161163702150725
418,140.82,2026-05-08 02:00:00,1,140.82,False,307.8228571428572,-0.9222514247858572
87,127.03,2026-05-08 03:00:00,0,127.03,False,455.22142857142853,-0.9711890723780311
375,39.69,2026-05-08 04:00:00,1,39.69,False,200.63285714285715,-1.2811393363882184
178,46.6,2026-05-08 05:00:00,0,46.6,False,,-1.2566172809232492
393,50.91,2026-05-08 06:00:00,1,50.91,False,474.08714285714285,-1.2413220480644915
239,961.15,2026-05-08 07:00:00,0,961.15,False,379.77714285714285,1.9889175708115414
401,50.68,2026-05-08 08:00:00,1,50.68,False,445.61428571428576,-1.2421382669873486
73,137.64,2026-05-08 09:00:00,0,137.64,False,322.2485714285714,-0.9335365385888386
194,304.89,2026-05-08 10:00:00,0,304.89,False,,-0.3400034305546756
136,513.37,2026-05-08 11:00:00,1,513.37,False,,0.3998457913464444
124,550.52,2026-05-08 12:00:00,0,550.52,False,533.7428571428571,0.5316828912775006
154,174.27,2026-05-08 13:00:00,0,174.27,False,,-0.8035448031790245
191,353.97,2026-05-08 14:00:00,1,353.97,False,626.2185714285714,-0.16582940997281165
63,298.12,2026-05-08 15:00:00,1,298.12,False,350.9371428571429,-0.3640286571100793
353,339.15,2026-05-08 16:00:00,0,339.15,False,,-0.21842229882821568
275,373.4,2026-05-08 17:00:00,0,373.4,False,,-0.0968766548810104
414,448.2,2026-05-08 18:00:00,0,448.2,False,,0.16857193394383505
352,209.39,2026-05-08 19:00:00,1,209.39,False,308.6328571428572,-0.6789117224366641
74,251.88,2026-05-08 20:00:00,0,251.88,False,348.4814285714286,-0.5281241483836201
34,1277.48,2026-05-08 21:00:00,1,1277.48,False,,3.1115024919741536
211,220.02,2026-05-08 22:00:00,1,220.02,False,440.12142857142857,-0.641188213088962
240,358.63,2026-05-08 23:00:00,1,358.63,False,,-0.1492921048401409
120,300.19,2026-05-09 00:00:00,1,300.19,True,397.90142857142854,-0.35668268680436505
391,348.31,2026-05-09 01:00:00,1,348.31,True,514.37,-0.18591549303094843
290,679.83,2026-05-09 02:00:00,0,679.83,True,,0.9905753648194895
373,287.18,2026-05-09 03:00:00,1,287.18,True,445.90142857142865,-0.4028522876146757
54,122.14,2026-05-09 04:00:00,1,122.14,True,,-0.9885425964335592
407,206.29,2026-05-09 05:00:00,1,206.29,True,,-0.6899129340056082
103,287.67,2026-05-09 06:00:00,1,287.67,True,,-0.40111338643119737
224,382.29,2026-05-09 07:00:00,1,382.29,True,425.3,-0.06532801912361887
219,174.98,2026-05-09 08:00:00,0,174.98,True,,-0.8010251708519438
410,191.71,2026-05-09 09:00:00,0,191.71,True,,-0.7416541161589001
138,392.47,2026-05-09 10:00:00,1,392.47,True,,-0.029201459842376508
120,402.36,2026-05-09 11:00:00,0,402.36,True,392.7428571428572,0.005895953840480677
169,616.2,2026-05-09 12:00:00,1,616.2,True,382.6114285714286,0.7647666254220976
180,204.18,2026-05-09 13:00:00,1,204.18,True,198.73,-0.6974008554283411
90,479.59,2026-05-09 14:00:00,0,479.59,True,581.16,0.27996807302420795
88,300.62,2026-05-09 15:00:00,0,300.62,True,261.91285714285715,-0.3551567122964147
115,228.83,2026-05-09 16:00:00,0,228.83,True,,-0.6099234795656079
233,308.15,2026-05-09 17:00:00,0,308.15,True,254.75,-0.328434414517657
171,341.16,2026-05-09 18:00:00,1,341.16,True,545.7542857142856,-0.21128925519802916
196,110.09,2026-05-09 19:00:00,1,110.09,True,364.1928571428572,-1.0313053704354227
359,118.49,2026-05-09 20:00:00,1,118.49,True,459.4271428571428,-1.0014956358615095
120,525.83,2026-05-09 21:00:00,0,525.83,True,441.6457142857143,0.44406356429774896
454,247.03,2026-05-09 22:00:00,0,247.03,True,,-0.5453357213221295
375,384.3,2026-05-09 23:00:00,0,384.3,True,211.68285714285716,-0.05819497549343254
87,515.13,2026-05-10 00:00:00,0,515.13,True,514.3399999999999,0.40609164049526425
156,309.54,2026-05-10 01:00:00,1,309.54,True,350.02,-0.32350161320125925
91,485.73,2026-05-10 02:00:00,1,485.73,True,314.76714285714286,0.3017575694865684
136,342.77,2026-05-10 03:00:00,0,342.77,True,,-0.2055757227380293
182,354.67,2026-05-10 04:00:00,1,354.67,True,371.2557142857143,-0.1633452654249856
65,717.21,2026-05-10 05:00:00,0,717.21,True,353.15000000000003,1.123228683673403
7,284.77,2026-05-10 06:00:00,1,284.77,True,,-0.41140484241504843
219,529.99,2026-05-10 07:00:00,0,529.99,True,303.53000000000003,0.4588264804676868
350,91.79,2026-05-10 08:00:00,0,91.79,True,,-1.0962480064714475
151,374.38,2026-05-10 09:00:00,0,374.38,True,345.2257142857143,-0.0933988525140538
430,839.63,2026-05-10 10:00:00,0,839.63,True,470.2000000000001,1.5576700773089318
184,1336.86,2026-05-10 11:00:00,0,1336.86,True,423.6528571428571,3.3222289251883153
450,96.58,2026-05-10 12:00:00,1,96.58,True,,-1.0792493602084663
117,246.06,2026-05-10 13:00:00,1,246.06,True,301.15000000000003,-0.5487780359098313
269,143.7,2026-05-10 14:00:00,1,143.7,True,,-0.9120309443605156
381,293.46,2026-05-10 15:00:00,0,293.46,True,241.44142857142856,-0.38056596224275024
29,589.8,2026-05-10 16:00:00,1,589.8,True,,0.671078888189799
465,734.37,2026-05-10 17:00:00,0,734.37,True,317.5157142857143,1.1841257128743967
182,750.21,2026-05-10 18:00:00,0,750.21,True,423.13714285714286,1.240338355213776
248,88.01,2026-05-10 19:00:00,1,88.01,True,338.1614285714286,-1.1096623870297087
314,335.72,2026-05-10 20:00:00,1,335.72,True,,-0.23059460711256335
321,200.78,2026-05-10 21:00:00,0,200.78,True,,-0.709466700374925
11,280.61,2026-05-10 22:00:00,1,280.61,True,623.58,-0.4261677585849863
433,224.59,2026-05-10 23:00:00,0,224.59,True,373.8157142857143,-0.6249702979695831
311,92.65,2026-05-11 00:00:00,0,92.65,False,,-1.0931960574555468
499,739.15,2026-05-11 01:00:00,0,739.15,False,566.4285714285714,1.2010888713581234
235,176.47,2026-05-11 02:00:00,0,176.47,False,,-0.7957374917429997
306,203.91,2026-05-11 03:00:00,0,203.91,False,356.4842857142857,-0.6983590254682168
220,842.95,2026-05-11 04:00:00,1,842.95,False,,1.5694520200214785
444,76.81,2026-05-11 05:00:00,0,76.81,False,,-1.149408699794926
416,443.66,2026-05-11 06:00:00,1,443.66,False,230.26857142857145,0.15246048216222022
454,646.17,2026-05-11 07:00:00,0,646.17,False,423.03999999999996,0.8711234998483088
252,799.31,2026-05-11 08:00:00,0,799.31,False,418.7442857142857,1.4145833513541486
395,422.51,2026-05-11 09:00:00,1,422.51,False,272.45142857142855,0.07740382903861742
179,536.68,2026-05-11 10:00:00,1,536.68,False,,0.4825678047890531
230,645.93,2026-05-11 11:00:00,1,645.93,False,424.71999999999997,0.870271793146197
380,296.96,2026-05-11 12:00:00,0,296.96,False,,-0.36814523950361977
40,155.66,2026-05-11 13:00:00,1,155.66,False,,-0.869587560371944
355,884.89,2026-05-11 14:00:00,0,884.89,False,,1.718287766215516
7,497.66,2026-05-11 15:00:00,0,497.66,False,,0.344094490137376
290,335.43,2026-05-11 16:00:00,0,335.43,False,271.9871428571429,-0.23162375271094854
238,97.55,2026-05-11 17:00:00,1,97.55,False,420.82142857142856,-1.0758070456207642
234,29.91,2026-05-11 18:00:00,1,29.91,False,464.91428571428565,-1.3158463844992743
247,437.57,2026-05-11 19:00:00,1,437.57,False,347.3228571428572,0.1308484245961331
245,27.34,2026-05-11 20:00:00,1,27.34,False,,-1.3249667437677217
203,332.73,2026-05-11 21:00:00,0,332.73,False,522.72,-0.24120545310970629
225,183.53,2026-05-11 22:00:00,0,183.53,False,362.39142857142855,-0.7706831195892108
284,224.14,2026-05-11 23:00:00,1,224.14,False,467.2685714285714,-0.6265672480360428
381,755.61,2026-05-12 00:00:00,1,755.61,False,269.69,1.2595017560112913
276,185.01,2026-05-12 01:00:00,1,185.01,False,327.17999999999995,-0.7654309282595214
321,345.24,2026-05-12 02:00:00,1,345.24,False,,-0.19681024126212857
418,185.86,2026-05-12 03:00:00,0,185.86,False,271.1257142857143,-0.7624144670228753
494,409.09,2026-05-12 04:00:00,1,409.09,False,353.6442857142857,0.029779229278865695
54,368.49,2026-05-12 05:00:00,1,368.49,False,,-0.1143011544950476
356,332.9,2026-05-12 06:00:00,0,332.9,False,,-0.24060216086237723
112,647.54,2026-05-12 07:00:00,0,647.54,False,,0.875985325606197
98,77.01,2026-05-12 08:00:00,0,77.01,False,306.14285714285717,-1.148698944209833
396,56.73,2026-05-12 09:00:00,0,56.73,False,317.5285714285714,-1.2206681605382803
34,115.65,2026-05-12 10:00:00,1,115.65,False,,-1.0115741651698325
423,369.85,2026-05-12 11:00:00,0,369.85,False,515.9542857142858,-0.109474816516414
385,459.83,2026-05-12 12:00:00,1,459.83,False,411.91285714285715,0.20984422121700283
497,9.03,2026-05-12 13:00:00,0,9.03,False,552.6671428571428,-1.3899448675830013
333,455.58,2026-05-12 14:00:00,0,455.58,False,,0.194761915033773
436,250.94,2026-05-12 15:00:00,1,250.94,False,,-0.5314599996335581
59,899.91,2026-05-12 16:00:00,0,899.91,False,315.40714285714284,1.771590410656013
444,432.3,2026-05-12 17:00:00,1,432.3,False,,0.11214636492892814
80,831.99,2026-05-12 18:00:00,0,831.99,False,321.79285714285714,1.5305574139583729
157,730.65,2026-05-12 19:00:00,0,730.65,False,517.72,1.1709242589916637
64,251.05,2026-05-12 20:00:00,1,251.05,False,482.7042857142857,-0.5310696340617568
200,591.55,2026-05-12 21:00:00,1,591.55,False,478.19428571428574,0.6772892495593642
374,250.62,2026-05-12 22:00:00,0,250.62,False,353.42,-0.5325956085697071
134,974.07,2026-05-12 23:00:00,1,974.07,False,,2.0347677816085605
411,269.85,2026-05-13 00:00:00,0,269.85,False,354.8285714285715,-0.46435260906299874
303,475.42,2026-05-13 01:00:00,1,475.42,False,,0.2651696690750155
314,1094.51,2026-05-13 02:00:00,1,1094.51,False,448.25428571428574,2.4621825949516674
469,490.22,2026-05-13 03:00:00,1,490.22,False,388.4685714285714,0.3176915823719101
215,230.31,2026-05-13 04:00:00,1,230.31,False,255.3242857142857,-0.6046712882359184
172,103.15,2026-05-13 05:00:00,1,103.15,False,,-1.0559338892381556
497,77.75,2026-05-13 06:00:00,1,77.75,False,446.1485714285714,-1.1460728485449883
278,453.96,2026-05-13 07:00:00,1,453.96,False,,0.1890128947945183
307,308.07,2026-05-13 08:00:00,1,308.07,False,,-0.32871831675169416
148,117.67,2026-05-13 09:00:00,0,117.67,False,427.5357142857143,-1.0044056337603915
107,548.53,2026-05-13 10:00:00,1,548.53,False,278.4614285714286,0.5246208232058235
84,543.3,2026-05-13 11:00:00,1,543.3,False,,0.5060607146556371
111,303.88,2026-05-13 12:00:00,1,303.88,False,,-0.34358769625939606
97,856.27,2026-05-13 13:00:00,0,856.27,False,449.5228571428571,1.6167217419886835
373,63.01,2026-05-13 14:00:00,0,63.01,False,333.28142857142853,-1.1983818351663549
28,237.52,2026-05-13 15:00:00,0,237.52,False,,-0.5790845993933097
314,488.36,2026-05-13 16:00:00,1,488.36,False,433.0971428571429,0.3110908554305436
474,130.98,2026-05-13 17:00:00,0,130.98,False,235.81142857142854,-0.9571713995724412
382,586.33,2026-05-13 18:00:00,1,586.33,False,563.8057142857143,0.6587646287884328
201,706.84,2026-05-13 19:00:00,0,706.84,False,,1.0864278565863221
29,17.34,2026-05-13 20:00:00,0,17.34,False,329.5285714285714,-1.3604545230223801
417,875.45,2026-05-13 21:00:00,1,875.45,False,,1.6847873025991187
1,467.72,2026-05-13 22:00:00,0,467.72,False,,0.23784407904892851
340,215.26,2026-05-13 23:00:00,1,215.26,False,222.89857142857142,-0.6580803960141794
335,85.03,2026-05-14 00:00:00,0,85.03,False,431.67571428571426,-1.1202377452475967
95,640.73,2026-05-14 01:00:00,0,640.73,False,,0.8518181479337747
369,111.84,2026-05-14 02:00:00,1,111.84,False,350.6057142857143,-1.0250950090658575
87,467.11,2026-05-14 03:00:00,1,467.11,False,445.8171428571428,0.2356793245143943
112,116.38,2026-05-14 04:00:00,1,116.38,False,,-1.0089835572842425
405,327.06,2026-05-14 05:00:00,0,327.06,False,,-0.26132702394709767
489,621.4,2026-05-14 06:00:00,1,621.4,False,,0.7832202706345198
132,217.66,2026-05-14 07:00:00,1,217.66,False,,-0.6495633289930615
460,871.5,2026-05-14 08:00:00,1,871.5,False,720.5757142857143,1.6707696297935284
456,496.39,2026-05-14 09:00:00,0,496.39,False,508.11571428571426,0.33958754217203424
384,131.38,2026-05-14 10:00:00,1,131.38,False,,-0.9557518884022548
70,92.19,2026-05-14 11:00:00,0,92.19,False,,-1.0948284953012613
149,166.75,2026-05-14 12:00:00,0,166.75,False,436.8228571428572,-0.8302316131785278
338,315.22,2026-05-14 13:00:00,1,315.22,False,376.3757142857143,-0.30334455458461324
499,926.86,2026-05-14 14:00:00,1,926.86,False,641.0428571428572,1.8672299757473176
407,1044.54,2026-05-14 15:00:00,1,1044.54,False,,2.2848501620161388
210,210.77,2026-05-14 16:00:00,0,210.77,False,,-0.6740144088995211
117,205.25,2026-05-14 17:00:00,0,205.25,False,280.7514285714286,-0.6936036630480926
480,555.96,2026-05-14 18:00:00,1,555.96,False,540.7114285714285,0.550988243192035
138,552.78,2026-05-14 19:00:00,0,552.78,False,365.0885714285714,0.5397031293890533
171,780.22,2026-05-14 20:00:00,1,780.22,False,642.71,1.3468371807570059
482,794.25,2026-05-14 21:00:00,0,794.25,False,,1.3966265350512916
280,156.52,2026-05-14 22:00:00,1,156.52,False,,-0.8665356113560433
132,74.11,2026-05-14 23:00:00,1,74.11,False,303.5485714285714,-1.1589904001936837
2,501.58,2026-05-15 00:00:00,1,501.58,False,388.33428571428567,0.35800569960520195
214,384.71,2026-05-15 01:00:00,0,384.71,False,,-0.056739976543991655
493,37.95,2026-05-15 02:00:00,1,37.95,False,,-1.2873142099785289
216,72.18,2026-05-15 03:00:00,0,72.18,False,398.88714285714286,-1.1658395415898328
349,484.45,2026-05-15 04:00:00,1,484.45,False,450.76714285714286,0.297215133741972
126,293.95,2026-05-15 05:00:00,1,293.95,False,,-0.37882706105927194
387,492.36,2026-05-15 06:00:00,1,492.36,False,,0.325285967132407
387,123.05,2026-05-15 07:00:00,1,123.05,False,560.6871428571428,-0.9853132085213853
304,518.02,2026-05-15 08:00:00,1,518.02,False,,0.4163476086998605
385,420.58,2026-05-15 09:00:00,0,420.58,False,426.42857142857144,0.07055468764246832
289,545.24,2026-05-15 10:00:00,1,545.24,False,341.3328571428571,0.512945343831041
189,223.58,2026-05-15 11:00:00,1,223.58,False,356.98285714285714,-0.6285545636743035
368,184.99,2026-05-15 12:00:00,1,184.99,False,323.06857142857143,-0.7655019038180306
417,84.88,2026-05-15 13:00:00,0,84.88,False,450.3157142857143,-1.1207700619364167
420,255.45,2026-05-15 14:00:00,1,255.45,False,169.2342857142857,-0.515455011189707
106,686.37,2026-05-15 15:00:00,0,686.37,False,,1.0137843724520361
338,818.15,2026-05-15 16:00:00,0,818.15,False,418.34999999999997,1.4814423274699253
2,112.81,2026-05-15 17:00:00,1,112.81,False,362.83428571428567,-1.0216526944781554
285,315.03,2026-05-15 18:00:00,0,315.03,False,,-0.3040188223904519
285,936.12,2026-05-15 19:00:00,0,936.12,False,,1.9000916593371313
181,1021.18,2026-05-15 20:00:00,1,1021.18,False,735.7957142857142,2.201950709677256
497,247.05,2026-05-15 21:00:00,0,247.05,False,333.28714285714284,-0.5452647457636202
441,728.17,2026-05-15 22:00:00,1,728.17,False,,1.1621232897365084
19,645.4,2026-05-15 23:00:00,1,645.4,False,,0.8683909408457001
104,609.35,2026-05-16 00:00:00,0,609.35,True,,0.7404574966326565
103,61.24,2026-05-16 01:00:00,1,61.24,True,,-1.2046631720944292
448,200.17,2026-05-16 02:00:00,0,200.17,True,341.5157142857143,-0.7116314549094591
259,288.96,2026-05-16 03:00:00,1,288.96,True,,-0.3965354629073466
364,282.42,2026-05-16 04:00:00,0,282.42,True,,-0.41974447053989306
404,312.4,2026-05-16 05:00:00,1,312.4,True,438.10714285714283,-0.3133521083344271
383,1095.67,2026-05-16 06:00:00,1,1095.67,True,,2.466299177345208
44,254.02,2026-05-16 07:00:00,0,254.02,True,354.9371428571429,-0.5205297636231232
70,435.03,2026-05-16 08:00:00,1,435.03,True,218.61714285714285,0.12183452866544978
197,423.78,2026-05-16 09:00:00,1,423.78,True,359.7871428571429,0.08191077700395899
169,315.45,2026-05-16 10:00:00,1,315.45,True,426.50142857142856,-0.30252833566175624
373,119.97,2026-05-16 11:00:00,0,119.97,True,308.8357142857143,-0.9962434445318202
78,348.86,2026-05-16 12:00:00,0,348.86,True,334.7785714285714,-0.18396366517194218
185,37.02,2026-05-16 13:00:00,1,37.02,True,293.8642857142857,-1.2906145734492123
118,467.16,2026-05-16 14:00:00,0,467.16,True,405.54,0.23585676341066764
94,29.14,2026-05-16 15:00:00,0,29.14,True,339.43285714285713,-1.318578943501883
86,437.22,2026-05-16 16:00:00,0,437.22,True,307.32,0.12960635232222018
97,191.16,2026-05-16 17:00:00,0,191.16,True,445.0142857142858,-0.7436059440179064
282,136.52,2026-05-16 18:00:00,0,136.52,True,390.9628571428571,-0.9375111698653602
205,562.03,2026-05-16 19:00:00,0,562.03,True,498.34000000000003,0.5725293251996124
217,230.45,2026-05-16 20:00:00,1,230.45,True,379.1014285714286,-0.6041744593263533
239,335.2,2026-05-16 21:00:00,1,335.2,True,372.46714285714285,-0.23243997163380573
370,63.73,2026-05-16 22:00:00,1,63.73,True,,-1.1958267150600193
430,859.17,2026-05-16 23:00:00,0,859.17,True,449.67571428571426,1.6270131979725344
263,360.72,2026-05-17 00:00:00,1,360.72,True,,-0.14187515897591718
321,360.04,2026-05-17 01:00:00,1,360.04,True,,-0.14428832796523397
369,474.55,2026-05-17 02:00:00,1,474.55,True,379.67428571428576,0.2620822322798602
345,13.78,2026-05-17 03:00:00,1,13.78,True,,-1.3730881724370385
67,917.54,2026-05-17 04:00:00,0,917.54,True,518.6042857142858,1.834155365481976
491,246.46,2026-05-17 05:00:00,1,246.46,True,415.1385714285714,-0.547358524739645
82,881.22,2026-05-17 06:00:00,1,881.22,True,445.10428571428565,1.7052637512290565
205,239.39,2026-05-17 07:00:00,0,239.39,True,473.3242857142858,-0.5724483846726887
326,196.12,2026-05-17 08:00:00,0,196.12,True,383.23857142857145,-0.7260040055075958
201,451.39,2026-05-17 09:00:00,0,451.39,True,520.2671428571429,0.1798925355260711
121,1242.2,2026-05-17 10:00:00,0,1242.2,True,596.6899999999999,2.9863016067637185
461,727.65,2026-05-17 11:00:00,1,727.65,True,423.0385714285714,1.1602779252152662
35,488.15,2026-05-17 12:00:00,1,488.15,True,,0.3103456120661956
122,446.22,2026-05-17 13:00:00,1,446.22,True,500.79571428571427,0.16154535365141282
496,346.38,2026-05-17 14:00:00,1,346.38,True,472.8085714285714,-0.19276463442709754
364,854.69,2026-05-17 15:00:00,0,854.69,True,,1.6111146728664476
43,572.17,2026-05-17 16:00:00,0,572.17,True,344.78714285714284,0.6085139333638361
377,82.94,2026-05-17 17:00:00,1,82.94,True,,-1.1276546911118204
484,137.31,2026-05-17 18:00:00,1,137.31,True,375.15142857142854,-0.9347076353042423
48,500.31,2026-05-17 19:00:00,0,500.31,True,,0.3534987516398604
207,115.39,2026-05-17 20:00:00,1,115.39,True,316.4942857142857,-1.0124968474304537
234,359.16,2026-05-17 21:00:00,0,359.16,True,413.1557142857143,-0.1474112525396439
65,606.04,2026-05-17 22:00:00,1,606.04,True,416.36857142857144,0.7287110416993643
100,453.75,2026-05-17 23:00:00,0,453.75,True,433.65999999999997,0.18826765143017055
86,98.13,2026-05-18 00:00:00,0,98.13,False,288.94571428571425,-1.0737487544239943
92,144.73,2026-05-18 01:00:00,0,144.73,False,563.4971428571429,-0.9083757030972858
201,464.2,2026-05-18 02:00:00,1,464.2,False,543.3257142857143,0.2253523807512886
231,1153.39,2026-05-18 03:00:00,0,1153.39,False,480.1671428571429,2.6711346392030966
118,303.44,2026-05-18 04:00:00,0,303.44,False,421.6114285714286,-0.34514915854660105
144,620.78,2026-05-18 05:00:00,1,620.78,False,410.1171428571428,0.7810200283207309
96,456.66,2026-05-18 06:00:00,1,456.66,False,300.11857142857144,0.19859459519327624
398,189.41,2026-05-18 07:00:00,0,189.41,False,414.36285714285714,-0.7498163053874717
105,625.75,2026-05-18 08:00:00,1,625.75,False,,0.7986574546102964
453,61.48,2026-05-18 09:00:00,1,61.48,False,,-1.2038114653923175
269,594.24,2026-05-18 10:00:00,0,594.24,False,563.8342857142858,0.6868354621788675
401,477.19,2026-05-18 11:00:00,1,477.19,False,379.0057142857143,0.27145100600309
318,205.56,2026-05-18 12:00:00,0,205.56,False,384.1914285714286,-0.6925035418911982
133,125.8,2026-05-18 13:00:00,1,125.8,False,313.8557142857143,-0.9755540692263541
300,221.64,2026-05-18 14:00:00,0,221.64,False,,-0.6354391928497074
137,176.84,2026-05-18 15:00:00,0,176.84,False,,-0.7944244439105773
59,265.45,2026-05-18 16:00:00,1,265.45,False,333.20857142857136,-0.4799672319350486
127,241.56,2026-05-18 17:00:00,1,241.56,False,272.5342857142857,-0.5647475365744277
137,205.47,2026-05-18 18:00:00,1,205.47,False,413.82142857142856,-0.6928229319044901
67,58.52,2026-05-18 19:00:00,0,58.52,False,482.2742857142857,-1.2143158480516965
11,108.72,2026-05-18 20:00:00,1,108.72,False,614.5114285714286,-1.036167196193311
471,695.56,2026-05-18 21:00:00,1,695.56,False,,1.046397641587067
256,210.71,2026-05-18 22:00:00,1,210.71,False,363.25714285714287,-0.674227335575049
201,269.65,2026-05-18 23:00:00,0,269.65,False,493.17285714285714,-0.4650623646480921
464,230.75,2026-05-19 00:00:00,1,230.75,False,,-0.6031098259487134
112,867.93,2026-05-19 01:00:00,1,867.93,False,467.1442857142857,1.6581004925996152
201,173.07,2026-05-19 02:00:00,0,173.07,False,406.9428571428571,-0.8078033366895836
423,162.07,2026-05-19 03:00:00,0,162.07,False,513.8042857142857,-0.8468398938697079
316,484.88,2026-05-19 04:00:00,1,484.88,False,410.0885714285714,0.29874110824992234
199,380.63,2026-05-19 05:00:00,1,380.63,False,,-0.07121899047989226
127,494.67,2026-05-19 06:00:00,0,494.67,False,326.1914285714286,0.33348364414023307
17,472.43,2026-05-19 07:00:00,0,472.43,False,324.6057142857143,0.2545588230778726
42,637.06,2026-05-19 08:00:00,1,637.06,False,588.1685714285715,0.8387941329473149
80,95.42,2026-05-19 09:00:00,0,95.42,False,296.6871428571429,-1.0833659426020066
393,451.96,2026-05-19 10:00:00,0,451.96,False,427.4642857142857,0.1819153389435866
319,163.03,2026-05-19 11:00:00,1,163.03,False,,-0.8434330670612606
216,39.46,2026-05-19 12:00:00,1,39.46,False,394.24000000000007,-1.2819555553110755
391,470.1,2026-05-19 13:00:00,0,470.1,False,572.1157142857143,0.24629017051153723
80,450.56,2026-05-19 14:00:00,1,450.56,False,331.4271428571428,0.1769470498479345
105,324.93,2026-05-19 15:00:00,1,324.93,False,,-0.2688859209283399
196,644.83,2026-05-19 16:00:00,1,644.83,False,399.5028571428571,0.8663681374281849
458,164.24,2026-05-19 17:00:00,1,164.24,False,293.58142857142855,-0.8391390457714469
307,526.32,2026-05-19 18:00:00,0,526.32,False,,0.44580246548122726
425,289.44,2026-05-19 19:00:00,1,289.44,False,389.57000000000005,-0.3948320495031229
124,307.35,2026-05-19 20:00:00,0,307.35,False,406.93714285714293,-0.33127343685802946
424,47.37,2026-05-19 21:00:00,1,47.37,False,,-1.2538847219206406
36,649.38,2026-05-19 22:00:00,1,649.38,False,,0.8825150769890543
113,437.95,2026-05-19 23:00:00,1,437.95,False,,0.1321969602078101
261,512.09,2026-05-20 00:00:00,0,512.09,False,426.5328571428572,0.3953033556018482
25,144.25,2026-05-20 01:00:00,1,144.25,False,378.2485714285714,-0.9100791165015093
429,401.49,2026-05-20 02:00:00,0,401.49,False,,0.0028085170453253736
433,288.95,2026-05-20 03:00:00,0,288.95,False,352.0014285714286,-0.3965709506866012
270,454.82,2026-05-20 04:00:00,1,454.82,False,310.56,0.19206484381041897
152,387.92,2026-05-20 05:00:00,1,387.92,False,420.5842857142857,-0.045348399403246156
49,982.08,2026-05-20 06:00:00,0,982.08,False,427.64,2.063193492791542
309,785.74,2026-05-20 07:00:00,1,785.74,False,565.14,1.3664264349055772
268,263.25,2026-05-20 08:00:00,1,263.25,False,517.03,-0.48777454337107345
379,469.7,2026-05-20 09:00:00,0,469.7,False,409.5457142857143,0.24487065934135077
301,245.76,2026-05-20 10:00:00,1,245.76,False,,-0.5498426692874712
64,632.98,2026-05-20 11:00:00,0,632.98,False,519.6971428571429,0.8243151190114145
60,298.65,2026-05-20 12:00:00,0,298.65,False,287.9085714285714,-0.36214780480958253
390,218.7,2026-05-20 13:00:00,0,218.7,False,370.99142857142857,-0.645872599950577
79,397.38,2026-05-20 14:00:00,1,397.38,False,,-0.011776960228339309
469,745.04,2026-05-20 15:00:00,1,745.04,False,475.0957142857143,1.221991173339117
52,666.98,2026-05-20 16:00:00,0,666.98,False,516.9014285714286,0.9449735684772533
364,229.38,2026-05-20 17:00:00,0,229.38,False,,-0.6079716517066017
487,925.34,2026-05-20 18:00:00,1,925.34,False,410.45428571428573,1.8618358333006095
220,152.33,2026-05-20 19:00:00,1,152.33,False,,-0.8814049908637452
28,196.96,2026-05-20 20:00:00,1,196.96,False,,-0.7230230320502045
438,614.69,2026-05-20 21:00:00,1,614.69,False,,0.7594079707546443
93,39.83,2026-05-20 22:00:00,1,39.83,False,,-1.2806425074786532
263,335.91,2026-05-20 23:00:00,1,335.91,False,,-0.22992033930672487
492,262.34,2026-05-21 00:00:00,0,262.34,False,341.80999999999995,-0.49100393128324743
372,961.36,2026-05-21 01:00:00,0,961.36,False,378.4942857142857,1.9896628141758892
23,127.96,2026-05-21 02:00:00,0,127.96,False,,-0.967888708907348
410,141.77,2026-05-21 03:00:00,1,141.77,False,,-0.9188800857566645
80,1049.48,2026-05-21 04:00:00,1,1049.48,False,474.9642857142857,2.30238112496794
374,264.8,2026-05-21 05:00:00,1,264.8,False,314.0585714285714,-0.4822739375866013
310,725.5,2026-05-21 06:00:00,0,725.5,False,381.3614285714285,1.1526480526755147
143,231.58,2026-05-21 07:00:00,0,231.58,False,464.8157142857143,-0.6001643402705767
211,190.12,2026-05-21 08:00:00,1,190.12,False,345.0585714285714,-0.7472966730603908
58,749.99,2026-05-21 09:00:00,0,749.99,False,,1.2395576240701733
493,1218.69,2026-05-21 10:00:00,1,1218.69,False,,2.9028698377360165
119,789.04,2026-05-21 11:00:00,0,789.04,False,588.8785714285714,1.3781374020596144
154,219.46,2026-05-21 12:00:00,1,219.46,False,,-0.6431755287272228
251,324.76,2026-05-21 13:00:00,1,324.76,False,,-0.2694892131756692
336,147.73,2026-05-21 14:00:00,0,147.73,False,625.8228571428572,-0.8977293693208882
252,171.32,2026-05-21 15:00:00,0,171.32,False,437.73857142857145,-0.8140136980591488
252,163.7,2026-05-21 16:00:00,1,163.7,False,422.8071428571428,-0.8410553858511987
291,236.19,2026-05-21 17:00:00,0,236.19,False,,-0.5838044740341792
428,365.48,2026-05-21 18:00:00,1,365.48,False,,-0.12498297605069977
197,334.99,2026-05-21 19:00:00,0,334.99,False,331.1328571428571,-0.2331852149981535
416,554.66,2026-05-21 20:00:00,0,554.66,False,282.9,0.5463748318889291
393,379.93,2026-05-21 21:00:00,0,379.93,False,427.5442857142857,-0.0737031350277183
480,518.22,2026-05-21 22:00:00,0,518.22,False,586.7428571428571,0.4170573642849538
456,576.83,2026-05-21 23:00:00,0,576.83,False,461.34000000000003,0.6250512384965072
399,222.73,2026-05-22 00:00:00,0,222.73,False,,-0.6315710249109496
123,293.9,2026-05-22 01:00:00,1,293.9,False,,-0.3790044999555453
387,2059.23,2026-05-22 02:00:00,1,2059.23,False,791.13,5.88575963520708
368,207.64,2026-05-22 03:00:00,0,207.64,False,280.2971428571429,-0.6851220838062293
144,539.16,2026-05-22 04:00:00,0,539.16,False,434.4057142857142,0.4913687740442085
338,102.27,2026-05-22 05:00:00,1,102.27,False,362.9357142857143,-1.0590568138125656
126,588.4,2026-05-22 06:00:00,1,588.4,False,457.15714285714284,0.6661105990941468
261,179.69,2026-05-22 07:00:00,0,179.69,False,450.61,-0.7843104268229997
398,344.22,2026-05-22 08:00:00,1,344.22,False,453.2042857142857,-0.20042999474610365
94,85.59,2026-05-22 09:00:00,0,85.59,False,334.0057142857143,-1.118250429609336
168,318.35,2026-05-22 10:00:00,1,318.35,False,,-0.2922368796779051
397,323.43,2026-05-22 11:00:00,1,323.43,False,212.7357142857143,-0.2742090878165387
226,285.3,2026-05-22 12:00:00,1,285.3,False,415.98428571428576,-0.40952399011455143
480,457.99,2026-05-22 13:00:00,1,457.99,False,610.7157142857143,0.20331446983414578
3,707.22,2026-05-22 14:00:00,0,707.22,False,576.59,1.087776392197999
360,141.15,2026-05-22 15:00:00,1,141.15,False,550.2385714285714,-0.9210803280704533
407,290.84,2026-05-22 16:00:00,1,290.84,False,,-0.3898637604074708
458,52.78,2026-05-22 17:00:00,0,52.78,False,268.8157142857143,-1.2346858333438704
78,376.3,2026-05-22 18:00:00,0,376.3,False,353.62142857142857,-0.08658519889715932
492,131.18,2026-05-22 19:00:00,1,131.18,False,350.08857142857147,-0.9564616439873479
196,332.58,2026-05-22 20:00:00,0,332.58,False,415.13,-0.24173776979852626
176,387.64,2026-05-22 21:00:00,1,387.64,False,,-0.0463420572223767
177,64.29,2026-05-22 22:00:00,0,64.29,False,,-1.1938393994217584
319,431.97,2026-05-22 23:00:00,0,431.97,False,350.3742857142857,0.11097526821352448
329,684.16,2026-05-23 00:00:00,0,684.16,True,421.46714285714285,1.0059415732367565
236,504.82,2026-05-23 01:00:00,1,504.82,True,,0.36950374008371134
35,144.32,2026-05-23 02:00:00,1,144.32,True,,-0.9098307020467267
493,316.58,2026-05-23 03:00:00,0,316.58,True,543.23,-0.2985182166059798
111,344.3,2026-05-23 04:00:00,1,344.3,True,,-0.20014609251206644
46,295.21,2026-05-23 05:00:00,0,295.21,True,,-0.37435560087318503
298,97.17,2026-05-23 06:00:00,1,97.17,True,286.9071428571429,-1.0771555812324414
206,166.06,2026-05-23 07:00:00,1,166.06,True,,-0.8326802699470992
307,274.97,2026-05-23 08:00:00,0,274.97,True,,-0.4461828660846136
437,383.59,2026-05-23 09:00:00,1,383.59,True,429.4271428571428,-0.06071460782051342
48,206.5,2026-05-23 10:00:00,0,206.5,True,436.0,-0.6891676906412603
142,45.83,2026-05-23 11:00:00,1,45.83,True,,-1.259349839925858
258,217.4,2026-05-23 12:00:00,0,217.4,True,405.53142857142853,-0.6504860112536826
393,981.1,2026-05-23 13:00:00,1,981.1,True,542.5028571428571,2.0597156904245852
300,434.13,2026-05-23 14:00:00,1,434.13,True,662.0914285714285,0.11864062853253059
191,375.47,2026-05-23 15:00:00,0,375.47,True,660.3128571428571,-0.08953068457529592
305,163.81,2026-05-23 16:00:00,0,163.81,True,365.0514285714286,-0.8406650202793973
489,225.89,2026-05-23 17:00:00,1,225.89,True,302.0628571428571,-0.6203568866664776
240,41.7,2026-05-23 18:00:00,0,41.7,True,,-1.274006292758032
441,153.97,2026-05-23 19:00:00,1,153.97,True,,-0.8755849950659813
389,418.34,2026-05-23 20:00:00,0,418.34,True,384.56142857142856,0.06260542508942478
150,377.56,2026-05-23 21:00:00,0,377.56,True,390.04714285714283,-0.08211373871107239
124,190.21,2026-05-23 22:00:00,1,190.21,True,383.49142857142857,-0.7469772830470989
385,295.0,2026-05-23 23:00:00,0,295.0,True,435.5871428571428,-0.37510084423753276
103,335.17,2026-05-24 00:00:00,0,335.17,True,357.8742857142857,-0.23254643497156963
168,199.1,2026-05-24 01:00:00,1,199.1,True,,-0.7154286472897076
117,452.45,2026-05-24 02:00:00,0,452.45,True,297.7914285714286,0.18365424012706488
303,372.43,2026-05-24 03:00:00,0,372.43,True,475.5571428571429,-0.10031896946871216
147,232.8,2026-05-24 04:00:00,1,232.8,True,,-0.5958348312015085
329,103.92,2026-05-24 05:00:00,1,103.92,True,413.83,-1.053201330235547
467,219.09,2026-05-24 06:00:00,0,219.09,True,337.8757142857143,-0.6444885765596452
414,207.0,2026-05-24 07:00:00,0,207.0,True,311.9785714285714,-0.6873933016785274
473,189.85,2026-05-24 08:00:00,1,189.85,True,433.90142857142865,-0.7482548431002667
12,67.39,2026-05-24 09:00:00,1,67.39,True,,-1.1828381878528145
227,811.17,2026-05-24 10:00:00,0,811.17,True,514.7257142857143,1.4566718575501736
110,784.61,2026-05-24 11:00:00,1,784.61,True,,1.3624163158498008
458,286.76,2026-05-24 12:00:00,1,286.76,True,282.72285714285715,-0.4043427743433714
355,382.25,2026-05-24 13:00:00,1,382.25,True,550.6914285714286,-0.06546997024063757
160,446.8,2026-05-24 14:00:00,1,446.8,True,377.2799999999999,0.16360364484818293
281,290.35,2026-05-24 15:00:00,1,290.35,True,,-0.39160266159094886
302,402.49,2026-05-24 16:00:00,0,402.49,True,,0.006357294970791221
247,493.07,2026-05-24 17:00:00,0,493.07,True,389.5671428571428,0.3278055994594876
237,362.19,2026-05-24 18:00:00,1,362.19,True,322.41142857142853,-0.13665845542548247
27,555.45,2026-05-24 19:00:00,1,555.45,True,351.34285714285716,0.5491783664500474
226,184.38,2026-05-24 20:00:00,1,184.38,True,385.44571428571425,-0.7676666583525649
174,316.33,2026-05-24 21:00:00,1,316.33,True,,-0.2994054110873463
409,1613.67,2026-05-24 22:00:00,0,1613.67,True,879.7485714285714,4.304566142736517
432,647.12,2026-05-24 23:00:00,1,647.12,True,,0.8744948388775015
375,368.37,2026-05-25 00:00:00,0,368.37,False,236.82285714285717,-0.11472700784610351
15,141.48,2026-05-25 01:00:00,1,141.48,False,274.0628571428571,-0.9199092313550499
420,328.83,2026-05-25 02:00:00,0,328.83,False,205.87285714285716,-0.2550456870190232
198,617.66,2026-05-25 03:00:00,1,617.66,False,389.21714285714285,0.7699478411932775
208,532.32,2026-05-25 04:00:00,1,532.32,False,450.8614285714286,0.46709513303402234
472,50.61,2026-05-25 05:00:00,1,50.61,False,,-1.2423866814421312
433,70.22,2026-05-25 06:00:00,1,70.22,False,200.9557142857143,-1.172795146323746
25,73.82,2026-05-25 07:00:00,1,73.82,False,291.80571428571426,-1.160019545792069
179,451.94,2026-05-25 08:00:00,0,451.94,False,385.4142857142857,0.18184436338507734
374,74.9,2026-05-25 09:00:00,1,74.9,False,265.06142857142856,-1.1561868656325658
269,135.83,2026-05-25 10:00:00,0,135.83,False,406.8014285714286,-0.9399598266339318
128,282.18,2026-05-25 11:00:00,1,282.18,False,,-0.42059617724200493
262,689.15,2026-05-25 12:00:00,0,689.15,False,421.65999999999997,1.023649975084831
433,467.53,2026-05-25 13:00:00,0,467.53,False,245.55714285714288,0.23716981124308983
111,256.08,2026-05-25 14:00:00,1,256.08,False,,-0.5132192810966636
373,566.52,2026-05-25 15:00:00,0,566.52,False,278.1942857142857,0.5884633380849541
367,1173.09,2026-05-25 16:00:00,0,1173.09,False,423.0185714285714,2.7410455643347733
442,331.08,2026-05-25 17:00:00,1,331.08,False,,-0.24706093668672505
148,97.95,2026-05-25 18:00:00,1,97.95,False,433.45142857142855,-1.074387534450578
107,140.29,2026-05-25 19:00:00,0,140.29,False,254.76142857142855,-0.924132277086354
273,139.07,2026-05-25 20:00:00,0,139.07,False,,-0.9284617861554224
265,169.28,2026-05-25 21:00:00,0,169.28,False,438.2685714285714,-0.8212532050270991
204,241.82,2026-05-25 22:00:00,1,241.82,False,206.70000000000002,-0.5638248543138066
389,391.95,2026-05-25 23:00:00,0,391.95,False,434.55571428571426,-0.031046824363618886
399,83.34,2026-05-26 00:00:00,1,83.34,False,297.3328571428571,-1.1262351799416341
122,100.22,2026-05-26 01:00:00,1,100.22,False,466.73285714285714,-1.0663318085597706
397,489.95,2026-05-26 02:00:00,0,489.95,False,275.55857142857144,0.31673341233203417
115,207.82,2026-05-26 03:00:00,1,207.82,False,,-0.6844833037796454
203,152.93,2026-05-26 04:00:00,1,152.93,False,452.10428571428577,-0.8792757241084658
13,264.47,2026-05-26 05:00:00,1,264.47,False,,-0.48344503430200503
170,771.62,2026-05-26 06:00:00,1,771.62,False,,1.3163176905979996
479,538.46,2026-05-26 07:00:00,1,538.46,False,285.1014285714286,0.4888846294963826
221,512.73,2026-05-26 08:00:00,1,512.73,False,402.5557142857142,0.3975745734741463
355,956.32,2026-05-26 09:00:00,1,956.32,False,649.6899999999999,1.9717769734315416
53,405.77,2026-05-26 10:00:00,0,405.77,False,283.34999999999997,0.017997286566319104
317,1014.81,2026-05-26 11:00:00,0,1014.81,False,402.64571428571423,2.179344994292039
185,1068.91,2026-05-26 12:00:00,1,1068.91,False,393.91857142857145,2.371333880059742
371,86.13,2026-05-26 13:00:00,0,86.13,False,374.92571428571426,-1.1163340895295844
464,62.96,2026-05-26 14:00:00,0,62.96,False,,-1.198559274062628
265,130.69,2026-05-26 15:00:00,0,130.69,False,372.9142857142857,-0.9582005451708262
51,720.32,2026-05-26 16:00:00,0,720.32,False,385.49000000000007,1.1342653830216016
238,268.79,2026-05-26 17:00:00,0,268.79,False,441.2728571428571,-0.4681143136639926
61,242.78,2026-05-26 18:00:00,1,242.78,False,,-0.5604180275053593
224,577.24,2026-05-26 19:00:00,1,577.24,False,485.7371428571428,0.6265062374459481
30,199.03,2026-05-26 20:00:00,0,199.03,False,379.8728571428572,-0.7156770617444902
320,368.05,2026-05-26 21:00:00,0,368.05,False,,-0.11586261678225256
155,489.78,2026-05-26 22:00:00,1,489.78,False,,0.3161301200847049
100,142.06,2026-05-26 23:00:00,1,142.06,False,411.8128571428571,-0.9178509401582795
8,113.48,2026-05-27 00:00:00,0,113.48,False,,-1.0192750132680934
444,329.66,2026-05-27 01:00:00,1,329.66,False,,-0.2521002013408864
418,362.41,2026-05-27 02:00:00,0,362.41,False,291.9071428571429,-0.13587772428187989
405,546.32,2026-05-27 03:00:00,0,546.32,False,,0.5167780239905442
29,127.62,2026-05-27 04:00:00,1,127.62,False,272.0385714285714,-0.9690952934020063
174,173.91,2026-05-27 05:00:00,1,173.91,False,,-0.8048223632321923
485,1061.88,2026-05-27 06:00:00,1,1061.88,False,565.9399999999999,2.346385971243717
289,637.09,2026-05-27 07:00:00,1,637.09,False,381.76714285714286,0.8389005962850792
64,289.06,2026-05-27 08:00:00,1,289.06,False,351.8885714285715,-0.3961805851147999
70,708.44,2026-05-27 09:00:00,1,708.44,False,292.23857142857145,1.0921059012670675
131,128.08,2026-05-27 10:00:00,1,128.08,False,,-0.9674628555562921
486,263.3,2026-05-27 11:00:00,1,263.3,False,,-0.4875971044748001
84,360.1,2026-05-27 12:00:00,0,360.1,False,,-0.144075401289706
451,239.77,2026-05-27 13:00:00,1,239.77,False,369.69,-0.5710998490610115
339,246.72,2026-05-27 14:00:00,1,246.72,False,,-0.5464358424790239
460,527.08,2026-05-27 15:00:00,1,527.08,False,757.4642857142857,0.4484995367045813
413,643.28,2026-05-27 16:00:00,1,643.28,False,320.6228571428571,0.8608675316437125
166,219.36,2026-05-27 17:00:00,1,219.36,False,331.46999999999997,-0.6435304065197694
413,91.12,2026-05-27 18:00:00,0,91.12,False,272.0,-1.0986256876815097
84,72.65,2026-05-27 19:00:00,0,72.65,False,302.01000000000005,-1.1641716159648638
145,36.58,2026-05-27 20:00:00,1,36.58,False,,-1.2921760357364172
105,945.6,2026-05-27 21:00:00,1,945.6,False,,1.9337340740705475
66,528.65,2026-05-27 22:00:00,1,528.65,False,,0.45407111804756245
45,448.92,2026-05-27 23:00:00,1,448.92,False,293.20285714285717,0.17112705405017056
93,196.13,2026-05-28 00:00:00,1,196.13,False,278.72285714285715,-0.7259685177283411
60,195.17,2026-05-28 01:00:00,0,195.17,False,279.05571428571426,-0.7293753445367884
190,657.93,2026-05-28 02:00:00,0,657.93,False,,0.9128571282517871
35,63.3,2026-05-28 03:00:00,0,63.3,False,332.6671428571429,-1.1973526895679696
30,227.31,2026-05-28 04:00:00,0,227.31,False,401.2185714285714,-0.615317622012316
494,724.15,2026-05-28 05:00:00,0,724.15,False,410.59999999999997,1.1478572024761358
43,226.97,2026-05-28 06:00:00,1,226.97,False,358.7285714285714,-0.6165242065069744
37,509.57,2026-05-28 07:00:00,0,509.57,False,,0.3863604352296741
15,298.25,2026-05-28 08:00:00,1,298.25,False,285.59000000000003,-0.36356731597976877
66,11.24,2026-05-28 09:00:00,0,11.24,False,295.38428571428574,-1.3821020683677216
263,288.43,2026-05-28 10:00:00,0,288.43,False,236.1185714285714,-0.3984163152078434
413,334.75,2026-05-28 11:00:00,0,334.75,False,269.38428571428574,-0.23403692170026533
367,271.03,2026-05-28 12:00:00,1,271.03,False,397.18,-0.46016505111094924
290,108.24,2026-05-28 13:00:00,1,108.24,False,235.3,-1.0378706095975345
42,273.46,2026-05-28 14:00:00,1,273.46,False,557.9357142857142,-0.4515415207520672
387,39.73,2026-05-28 15:00:00,1,39.73,False,712.9857142857143,-1.2809973852711996
18,225.01,2026-05-28 16:00:00,1,225.01,False,282.3642857142857,-0.6234798112408875
315,538.96,2026-05-28 17:00:00,1,538.96,False,,0.4906590184591155
204,910.73,2026-05-28 18:00:00,1,910.73,False,326.5914285714286,1.8099881878095536
441,810.53,2026-05-28 19:00:00,0,810.53,False,,1.4544006396778755
153,124.89,2026-05-28 20:00:00,0,124.89,False,291.65285714285716,-0.9787834571385282
319,76.21,2026-05-28 21:00:00,1,76.21,False,287.37142857142857,-1.1515379665502057
219,360.18,2026-05-28 22:00:00,0,360.18,False,284.4871428571429,-0.1437914990556688
261,318.22,2026-05-28 23:00:00,0,318.22,False,464.33857142857147,-0.29269822080821567
469,482.87,2026-05-29 00:00:00,1,482.87,False,526.7657142857144,0.29160806461973604
356,182.22,2026-05-29 01:00:00,0,182.22,False,,-0.7753320186715711
207,325.83,2026-05-29 02:00:00,1,325.83,False,324.7914285714286,-0.26569202079542076
223,312.41,2026-05-29 03:00:00,1,312.41,False,317.7342857142857,-0.3133166205551723
352,231.53,2026-05-29 04:00:00,1,231.53,False,288.6714285714286,-0.6003417791668502
173,58.27,2026-05-29 05:00:00,1,58.27,False,174.04999999999998,-1.2152030425330629
83,533.33,2026-05-29 06:00:00,1,533.33,False,411.99571428571426,0.4706793987387428
233,362.06,2026-05-29 07:00:00,1,362.06,False,237.93714285714285,-0.137119796555793
34,560.03,2026-05-29 08:00:00,0,560.03,False,,0.5654317693486808
84,657.54,2026-05-29 09:00:00,1,657.54,False,350.60428571428565,0.9114731048608555
210,291.41,2026-05-29 10:00:00,0,291.41,False,,-0.3878409569899551
398,535.75,2026-05-29 11:00:00,1,535.75,False,451.3,0.47926744131837007
390,925.23,2026-05-29 12:00:00,0,925.23,False,451.03000000000003,1.8614454677288086
130,1130.23,2026-05-29 13:00:00,1,1130.23,False,,2.5889449424493076
210,395.97,2026-05-29 14:00:00,0,395.97,False,,-0.01678073710324604
76,419.38,2026-05-29 15:00:00,1,419.38,False,487.6942857142857,0.06629615413190934
377,390.98,2026-05-29 16:00:00,0,390.98,False,,-0.03448913895132065
123,470.57,2026-05-29 17:00:00,0,470.57,False,268.8071428571429,0.24795809613650607
399,637.73,2026-05-29 18:00:00,0,637.73,False,329.0285714285714,0.8411718141573773
421,384.84,2026-05-29 19:00:00,0,384.84,False,,-0.05627863541368111
344,1086.84,2026-05-29 20:00:00,1,1086.84,False,,2.434963468263344
165,985.07,2026-05-29 21:00:00,1,985.07,False,365.1242857142857,2.0738043387886846
476,334.07,2026-05-29 22:00:00,0,334.07,False,312.4628571428571,-0.23645009068958214
343,332.51,2026-05-29 23:00:00,1,332.51,False,495.11428571428576,-0.24198618425330887
322,217.21,2026-05-30 00:00:00,1,217.21,True,,-0.651160279059521
428,489.22,2026-05-30 01:00:00,0,489.22,True,297.9357142857143,0.31414280444644427
440,248.69,2026-05-30 02:00:00,1,248.69,True,321.60571428571427,-0.5394447499658562
38,208.74,2026-05-30 03:00:00,0,208.74,True,342.0242857142857,-0.6812184280882168
440,481.48,2026-05-30 04:00:00,0,481.48,True,331.36285714285714,0.28667526330333853
382,118.35,2026-05-30 05:00:00,0,118.35,True,448.14428571428573,-1.001992464771075
103,645.52,2026-05-30 06:00:00,0,645.52,True,346.46,0.8688167941967561
153,495.62,2026-05-30 07:00:00,0,495.62,True,337.84999999999997,0.3368549831694256
376,950.57,2026-05-30 08:00:00,0,950.57,True,499.14428571428573,1.9513715003601129
108,401.35,2026-05-30 09:00:00,0,401.35,True,,0.0023116881357602035
226,551.88,2026-05-30 10:00:00,0,551.88,True,361.83,0.5365092292561342
344,603.91,2026-05-30 11:00:00,1,603.91,True,,0.7211521447181221
325,766.85,2026-05-30 12:00:00,1,766.85,True,508.19571428571425,1.2993900198935275
454,368.52,2026-05-30 13:00:00,0,368.52,True,457.1528571428571,-0.11419469115728371
55,215.8,2026-05-30 14:00:00,1,215.8,True,283.5485714285714,-0.6561640559344278
147,408.36,2026-05-30 15:00:00,0,408.36,True,370.8914285714286,0.027188621393275762
492,644.99,2026-05-30 16:00:00,1,644.99,True,424.7928571428571,0.8669359418962592
284,705.41,2026-05-30 17:00:00,0,705.41,True,500.19,1.0813531041529056
124,58.91,2026-05-30 18:00:00,1,58.91,True,353.2942857142857,-1.2129318246607645
144,1781.77,2026-05-30 19:00:00,1,1781.77,True,663.5714285714286,4.901115712007326
169,209.69,2026-05-30 20:00:00,0,209.69,True,408.3971428571428,-0.6778470890590242
277,558.7,2026-05-30 21:00:00,0,558.7,True,440.6242857142857,0.5607118947078114
142,826.77,2026-05-30 22:00:00,0,826.77,True,346.6485714285714,1.5120327931874409
310,310.46,2026-05-30 23:00:00,0,310.46,True,407.3785714285714,-0.32023673750983084
222,724.79,2026-05-31 00:00:00,0,724.79,True,,1.1501284203484337
305,58.31,2026-05-31 01:00:00,1,58.31,True,325.8728571428571,-1.2150610914160442
77,743.29,2026-05-31 02:00:00,0,743.29,True,460.4171428571429,1.215780811969552
311,681.4,2026-05-31 03:00:00,1,681.4,True,,0.9961469461624707
462,447.06,2026-05-31 04:00:00,0,447.06,True,371.74571428571426,0.16452632710880402
67,646.44,2026-05-31 05:00:00,0,646.44,True,498.2,0.8720816698881849
163,1003.24,2026-05-31 06:00:00,0,1003.24,True,,2.1382856336943994
346,844.64,2026-05-31 07:00:00,1,844.64,True,,1.5754494547155156
308,325.02,2026-05-31 08:00:00,0,325.02,True,426.14428571428573,-0.2685665309150481
337,405.44,2026-05-31 09:00:00,0,405.44,True,,0.01682618985091543
279,282.72,2026-05-31 10:00:00,0,282.72,True,,-0.41867983716225327
341,254.09,2026-05-31 11:00:00,1,254.09,True,295.9642857142857,-0.5202813491683406
304,601.41,2026-05-31 12:00:00,0,601.41,True,,0.7122801999044575
37,280.24,2026-05-31 13:00:00,0,280.24,True,,-0.42748080641740865
375,600.43,2026-05-31 14:00:00,1,600.43,True,312.4342857142857,0.7088023975375009
223,310.18,2026-05-31 15:00:00,1,310.18,True,337.89142857142855,-0.3212303953289612
25,346.95,2026-05-31 16:00:00,0,346.95,True,259.55571428571426,-0.19074183100958203
204,162.98,2026-05-31 17:00:00,1,162.98,True,315.81142857142856,-0.8436105059575341
217,589.39,2026-05-31 18:00:00,1,589.39,True,441.9557142857143,0.6696238892403581
43,54.24,2026-05-31 19:00:00,1,54.24,True,341.7471428571429,-1.2295046175726903
498,762.71,2026-05-31 20:00:00,0,762.71,True,415.3385714285714,1.284698079282099
111,1373.42,2026-05-31 21:00:00,1,1373.42,True,368.1671428571429,3.451972246143347
165,356.31,2026-05-31 22:00:00,0,356.31,True,392.7628571428572,-0.15752526962722166
220,344.19,2026-05-31 23:00:00,0,344.19,True,439.74142857142857,-0.20053645808386775
416,77.69,2026-06-01 00:00:00,0,77.69,False,273.6714285714286,-1.1462857752205162
371,221.1,2026-06-01 01:00:00,1,221.1,False,377.3357142857143,-0.6373555329294589
385,651.36,2026-06-01 02:00:00,1,651.36,False,424.2642857142857,0.8895416572814767
118,716.97,2026-06-01 03:00:00,0,716.97,False,455.8914285714286,1.122376976971291
422,391.67,2026-06-01 04:00:00,1,391.67,False,384.67285714285714,-0.03204048218274923
414,624.56,2026-06-01 05:00:00,0,624.56,False,293.2057142857143,0.7944344088789917
231,165.98,2026-06-01 06:00:00,1,165.98,False,383.00714285714287,-0.8329641721811365
272,461.94,2026-06-01 07:00:00,1,461.94,False,672.2414285714285,0.21733214263973583
18,899.51,2026-06-01 08:00:00,1,899.51,False,348.45285714285717,1.7701708994858267
380,529.05,2026-06-01 09:00:00,1,529.05,False,460.1385714285715,0.4554906292177487
480,992.79,2026-06-01 10:00:00,1,992.79,False,680.17,2.101200904373281
236,1013.33,2026-06-01 11:00:00,1,1013.33,False,,2.1740928029623494
270,483.99,2026-06-01 12:00:00,1,483.99,False,342.69714285714286,0.2955826958962578
249,2.83,2026-06-01 13:00:00,1,2.83,False,,-1.4119472907208894
41,706.58,2026-06-01 14:00:00,0,706.58,False,,1.085505174325701
309,107.17,2026-06-01 15:00:00,1,107.17,False,557.7571428571429,-1.041667801977783
360,13.7,2026-06-01 16:00:00,0,13.7,False,487.27000000000004,-1.3733720746710758
463,45.19,2026-06-01 17:00:00,1,45.19,False,267.03285714285715,-1.2616210577981561
464,741.46,2026-06-01 18:00:00,1,741.46,False,,1.2092865483659496
245,486.85,2026-06-01 19:00:00,1,486.85,False,400.88,0.30573220076309016
479,399.78,2026-06-01 20:00:00,1,399.78,False,270.93285714285713,-0.003259893207221355
264,521.28,2026-06-01 21:00:00,1,521.28,False,537.1814285714286,0.42791662473687914
321,48.93,2026-06-01 22:00:00,1,48.93,False,293.31857142857143,-1.2483486283569138
300,281.71,2026-06-01 23:00:00,0,281.71,False,540.9342857142857,-0.42226410286697397
499,192.18,2026-06-02 00:00:00,0,192.18,False,477.8771428571428,-0.7399861905339312
368,376.54,2026-06-02 01:00:00,1,376.54,False,260.8828571428572,-0.08573349219504749
60,386.9,2026-06-02 02:00:00,0,386.9,False,303.17571428571426,-0.04896815288722146
35,505.28,2026-06-02 03:00:00,1,505.28,False,348.5585714285714,0.37113617792942555
204,561.76,2026-06-02 04:00:00,1,561.76,False,354.4971428571429,0.5715711551597367
257,52.09,2026-06-02 05:00:00,1,52.09,False,391.5442857142857,-1.237134490112442
334,284.85,2026-06-02 06:00:00,1,284.85,False,399.3,-0.41112094018101103
240,338.53,2026-06-02 07:00:00,0,338.53,False,230.1728571428571,-0.22062254114200452
257,104.07,2026-06-02 08:00:00,0,104.07,False,319.1842857142857,-1.0526690135467272
460,93.13,2026-06-02 09:00:00,0,93.13,False,613.8442857142857,-1.0914926440513235
167,79.71,2026-06-02 10:00:00,1,79.71,False,370.84285714285716,-1.1391172438110753
246,621.91,2026-06-02 11:00:00,0,621.91,False,465.1242857142857,0.7850301473765073
278,63.4,2026-06-02 12:00:00,1,63.4,False,,-1.1969978117754232
234,76.54,2026-06-02 13:00:00,0,76.54,False,341.7,-1.1503668698348017
484,364.65,2026-06-02 14:00:00,0,364.65,False,353.54,-0.12792846172883657
481,460.53,2026-06-02 15:00:00,1,460.53,False,551.7557142857142,0.21232836576482889
256,330.27,2026-06-02 16:00:00,0,330.27,False,328.8128571428571,-0.24993544680635238
225,125.94,2026-06-02 17:00:00,0,125.94,False,336.36857142857144,-0.975057240316789
294,95.32,2026-06-02 18:00:00,0,95.32,False,213.23000000000002,-1.0837208203945532
90,356.83,2026-06-02 19:00:00,0,356.83,False,362.3071428571428,-0.15567990510597948
212,302.07,2026-06-02 20:00:00,1,302.07,False,510.15000000000003,-0.35001098430448924
108,242.9,2026-06-02 21:00:00,1,242.9,False,,-0.5599921741543035
72,602.53,2026-06-02 22:00:00,1,602.53,False,,0.7162548311809792
47,286.33,2026-06-02 23:00:00,0,286.33,False,404.68142857142857,-0.40586874885132174
293,86.67,2026-06-03 00:00:00,1,86.67,False,,-1.1144177494498329
0,244.12,2026-06-03 01:00:00,0,244.12,False,572.7428571428571,-0.5556626650852351
323,499.48,2026-06-03 02:00:00,0,499.48,False,,0.3505532659617238
215,272.37,2026-06-03 03:00:00,1,272.37,False,239.63571428571427,-0.4554096886908249
183,493.02,2026-06-03 04:00:00,1,493.02,False,378.0942857142857,0.3276281605632143
384,565.85,2026-06-03 05:00:00,1,565.85,False,,0.5860856568748921
269,287.13,2026-06-03 06:00:00,0,287.13,False,360.44,-0.403029726510949
366,329.04,2026-06-03 07:00:00,1,329.04,False,279.3157142857143,-0.25430044365467525
354,258.32,2026-06-03 08:00:00,0,258.32,False,454.53142857142853,-0.5052700185436201
16,501.03,2026-06-03 09:00:00,1,501.03,False,,0.35605387174619574
107,251.68,2026-06-03 10:00:00,1,251.68,False,234.06714285714287,-0.5288339039687132
284,465.6,2026-06-03 11:00:00,1,465.6,False,543.0585714285714,0.2303206698469409
487,391.8,2026-06-03 12:00:00,0,391.8,False,442.27,-0.03157914105243868
77,44.81,2026-06-03 13:00:00,0,44.81,False,359.20285714285717,-1.2629695934098333
52,484.62,2026-06-03 14:00:00,1,484.62,False,537.5600000000001,0.29781842598930125
470,364.56,2026-06-03 15:00:00,1,364.56,False,362.6085714285714,-0.1282478517421284
483,783.75,2026-06-03 16:00:00,1,783.75,False,,1.3593643668339002
83,109.17,2026-06-03 17:00:00,1,109.17,False,395.11285714285714,-1.0345702461268511
200,396.67,2026-06-03 18:00:00,0,396.67,False,473.02285714285716,-0.014296592555419988
313,222.55,2026-06-03 19:00:00,1,222.55,False,480.20714285714286,-0.6322098049375334
97,51.65,2026-06-03 20:00:00,1,51.65,False,320.85714285714295,-1.2386959523996468
163,33.95,2026-06-03 21:00:00,0,33.95,False,,-1.3015093216803924
197,894.02,2026-06-03 22:00:00,1,894.02,False,456.6285714285714,1.7506881086750192
320,397.65,2026-06-03 23:00:00,0,397.65,False,,-0.010818790188463594
154,279.32,2026-06-04 00:00:00,1,279.32,False,,-0.4307456821088373
206,70.73,2026-06-04 01:00:00,0,70.73,False,,-1.1709852695817584
144,858.03,2026-06-04 02:00:00,1,858.03,False,720.9799999999999,1.6229675911375032
379,174.93,2026-06-04 03:00:00,1,174.93,False,351.56428571428575,-0.8012026097482171
76,411.92,2026-06-04 04:00:00,1,411.92,False,524.8871428571429,0.03982227080793419
115,353.6,2026-06-04 05:00:00,1,353.6,False,237.81428571428572,-0.167142457805234
124,1139.56,2026-06-04 06:00:00,1,1139.56,False,379.88,2.6220550404939034
452,322.78,2026-06-04 07:00:00,0,322.78,False,,-0.27651579346809163
472,210.69,2026-06-04 08:00:00,1,210.69,False,,-0.6742983111335584
250,402.21,2026-06-04 09:00:00,1,402.21,False,446.4342857142857,0.005363637151660679
78,435.52,2026-06-04 10:00:00,1,435.52,False,390.0442857142857,0.12357342984892807
378,1680.07,2026-06-04 11:00:00,1,1680.07,False,,4.540204996987449
246,318.49,2026-06-04 12:00:00,1,318.49,False,430.9071428571428,-0.29174005076834
424,105.44,2026-06-04 13:00:00,1,105.44,False,153.00428571428571,-1.0478071877888389
179,242.96,2026-06-04 14:00:00,0,242.96,False,383.0757142857143,-0.5597792474787755
499,401.53,2026-06-04 15:00:00,0,401.53,False,459.19571428571425,0.0029504681623438783
403,458.04,2026-06-04 16:00:00,0,458.04,False,,0.20349190873041909
111,63.37,2026-06-04 17:00:00,1,63.37,False,361.3614285714285,-1.197104275113187
362,219.03,2026-06-04 18:00:00,1,219.03,False,591.2685714285715,-0.6447015032351732
143,1095.07,2026-06-04 19:00:00,1,1095.07,False,542.37,2.464169910589928
174,144.75,2026-06-04 20:00:00,0,144.75,False,283.39285714285717,-0.9083047275387763
125,612.57,2026-06-04 21:00:00,1,612.57,False,,0.7518845615526566
341,249.95,2026-06-04 22:00:00,0,249.95,False,282.33285714285716,-0.5349732897797692
131,333.46,2026-06-04 23:00:00,1,333.46,False,,-0.23861484522411636
319,73.06,2026-06-05 00:00:00,0,73.06,False,249.79857142857145,-1.162716617015423
291,270.51,2026-06-05 01:00:00,1,270.51,False,,-0.4620104156321914
375,397.8,2026-06-05 02:00:00,0,397.8,False,340.34285714285716,-0.010286473499643596
496,321.67,2026-06-05 03:00:00,0,321.67,False,494.4242857142857,-0.28045493696535856
4,284.57,2026-06-05 04:00:00,0,284.57,False,381.6442857142857,-0.4121145980001416
495,502.87,2026-06-05 05:00:00,1,502.87,False,354.62,0.362583623129053
54,95.0,2026-06-05 06:00:00,0,95.0,False,,-1.0848564293307024
263,411.97,2026-06-05 07:00:00,0,411.97,False,261.8228571428572,0.03999970970420752
170,30.24,2026-06-05 08:00:00,0,30.24,False,,-1.3146752877838705
319,735.54,2026-06-05 09:00:00,1,735.54,False,333.43285714285713,1.1882777830471916
360,292.41,2026-06-05 10:00:00,0,292.41,False,516.3842857142857,-0.3842921790644892
429,583.8,2026-06-05 11:00:00,1,583.8,False,620.7528571428572,0.6497862206370039
200,7.65,2026-06-05 12:00:00,1,7.65,False,466.9,-1.3948421811201441
466,526.13,2026-06-05 13:00:00,1,526.13,False,533.97,0.4451281976753886
161,169.39,2026-06-05 14:00:00,0,169.39,False,360.18142857142857,-0.8208628394552979
101,335.2,2026-06-05 15:00:00,1,335.2,False,382.6028571428571,-0.23243997163380573
189,532.2,2026-06-05 16:00:00,1,532.2,False,328.29285714285714,0.46666927968296645
264,311.3,2026-06-05 17:00:00,0,311.3,False,495.41285714285715,-0.31725576405243944
334,487.33,2026-06-05 18:00:00,1,487.33,False,347.9685714285714,0.30743561416731363
416,253.03,2026-06-05 19:00:00,0,253.03,False,285.2214285714286,-0.5240430537693344
112,775.88,2026-06-05 20:00:00,1,775.88,False,558.8314285714285,1.331435484560484
151,291.76,2026-06-05 21:00:00,1,291.76,False,370.1771428571429,-0.38659888471604215
469,296.51,2026-06-05 22:00:00,1,296.51,False,505.7285714285714,-0.36974218957007937
219,300.95,2026-06-05 23:00:00,0,300.95,False,301.05,-0.353985615581011
120,328.01,2026-06-06 00:00:00,0,328.01,True,404.21000000000004,-0.25795568491790516
492,99.95,2026-06-06 01:00:00,0,99.95,True,361.5228571428571,-1.0672899785996464
224,140.42,2026-06-06 02:00:00,1,140.42,True,442.5057142857143,-0.9236709359560434
492,645.52,2026-06-06 03:00:00,1,645.52,True,424.0642857142857,0.8688167941967561
459,583.56,2026-06-06 04:00:00,1,583.56,True,495.4028571428571,0.648934513934892
453,557.39,2026-06-06 05:00:00,0,557.39,True,,0.5560629956254509
290,455.56,2026-06-06 06:00:00,0,455.56,True,281.5157142857143,0.19469093947526372
399,214.64,2026-06-06 07:00:00,0,214.64,True,336.29857142857145,-0.6602806383279683
480,196.22,2026-06-06 08:00:00,1,196.22,True,588.9785714285714,-0.7256491277150492
134,317.29,2026-06-06 09:00:00,0,317.29,True,,-0.29599858427889897
18,716.24,2026-06-06 10:00:00,1,716.24,True,377.84285714285716,1.1197863690857008
160,380.95,2026-06-06 11:00:00,1,380.95,True,401.0185714285714,-0.0700833815437432
318,133.89,2026-06-06 12:00:00,0,133.89,True,377.48285714285714,-0.9468444558093355
273,79.39,2026-06-06 13:00:00,0,79.39,True,,-1.1402528527472242
40,596.52,2026-06-06 14:00:00,1,596.52,True,,0.6949266758489295
280,873.86,2026-06-06 15:00:00,1,873.86,True,,1.6791447456976278
87,59.69,2026-06-06 16:00:00,0,59.69,True,340.4171428571429,-1.2101637778789014
252,610.58,2026-06-06 17:00:00,1,610.58,True,444.3842857142857,0.7448224934809796
287,447.77,2026-06-06 18:00:00,0,447.77,True,332.5671428571428,0.1670459594358847
318,164.26,2026-06-06 19:00:00,0,164.26,True,342.8571428571428,-0.8390680702129377
206,384.76,2026-06-06 20:00:00,1,384.76,True,298.11428571428576,-0.05656253764771832
204,113.82,2026-06-06 21:00:00,0,113.82,True,331.3028571428572,-1.0180684287734352
339,274.16,2026-06-06 22:00:00,0,274.16,True,,-0.44905737620424097
374,331.09,2026-06-06 23:00:00,0,331.09,True,267.58714285714285,-0.2470254489074704
403,770.81,2026-06-07 00:00:00,1,770.81,True,,1.313443180478372
166,263.46,2026-06-07 01:00:00,1,263.46,True,357.03428571428566,-0.4870293000067257
212,180.94,2026-06-07 02:00:00,1,180.94,True,460.4485714285714,-0.7798744544161673
165,423.15,2026-06-07 03:00:00,0,423.15,True,381.23285714285714,0.07967504691091552
263,496.79,2026-06-07 04:00:00,0,496.79,True,312.5828571428571,0.3410070533422207
63,175.12,2026-06-07 05:00:00,0,175.12,True,350.5657142857143,-0.8005283419423785
215,129.01,2026-06-07 06:00:00,0,129.01,True,214.20857142857145,-0.9641624920856089
94,139.74,2026-06-07 07:00:00,0,139.74,True,287.6442857142857,-0.9260841049453602
266,772.66,2026-06-07 08:00:00,1,772.66,True,580.4571428571429,1.320008419640484
425,481.24,2026-06-07 09:00:00,0,481.24,True,307.50428571428574,0.2858235566012267
492,249.53,2026-06-07 10:00:00,0,249.53,True,357.3885714285714,-0.5364637765084649
223,685.91,2026-06-07 11:00:00,1,685.91,True,400.5728571428572,1.0121519346063217
28,173.92,2026-06-07 12:00:00,0,173.92,True,,-0.8047868754529377
113,307.59,2026-06-07 13:00:00,0,307.59,True,,-0.33042173015591786
52,111.96,2026-06-07 14:00:00,1,111.96,True,517.2557142857142,-1.0246691557148015
379,665.43,2026-06-07 15:00:00,1,665.43,True,375.99571428571426,0.939472962692781
492,161.64,2026-06-07 16:00:00,0,161.64,True,313.59285714285716,-0.8483658683776583
276,164.95,2026-06-07 17:00:00,0,164.95,True,331.17857142857144,-0.8366194134443663
88,430.15,2026-06-07 18:00:00,1,430.15,True,293.5357142857143,0.10451649238917646
10,26.35,2026-06-07 19:00:00,1,26.35,True,,-1.3284800339139327
488,88.74,2026-06-07 20:00:00,0,88.74,True,408.1542857142857,-1.1070717791441185
158,544.78,2026-06-07 21:00:00,1,544.78,True,451.84142857142854,0.5113129059853265
56,137.79,2026-06-07 22:00:00,1,137.79,True,213.46285714285713,-0.9330042219000186
88,1387.87,2026-06-07 23:00:00,0,1387.87,True,478.9257142857142,3.5032520871663277
127,369.76,2026-06-08 00:00:00,1,369.76,False,344.9842857142857,-0.10979420652970603
327,54.81,2026-06-08 01:00:00,1,54.81,False,,-1.2274818141551747
445,903.67,2026-06-08 02:00:00,1,903.67,False,289.7257142857143,1.7849338156557646
137,369.45,2026-06-08 03:00:00,1,369.45,False,456.29571428571427,-0.11089432768660046
343,279.86,2026-06-08 04:00:00,0,279.86,False,355.2271428571429,-0.4288293420290857
32,368.43,2026-06-08 05:00:00,1,368.43,False,,-0.11451408117057556
5,54.28,2026-06-08 06:00:00,1,54.28,False,,-1.2293626664556716
27,315.56,2026-06-08 07:00:00,1,315.56,False,377.9542857142857,-0.3021379700899549
461,147.11,2026-06-08 08:00:00,0,147.11,False,303.52,-0.8999296116346769
290,300.46,2026-06-08 09:00:00,1,300.46,False,299.4428571428571,-0.3557245167644893
402,219.55,2026-06-08 10:00:00,0,219.55,False,410.68571428571425,-0.6428561387139309
10,354.1,2026-06-08 11:00:00,0,354.1,False,214.46714285714285,-0.1653680688425011
11,249.35,2026-06-08 12:00:00,0,249.35,False,416.23857142857145,-0.5371025565350487
424,207.79,2026-06-08 13:00:00,1,207.79,False,138.51999999999998,-0.6845897671174094
51,132.36,2026-06-08 14:00:00,1,132.36,False,376.88714285714286,-0.9522740860352982
77,57.3,2026-06-08 15:00:00,0,57.3,False,344.8528571428571,-1.2186453571207647
259,43.71,2026-06-08 16:00:00,1,43.71,False,,-1.2668732491278456
303,92.01,2026-06-08 17:00:00,1,92.01,False,328.98,-1.0954672753278452
114,515.06,2026-06-08 18:00:00,0,515.06,False,,0.40584322604048145
222,125.28,2026-06-08 19:00:00,1,125.28,False,411.5057142857143,-0.9773994337475963
337,179.21,2026-06-08 20:00:00,0,179.21,False,400.71999999999997,-0.7860138402272232
221,180.71,2026-06-08 21:00:00,1,180.71,False,339.83571428571423,-0.7806906733390244
191,222.53,2026-06-08 22:00:00,0,222.53,False,628.632857142857,-0.6322807804960427
35,452.69,2026-06-08 23:00:00,1,452.69,False,374.64285714285717,0.18450594682917673
225,247.33,2026-06-09 00:00:00,0,247.33,False,263.5628571428571,-0.5442710879444896
401,585.52,2026-06-09 01:00:00,0,585.52,False,346.7742857142857,0.6558901186688052
313,93.14,2026-06-09 02:00:00,1,93.14,False,408.8957142857143,-1.0914571562720687
446,542.59,2026-06-09 03:00:00,1,542.59,False,481.7371428571428,0.5035410823285565
63,831.94,2026-06-09 04:00:00,0,831.94,False,421.2985714285714,1.5303799750620997
5,312.39,2026-06-09 05:00:00,0,312.39,False,,-0.3133875961136817
274,116.55,2026-06-09 06:00:00,1,116.55,False,,-1.0083802650369131
89,459.26,2026-06-09 07:00:00,1,459.26,False,,0.20782141779948732
296,316.75,2026-06-09 08:00:00,0,316.75,False,,-0.2979149243586506
451,401.59,2026-06-09 09:00:00,1,401.59,False,400.3014285714285,0.0031633948378718374
168,597.64,2026-06-09 10:00:00,0,597.64,False,,0.6989013071254513
274,231.74,2026-06-09 11:00:00,0,231.74,False,,-0.5995965358025023
340,201.87,2026-06-09 12:00:00,1,201.87,False,213.28428571428572,-0.7055985324361671
75,1569.31,2026-06-09 13:00:00,1,1569.31,False,573.1671428571428,4.147142353962852
448,463.62,2026-06-09 14:00:00,1,463.62,False,368.2785714285714,0.22329408955451846
101,672.18,2026-06-09 15:00:00,0,672.18,False,450.71999999999997,0.9634272136896754
404,573.31,2026-06-09 16:00:00,0,573.31,False,439.0842857142857,0.612559540198867
329,678.01,2026-06-09 17:00:00,1,678.01,False,417.28428571428566,0.9841165889951415
70,411.9,2026-06-09 18:00:00,1,411.9,False,334.31857142857143,0.03975129524942474
362,621.77,2026-06-09 19:00:00,1,621.77,False,634.2914285714286,0.7845333184669422
98,180.2,2026-06-09 20:00:00,0,180.2,False,251.35714285714286,-0.7825005500810122
299,55.57,2026-06-09 21:00:00,1,55.57,False,342.0128571428572,-1.2247847429318206
479,141.4,2026-06-09 22:00:00,1,141.4,False,272.59000000000003,-0.9201931335890868
476,281.24,2026-06-09 23:00:00,1,281.24,False,299.34285714285716,-0.4239320284919428
435,252.24,2026-06-10 00:00:00,0,252.24,False,,-0.5268465883304524
247,318.17,2026-06-10 01:00:00,0,318.17,False,388.92999999999995,-0.29287565970448903
279,170.9,2026-06-10 02:00:00,1,170.9,False,,-0.8155041847878445
150,31.74,2026-06-10 03:00:00,0,31.74,False,328.5385714285714,-1.3093521208956718
460,226.33,2026-06-10 04:00:00,1,226.33,False,473.73857142857145,-0.6187954243792725
238,81.19,2026-06-10 05:00:00,0,81.19,False,397.9971428571429,-1.1338650524813856
385,307.6,2026-06-10 06:00:00,1,307.6,False,399.60571428571427,-0.33038624237666303
179,426.67,2026-06-10 07:00:00,0,426.67,False,388.55000000000007,0.09216674520855545
370,222.64,2026-06-10 08:00:00,0,222.64,False,,-0.6318904149242416
112,109.48,2026-06-10 09:00:00,0,109.48,False,564.0857142857143,-1.0334701249699567
366,330.98,2026-06-10 10:00:00,0,330.98,False,313.4628571428571,-0.24741581447927152
22,1626.25,2026-06-10 11:00:00,1,1626.25,False,600.5242857142857,4.349209769038877
52,463.47,2026-06-10 12:00:00,1,463.47,False,551.3685714285714,0.22276177286569868
176,489.01,2026-06-10 13:00:00,1,489.01,False,,0.31339756108209627
241,203.4,2026-06-10 14:00:00,1,203.4,False,,-0.7001689022102044
355,151.49,2026-06-10 15:00:00,0,151.49,False,582.9471428571429,-0.8843859643211366
179,679.09,2026-06-10 16:00:00,1,679.09,False,434.0242857142857,0.9879492691546448
9,17.83,2026-06-10 17:00:00,1,17.83,False,,-1.3587156218389018
162,166.16,2026-06-10 18:00:00,0,166.16,False,272.5385714285714,-0.8323253921545526
219,961.87,2026-06-10 19:00:00,1,961.87,False,393.44714285714286,1.9914726909178768
271,292.91,2026-06-10 20:00:00,1,292.91,False,525.9085714285715,-0.3825177901017563
322,64.33,2026-06-10 21:00:00,0,64.33,False,,-1.19369744830474
123,436.06,2026-06-10 22:00:00,0,436.06,False,279.62714285714287,0.1254897699286797
305,223.87,2026-06-10 23:00:00,1,223.87,False,297.3528571428572,-0.6275254180759186
315,48.41,2026-06-11 00:00:00,1,48.41,False,269.5342857142857,-1.250193992878156
388,376.77,2026-06-11 01:00:00,0,376.77,False,389.4614285714286,-0.08491727327219048
261,335.27,2026-06-11 02:00:00,1,335.27,False,403.3557142857143,-0.23219155717902315
405,320.41,2026-06-11 03:00:00,1,320.41,False,,-0.2849263971514455
110,458.64,2026-06-11 04:00:00,1,458.64,False,,0.20562117548569847
355,102.37,2026-06-11 05:00:00,1,102.37,False,551.0514285714286,-1.058701936020019
22,405.93,2026-06-11 06:00:00,1,405.93,False,616.5657142857143,0.01856509103439373
51,354.24,2026-06-11 07:00:00,0,354.24,False,344.08,-0.16487123993293593
432,669.19,2026-06-11 08:00:00,1,669.19,False,,0.952816367692533
237,164.16,2026-06-11 09:00:00,0,164.16,False,273.61571428571426,-0.8394229480054843
310,752.22,2026-06-11 10:00:00,1,752.22,False,509.5785714285715,1.247471398843962
301,566.26,2026-06-11 11:00:00,1,566.26,False,430.0628571428571,0.587540655824333
347,283.77,2026-06-11 12:00:00,1,283.77,False,,-0.4149536203405143
122,320.25,2026-06-11 13:00:00,0,320.25,False,474.06857142857143,-0.2854942016195201
89,20.38,2026-06-11 14:00:00,0,20.38,False,261.7342857142857,-1.349666238128964
21,313.23,2026-06-11 15:00:00,1,313.23,False,295.32000000000005,-0.3104066226562903
432,538.61,2026-06-11 16:00:00,1,538.61,False,509.71714285714285,0.48941694618520243
111,249.38,2026-06-11 17:00:00,1,249.38,False,383.2457142857143,-0.5369960931972848
287,668.02,2026-06-11 18:00:00,0,668.02,False,405.6228571428571,0.9486642975197377
227,441.63,2026-06-11 19:00:00,0,441.63,False,538.5928571428572,0.14525646297352446
81,1161.93,2026-06-11 20:00:00,1,1161.93,False,591.13,2.701441202686575
206,174.84,2026-06-11 21:00:00,1,174.84,False,295.6842857142857,-0.8015219997615091
41,502.16,2026-06-11 22:00:00,1,502.16,False,,0.3600639908019723
88,83.77,2026-06-11 23:00:00,1,83.77,False,467.8128571428571,-1.1247092054336838
69,268.58,2026-06-12 00:00:00,0,268.58,False,464.34714285714284,-0.46885955702834053
412,460.89,2026-06-12 01:00:00,0,460.89,False,,0.21360592581799664
283,524.89,2026-06-12 02:00:00,1,524.89,False,374.9414285714286,0.4407277130478109
462,233.59,2026-06-12 03:00:00,1,233.59,False,378.9642857142857,-0.5930312966403904
217,718.92,2026-06-12 04:00:00,0,718.92,False,435.5571428571429,1.1292970939259492
100,828.1,2026-06-12 05:00:00,0,828.1,False,510.74285714285713,1.5167526678283108
304,176.66,2026-06-12 06:00:00,0,176.66,False,,-0.7950632239371612
464,275.48,2026-06-12 07:00:00,1,275.48,False,362.32714285714286,-0.44437298934262603
266,252.6,2026-06-12 08:00:00,1,252.6,False,570.9,-0.5255690282772847
8,203.26,2026-06-12 09:00:00,0,203.26,False,351.59999999999997,-0.7006657311197697
151,792.97,2026-06-12 10:00:00,1,792.97,False,451.2857142857143,1.3920840993066954
462,786.73,2026-06-12 11:00:00,0,786.73,False,393.88428571428574,1.3699397250517886
259,259.7,2026-06-12 12:00:00,1,259.7,False,246.95285714285714,-0.5003727050064772
475,500.38,2026-06-12 13:00:00,1,500.38,False,,0.353747166094643
254,662.63,2026-06-12 14:00:00,0,662.63,False,499.22428571428566,0.9295363845014768
6,380.65,2026-06-12 15:00:00,1,380.65,False,,-0.07114801492138301
436,243.7,2026-06-12 16:00:00,0,243.7,False,,-0.5571531518139308
381,165.49,2026-06-12 17:00:00,0,165.49,False,261.7242857142857,-0.8347030733646147
357,535.22,2026-06-12 18:00:00,0,535.22,False,,0.47738658901787323
485,91.49,2026-06-12 19:00:00,1,91.49,False,403.7928571428571,-1.0973126398490873
98,249.21,2026-06-12 20:00:00,1,249.21,False,217.04857142857145,-0.5375993854446139
452,214.72,2026-06-12 21:00:00,1,214.72,False,,-0.6599967360939311
116,85.52,2026-06-12 22:00:00,1,85.52,False,336.28285714285715,-1.1184988440641186
485,293.37,2026-06-12 23:00:00,0,293.37,False,382.5128571428572,-0.3808853522560421
95,270.72,2026-06-13 00:00:00,1,270.72,True,,-0.46126517226784347
275,135.37,2026-06-13 01:00:00,1,135.37,True,,-0.9415922644796461
394,772.47,2026-06-13 02:00:00,0,772.47,True,,1.3193341518346455
39,537.89,2026-06-13 03:00:00,1,537.89,True,,0.4868618260788669
33,324.29,2026-06-13 04:00:00,0,324.29,True,604.0685714285713,-0.271157138800638
424,597.44,2026-06-13 05:00:00,1,597.44,True,188.53428571428572,0.6981915515403584
30,698.95,2026-06-13 06:00:00,1,698.95,True,464.2,1.0584279987543965
306,796.53,2026-06-13 07:00:00,1,796.53,True,425.8885714285715,1.4047177487213538
469,173.92,2026-06-13 08:00:00,0,173.92,True,458.56857142857143,-0.8047868754529377
307,597.28,2026-06-13 09:00:00,1,597.28,True,419.96000000000004,0.6976237470722836
240,271.65,2026-06-13 10:00:00,1,271.65,True,233.89142857142855,-0.4579648087971604
208,370.76,2026-06-13 11:00:00,1,370.76,True,490.22428571428566,-0.10624542860424019
319,181.9,2026-06-13 12:00:00,1,181.9,True,240.08142857142857,-0.7764676276077201
285,312.48,2026-06-13 13:00:00,1,312.48,True,567.3185714285714,-0.3130682061003897
250,603.4,2026-06-13 14:00:00,1,603.4,True,480.9542857142857,0.7193422679761345
76,936.56,2026-06-13 15:00:00,0,936.56,True,623.61,1.9016531216243364
331,288.82,2026-06-13 16:00:00,0,288.82,True,279.5628571428571,-0.39703229181691174
369,139.59,2026-06-13 17:00:00,0,139.59,True,373.34857142857146,-0.9266164216341802
354,1031.33,2026-06-13 18:00:00,0,1031.33,True,581.6242857142857,2.237970805620735
37,167.85,2026-06-13 19:00:00,1,167.85,True,,-0.8263279574605153
351,57.15,2026-06-13 20:00:00,1,57.15,True,,-1.2191776738095847
364,195.03,2026-06-13 21:00:00,1,195.03,True,341.36,-0.7298721734463536
91,675.34,2026-06-13 22:00:00,1,675.34,True,388.84000000000003,0.9746413519341478
424,157.84,2026-06-13 23:00:00,0,157.84,True,197.57,-0.8618512244944284
261,107.17,2026-06-14 00:00:00,0,107.17,True,241.07,-1.041667801977783
236,344.7,2026-06-14 01:00:00,0,344.7,True,479.2785714285714,-0.19872658134188018
361,936.87,2026-06-14 02:00:00,1,936.87,True,579.3971428571429,1.9027532427812306
254,447.74,2026-06-14 03:00:00,0,447.74,True,465.6828571428572,0.16693949609812084
272,89.92,2026-06-14 04:00:00,1,89.92,True,646.6928571428571,-1.1028842211920686
156,1276.88,2026-06-14 05:00:00,1,1276.88,True,441.5914285714286,3.1093732252188744
463,409.36,2026-06-14 06:00:00,0,409.36,True,243.2642857142857,0.03073739931874161
484,628.32,2026-06-14 07:00:00,1,628.32,True,401.74285714285713,0.8077778138787437
65,70.35,2026-06-14 08:00:00,1,70.35,True,350.69428571428574,-1.1723338051934356
366,1135.49,2026-06-14 09:00:00,1,1135.49,True,427.09999999999997,2.6076115143372576
11,229.87,2026-06-14 10:00:00,0,229.87,True,429.71,-0.6062327505231234
184,63.85,2026-06-14 11:00:00,0,63.85,True,360.07714285714286,-1.1954008617089633
484,376.94,2026-06-14 12:00:00,1,376.94,True,412.41285714285715,-0.08431398102486122
87,628.1,2026-06-14 13:00:00,1,628.1,True,373.3385714285714,0.8069970827351411
188,498.5,2026-06-14 14:00:00,1,498.5,True,,0.3470754635947672
109,492.11,2026-06-14 15:00:00,0,492.11,True,,0.3243987726510405
364,466.6,2026-06-14 16:00:00,0,466.6,True,394.3842857142858,0.23386944777240676
231,351.42,2026-06-14 17:00:00,0,351.42,True,402.7814285714286,-0.17487879368274958
296,70.05,2026-06-14 18:00:00,1,70.05,True,,-1.1733984385710752
471,268.35,2026-06-14 19:00:00,0,268.35,True,,-0.4696757759511975
260,238.93,2026-06-14 20:00:00,1,238.93,True,257.0957142857143,-0.5740808225184029
367,798.73,2026-06-14 21:00:00,1,798.73,True,447.8942857142857,1.4125250601573787
48,676.04,2026-06-14 22:00:00,0,676.04,True,505.86857142857144,0.9771254964819737
107,213.27,2026-06-14 23:00:00,1,213.27,True,254.25714285714284,-0.6651424640858564
473,559.37,2026-06-15 00:00:00,0,559.37,False,391.49857142857144,0.5630895759178733
429,300.32,2026-06-15 01:00:00,0,300.32,False,569.0442857142858,-0.3562213456740545
328,57.44,2026-06-15 02:00:00,1,57.44,False,248.25428571428571,-1.2181485282111995
189,20.76,2026-06-15 03:00:00,0,20.76,False,280.6042857142857,-1.3483177025172868
99,512.44,2026-06-15 04:00:00,1,512.44,False,550.8357142857143,0.3965454278757613
425,121.07,2026-06-15 05:00:00,1,121.07,False,297.14285714285717,-0.9923397888138077
392,120.55,2026-06-15 06:00:00,1,120.55,False,,-0.9941851533350499
120,172.1,2026-06-15 07:00:00,0,172.1,False,367.0842857142857,-0.8112456512772854
294,520.69,2026-06-15 08:00:00,1,520.69,False,268.07142857142856,0.42582284576085455
309,682.49,2026-06-15 09:00:00,0,682.49,False,620.2571428571429,1.0000151141012286
238,672.36,2026-06-15 10:00:00,1,672.36,False,441.7342857142857,0.9640659937162596
463,49.58,2026-06-15 11:00:00,0,49.58,False,200.32857142857142,-1.2460419227053612
62,165.49,2026-06-15 12:00:00,1,165.49,False,,-0.8347030733646147
128,141.92,2026-06-15 13:00:00,0,141.92,False,,-0.9183477690678447
47,520.42,2026-06-15 14:00:00,1,520.42,False,433.17428571428576,0.42486467572097847
346,167.9,2026-06-15 15:00:00,0,167.9,False,,-0.8261505185642419
322,283.17,2026-06-15 16:00:00,1,283.17,False,,-0.4170828870957937
493,554.75,2026-06-15 17:00:00,1,554.75,False,549.03,0.5466942219022212
271,328.51,2026-06-15 18:00:00,0,328.51,False,445.6085714285714,-0.25618129595517225
75,408.1,2026-06-15 19:00:00,0,408.1,False,498.12142857142857,0.026265939132654674
225,274.9,2026-06-15 20:00:00,0,274.9,False,222.18428571428572,-0.4464312805393964
44,633.74,2026-06-15 21:00:00,0,633.74,False,416.75,0.8270121902347685
335,678.64,2026-06-15 22:00:00,1,678.64,False,451.9814285714286,0.986352319088185
337,466.44,2026-06-15 23:00:00,1,466.44,False,414.0357142857143,0.23330164330433215
428,680.56,2026-06-16 00:00:00,1,680.56,False,346.00428571428574,0.9931659727050792
169,1558.59,2026-06-16 01:00:00,0,1558.59,False,601.0785714285714,4.109099454601857
155,547.88,2026-06-16 02:00:00,0,547.88,False,431.9428571428571,0.5223141175542707
35,308.4,2026-06-16 03:00:00,1,308.4,False,356.7657142857143,-0.3275472200362905
207,415.22,2026-06-16 04:00:00,0,415.22,False,327.2314285714286,0.051533237961971526
237,729.06,2026-06-16 05:00:00,0,729.06,False,361.4342857142857,1.165281702090173
377,227.53,2026-06-16 06:00:00,0,227.53,False,232.6985714285714,-0.6145368908687135
376,212.22,2026-06-16 07:00:00,1,212.22,False,373.6228571428572,-0.6688686809075957
70,409.96,2026-06-16 08:00:00,1,409.96,False,362.04714285714283,0.032866666074021
142,303.92,2026-06-16 09:00:00,0,303.92,False,346.70285714285717,-0.34344574514237736
255,140.58,2026-06-16 10:00:00,1,140.58,False,,-0.923103131487969
167,363.63,2026-06-16 11:00:00,1,363.63,False,403.5728571428571,-0.13154821521281165
12,834.02,2026-06-16 12:00:00,1,834.02,False,,1.5377614331470684
422,455.08,2026-06-16 13:00:00,1,455.08,False,388.37142857142857,0.19298752607104006
365,114.93,2026-06-16 14:00:00,1,114.93,False,355.07714285714286,-1.0141292852761679
260,509.2,2026-06-16 15:00:00,1,509.2,False,259.46714285714285,0.38504738739725175
158,256.3,2026-06-16 16:00:00,1,256.3,False,421.0885714285714,-0.512438549953061
421,1229.78,2026-06-16 17:00:00,1,1229.78,False,632.3785714285714,2.942225784929432
17,480.36,2026-06-16 18:00:00,1,480.36,False,360.05,0.2827006320268168
223,193.77,2026-06-16 19:00:00,0,193.77,False,405.9614285714286,-0.7343436336324405
400,537.05,2026-06-16 20:00:00,0,537.05,False,585.0942857142857,0.4838808526214755
476,383.71,2026-06-16 21:00:00,0,383.71,False,324.3514285714286,-0.0602887544694575
125,779.99,2026-06-16 22:00:00,0,779.99,False,,1.3460209618341488
325,211.26,2026-06-16 23:00:00,1,211.26,False,399.61571428571426,-0.6722755077160428
94,479.55,2026-06-17 00:00:00,0,479.55,False,270.09285714285716,0.2798261219071895
57,70.13,2026-06-17 01:00:00,1,70.13,False,411.0114285714286,-1.1731145363370379
176,351.7,2026-06-17 02:00:00,0,351.7,False,,-0.17388513586361926
442,111.84,2026-06-17 03:00:00,0,111.84,False,,-1.0250950090658575
344,374.2,2026-06-17 04:00:00,0,374.2,False,,-0.09403763254063768
244,438.45,2026-06-17 05:00:00,1,438.45,False,546.7457142857143,0.13397134917054304
141,466.21,2026-06-17 06:00:00,0,466.21,False,527.6928571428572,0.23248542438147493
70,210.99,2026-06-17 07:00:00,1,210.99,False,343.4542857142857,-0.6732336777559186
135,359.91,2026-06-17 08:00:00,0,359.91,False,423.15714285714284,-0.14474966909554451
76,714.58,2026-06-17 09:00:00,1,714.58,False,504.0471428571429,1.1138953977294277
93,1006.34,2026-06-17 10:00:00,1,1006.34,False,362.7214285714286,2.1492868452633433
343,369.36,2026-06-17 11:00:00,1,369.36,False,244.18571428571428,-0.1112137176998923
66,728.13,2026-06-17 12:00:00,1,728.13,False,360.7857142857143,1.1619813386194897
23,152.25,2026-06-17 13:00:00,1,152.25,False,,-0.8816888930977825
271,239.72,2026-06-17 14:00:00,0,239.72,False,434.9757142857143,-0.5712772879572848
143,400.57,2026-06-17 15:00:00,0,400.57,False,533.0971428571428,-0.00045635864610326266
227,305.49,2026-06-17 16:00:00,1,305.49,False,494.3985714285714,-0.337874163799396
69,280.82,2026-06-17 17:00:00,1,280.82,False,397.66571428571433,-0.4254225152206385
104,676.35,2026-06-17 18:00:00,1,676.35,False,462.67142857142863,0.9782256176388683
220,130.3,2026-06-17 19:00:00,0,130.3,False,422.61428571428576,-0.9595845685617579
345,143.01,2026-06-17 20:00:00,0,143.01,False,,-0.914479601129087
207,94.79,2026-06-17 21:00:00,0,94.79,False,265.78999999999996,-1.0856016726950501
270,409.67,2026-06-17 22:00:00,0,409.67,False,368.1557142857143,0.03183752047563603
260,256.01,2026-06-17 23:00:00,1,256.01,False,275.81142857142856,-0.5134676955514462
134,631.31,2026-06-18 00:00:00,1,631.31,False,396.94999999999993,0.8183886598758863
139,383.86,2026-06-18 01:00:00,1,383.86,False,,-0.0597564377806375
212,206.79,2026-06-18 02:00:00,0,206.79,False,441.00999999999993,-0.6881385450428752
16,180.49,2026-06-18 03:00:00,0,180.49,False,,-0.781471404482627
342,291.02,2026-06-18 04:00:00,0,291.02,False,,-0.38922498038088693
307,113.43,2026-06-18 05:00:00,1,113.43,False,343.09142857142854,-1.0194524521643666
153,687.48,2026-06-18 06:00:00,1,687.48,False,406.4828571428571,1.0177235159493032
186,245.89,2026-06-18 07:00:00,0,245.89,False,357.7257142857143,-0.5493813281571606
164,78.48,2026-06-18 08:00:00,0,78.48,False,369.7757142857143,-1.143482240659398
325,783.31,2026-06-18 09:00:00,0,783.31,False,422.2571428571428,1.357802904546695
379,294.48,2026-06-18 10:00:00,1,294.48,False,394.8385714285714,-0.37694620875877494
54,506.94,2026-06-18 11:00:00,1,506.94,False,229.28571428571428,0.37702714928569897
206,209.32,2026-06-18 12:00:00,0,209.32,False,271.1271428571428,-0.6791601368914466
6,801.82,2026-06-18 13:00:00,1,801.82,False,310.7371428571428,1.4234907839470683
226,159.62,2026-06-18 14:00:00,1,159.62,False,213.46857142857144,-0.8555343997870992
124,255.92,2026-06-18 15:00:00,1,255.92,False,393.86571428571426,-0.5137870855647382
167,53.48,2026-06-18 16:00:00,0,53.48,False,398.32714285714286,-1.2322016887960443
228,788.5,2026-06-18 17:00:00,0,788.5,False,454.8542857142857,1.376221061979863
161,187.47,2026-06-18 18:00:00,1,187.47,False,339.1842857142857,-0.7567009345628753
197,416.9,2026-06-18 19:00:00,1,416.9,False,449.43285714285713,0.05749518487675397
382,461.31,2026-06-18 20:00:00,0,461.31,False,461.2085714285714,0.21509641254669234
405,702.21,2026-06-18 21:00:00,0,702.21,False,,1.069997014791415
2,393.89,2026-06-18 22:00:00,1,393.89,False,357.06,-0.02416219518821515
188,308.51,2026-06-18 23:00:00,1,308.51,False,364.79857142857145,-0.3271568544644892
423,653.01,2026-06-19 00:00:00,0,653.01,False,471.6657142857143,0.8953971408584953
265,455.74,2026-06-19 01:00:00,0,455.74,False,392.1857142857143,0.1953297195018476
102,272.21,2026-06-19 02:00:00,1,272.21,False,,-0.4559774931588995
296,812.71,2026-06-19 03:00:00,1,812.71,False,,1.4621369755553912
72,481.76,2026-06-19 04:00:00,1,481.76,False,,0.2876689211224689
10,104.1,2026-06-19 05:00:00,0,104.1,False,197.6657142857143,-1.0525625502089633
316,913.57,2026-06-19 06:00:00,0,913.57,False,428.1914285714286,1.8200667171178766
257,204.78,2026-06-19 07:00:00,0,204.78,False,311.71571428571434,-0.6952715886730615
378,699.81,2026-06-19 08:00:00,0,699.81,False,,1.0614799477702968
172,80.0,2026-06-19 09:00:00,0,80.0,False,,-1.13808809821269
427,650.2,2026-06-19 10:00:00,1,650.2,False,439.29714285714283,0.8854250748879364
210,110.6,2026-06-19 11:00:00,1,110.6,False,389.97285714285715,-1.0294954936934353
369,386.07,2026-06-19 12:00:00,0,386.07,False,327.54285714285714,-0.05191363856535805
50,472.1,2026-06-19 13:00:00,1,472.1,False,,0.2533877263624689
48,276.93,2026-06-19 14:00:00,0,276.93,False,515.0042857142856,-0.4392272613507006
391,337.61,2026-06-19 15:00:00,1,337.61,False,424.61428571428576,-0.22388741683343297
416,134.86,2026-06-19 16:00:00,0,134.86,False,287.02,-0.9434021412216336
471,603.63,2026-06-19 17:00:00,0,603.63,False,,0.7201584868989918
162,401.61,2026-06-19 18:00:00,1,401.61,False,275.2214285714286,0.0032343703963812914
11,158.77,2026-06-19 19:00:00,0,158.77,False,423.26000000000005,-0.8585508610237451
489,413.08,2026-06-19 20:00:00,0,413.08,False,317.9971428571429,0.04393885320147446
300,422.62,2026-06-19 21:00:00,1,422.62,False,523.4057142857142,0.07779419461041871
123,350.15,2026-06-19 22:00:00,1,350.15,False,310.29,-0.17938574164809135
381,21.45,2026-06-19 23:00:00,0,21.45,False,212.73142857142858,-1.3458690457487155
451,245.64,2026-06-20 00:00:00,0,245.64,True,374.1457142857143,-0.5502685226385271
142,597.21,2026-06-20 01:00:00,1,597.21,True,403.9485714285714,0.6973753326175012
384,491.26,2026-06-20 02:00:00,0,491.26,True,556.6057142857143,0.32138231141439444
393,480.7,2026-06-20 03:00:00,0,480.7,True,498.4414285714285,0.2839072165214751
250,399.33,2026-06-20 04:00:00,0,399.33,True,444.9057142857143,-0.0048568432736809455
316,646.11,2026-06-20 05:00:00,1,646.11,True,482.35428571428565,0.8709105731727811
134,203.72,2026-06-20 06:00:00,1,203.72,True,412.33428571428567,-0.6990332932740554
464,168.17,2026-06-20 07:00:00,1,168.17,True,281.0028571428572,-0.8251923485243663
491,1069.52,2026-06-20 08:00:00,0,1069.52,True,513.37,2.3734986345942755
490,185.76,2026-06-20 09:00:00,0,185.76,True,258.49857142857144,-0.762769344815422
368,100.38,2026-06-20 10:00:00,0,100.38,True,235.9014285714286,-1.065764004091696
21,272.92,2026-06-20 11:00:00,0,272.92,True,266.20428571428573,-0.4534578608318186
183,360.04,2026-06-20 12:00:00,0,360.04,True,415.53428571428566,-0.14428832796523397
222,648.98,2026-06-20 13:00:00,1,648.98,True,482.0185714285714,0.881095565818868
479,246.07,2026-06-20 14:00:00,1,246.07,True,248.01857142857145,-0.5487425481305768
273,244.38,2026-06-20 15:00:00,0,244.38,True,315.23857142857145,-0.554739982824614
268,335.04,2026-06-20 16:00:00,1,335.04,True,405.92,-0.23300777610188017
73,212.53,2026-06-20 17:00:00,1,212.53,True,301.61285714285714,-0.6677685597507013
396,81.05,2026-06-20 18:00:00,1,81.05,True,280.43571428571425,-1.1343618813909508
168,108.57,2026-06-20 19:00:00,1,108.57,True,,-1.0366995128821308
45,771.67,2026-06-20 20:00:00,0,771.67,True,379.1442857142857,1.3164951294942726
493,555.31,2026-06-20 21:00:00,0,555.31,True,563.8042857142857,0.5486815375404819
95,326.26,2026-06-20 22:00:00,0,326.26,True,,-0.2641660462874704
8,490.12,2026-06-20 23:00:00,1,490.12,True,385.04714285714283,0.3173367045793634
38,567.02,2026-06-21 00:00:00,1,567.02,True,304.73285714285714,0.5902377270476871
226,194.38,2026-06-21 01:00:00,0,194.38,True,225.07571428571433,-0.7321788790979064
51,133.53,2026-06-21 02:00:00,0,133.53,True,324.01571428571424,-0.9481220158625031
421,718.23,2026-06-21 03:00:00,1,718.23,True,567.0571428571428,1.126848437157378
256,30.07,2026-06-21 04:00:00,0,30.07,True,315.20714285714286,-1.3152785800312
161,495.74,2026-06-21 05:00:00,0,495.74,True,357.01142857142855,0.3372808365204815
1,382.1,2026-06-21 06:00:00,1,382.1,True,,-0.06600228692945737
239,669.71,2026-06-21 07:00:00,1,669.71,True,439.5442857142857,0.9546617322137751
75,508.84,2026-06-21 08:00:00,0,508.84,True,532.2657142857142,0.383769827344084
489,487.88,2026-06-21 09:00:00,0,487.88,True,343.78428571428566,0.3093874420263199
145,146.54,2026-06-21 10:00:00,0,146.54,True,389.7114285714286,-0.9019524150521926
237,582.31,2026-06-21 11:00:00,0,582.31,True,394.1828571428572,0.6444985415280597
9,452.73,2026-06-21 12:00:00,0,452.73,True,,0.18464789794619543
65,164.67,2026-06-21 13:00:00,0,164.67,True,319.60857142857145,-0.8376130712634967
103,384.68,2026-06-21 14:00:00,1,384.68,True,306.0,-0.056846439881755535
25,119.23,2026-06-21 15:00:00,0,119.23,True,229.3385714285714,-0.9988695401966647
362,291.69,2026-06-21 16:00:00,0,291.69,True,610.8171428571429,-0.3868472991708247
472,1362.98,2026-06-21 17:00:00,1,1362.98,True,,3.4149230046014836
492,139.18,2026-06-21 18:00:00,1,139.18,True,295.9985714285714,-0.9280714205836211
132,80.15,2026-06-21 19:00:00,0,80.15,True,257.82571428571424,-1.13755578152387
394,109.89,2026-06-21 20:00:00,0,109.89,True,,-1.032015126020516
252,288.41,2026-06-21 21:00:00,0,288.41,True,420.05571428571426,-0.39848729076635264
22,535.57,2026-06-21 22:00:00,1,535.57,True,642.8085714285714,0.4786286612917864
45,342.77,2026-06-21 23:00:00,0,342.77,True,404.30999999999995,-0.2055757227380293
273,92.75,2026-06-22 00:00:00,1,92.75,False,293.5571428571429,-1.0928411796630004
211,530.64,2026-06-22 01:00:00,0,530.64,False,329.3985714285714,0.46113318611923954
4,46.03,2026-06-22 02:00:00,1,46.03,False,266.4271428571429,-1.2586400843407648
465,103.68,2026-06-22 03:00:00,0,103.68,False,315.2542857142857,-1.0540530369376586
365,205.11,2026-06-22 04:00:00,0,205.11,False,376.25857142857143,-0.6941004919576578
251,700.97,2026-06-22 05:00:00,0,700.97,False,480.62,1.0655965301638375
493,353.36,2026-06-22 06:00:00,1,353.36,False,515.5728571428571,-0.16799416450734586
485,364.07,2026-06-22 07:00:00,1,364.07,False,393.77,-0.1299867529256067
486,94.4,2026-06-22 08:00:00,0,94.4,False,,-1.0869856960859816
129,222.9,2026-06-22 09:00:00,1,222.9,False,,-0.6309677326636204
440,631.77,2026-06-22 10:00:00,1,631.77,False,394.65714285714284,0.8200210977216007
252,431.72,2026-06-22 11:00:00,1,431.72,False,410.68142857142857,0.11008807373215801
363,544.55,2026-06-22 12:00:00,1,544.55,False,330.8357142857143,0.5104966870624693
429,324.62,2026-06-22 13:00:00,0,324.62,False,567.3928571428571,-0.26998604208523436
81,636.55,2026-06-22 14:00:00,0,636.55,False,631.5028571428572,0.8369842562053273
224,93.77,2026-06-22 15:00:00,1,93.77,False,392.8742857142857,-1.0892214261790254
64,282.92,2026-06-22 16:00:00,1,282.92,False,345.48285714285714,-0.41797008157716015
139,480.0,2026-06-22 17:00:00,1,480.0,False,356.63142857142856,0.281423071973649
206,64.77,2026-06-22 18:00:00,1,64.77,False,198.80571428571426,-1.192135986017535
427,13.68,2026-06-22 19:00:00,1,13.68,False,413.69714285714286,-1.373443050229585
431,1070.16,2026-06-22 20:00:00,0,1070.16,False,619.8657142857143,2.3757698524665742
194,357.1,2026-06-22 21:00:00,0,357.1,False,355.90999999999997,-0.15472173506610357
164,57.54,2026-06-22 22:00:00,1,57.54,False,247.67142857142858,-1.2177936504186528
265,350.19,2026-06-22 23:00:00,0,350.19,False,402.72285714285715,-0.17924379053107264
455,105.24,2026-06-23 00:00:00,1,105.24,False,,-1.048516943373932
488,146.5,2026-06-23 01:00:00,0,146.5,False,350.7128571428571,-0.9020943661692111
113,717.39,2026-06-23 02:00:00,1,717.39,False,511.07,1.1238674636999866
93,209.48,2026-06-23 03:00:00,0,209.48,False,334.6357142857143,-0.6785923324233721
353,208.03,2026-06-23 04:00:00,0,208.03,False,267.70714285714286,-0.6837380604152975
150,101.84,2026-06-23 05:00:00,1,101.84,False,325.0942857142857,-1.060582788320516
99,248.92,2026-06-23 06:00:00,0,248.92,False,539.1914285714286,-0.5386285310429991
15,374.99,2026-06-23 07:00:00,0,374.99,False,314.61857142857144,-0.09123409797951959
201,209.28,2026-06-23 08:00:00,1,209.28,False,373.6428571428572,-0.6793020880084653
195,1259.04,2026-06-23 09:00:00,0,1259.04,False,,3.046063027028563
281,128.52,2026-06-23 10:00:00,1,128.52,False,437.40857142857146,-0.965901393269087
100,127.8,2026-06-23 11:00:00,0,127.8,False,415.7271428571429,-0.9684565133754225
357,240.66,2026-06-23 12:00:00,1,240.66,False,353.24571428571426,-0.567941436707347
340,1160.5,2026-06-23 13:00:00,0,1160.5,False,343.28000000000003,2.6963664502531586
231,550.96,2026-06-23 14:00:00,1,550.96,False,477.6185714285715,0.5332443535647057
90,203.36,2026-06-23 15:00:00,0,203.36,False,334.91285714285715,-0.700310853327223
253,203.5,2026-06-23 16:00:00,1,203.5,False,380.5385714285714,-0.6998140244176578
337,123.87,2026-06-23 17:00:00,0,123.87,False,368.2314285714286,-0.9824032106225032
186,234.84,2026-06-23 18:00:00,1,234.84,False,332.13142857142856,-0.5885953242335582
131,276.64,2026-06-23 19:00:00,1,276.64,False,361.35,-0.4402564069490858
253,532.96,2026-06-23 20:00:00,0,532.96,False,374.7085714285714,0.46936635090632045
177,454.91,2026-06-23 21:00:00,0,454.91,False,,0.192384233823711
200,228.4,2026-06-23 22:00:00,1,228.4,False,327.4428571428571,-0.6114494540735582
174,883.04,2026-06-23 23:00:00,1,883.04,False,389.62,1.7117225270534042
151,179.89,2026-06-24 00:00:00,1,179.89,False,438.56714285714287,-0.7836006712379066
358,78.42,2026-06-24 01:00:00,1,78.42,False,423.6385714285714,-1.143695167334926
230,388.52,2026-06-24 02:00:00,0,388.52,False,421.9685714285714,-0.043219132647966764
233,681.01,2026-06-24 03:00:00,1,681.01,False,310.65142857142854,0.994762922771539
326,314.62,2026-06-24 04:00:00,1,314.62,False,315.9485714285714,-0.3054738213398928
180,97.71,2026-06-24 05:00:00,1,97.71,False,189.95000000000002,-1.0752392411526899
50,364.88,2026-06-24 06:00:00,0,364.88,False,461.0142857142857,-0.12711224280597935
426,400.58,2026-06-24 07:00:00,0,400.58,False,311.31142857142856,-0.00042087086684863644
27,432.61,2026-06-24 08:00:00,0,432.61,False,421.32428571428574,0.11324648608582256
285,370.54,2026-06-24 09:00:00,1,370.54,False,522.0257142857142,-0.10702615974784258
132,744.37,2026-06-24 10:00:00,0,744.37,False,355.10857142857145,1.2196134921290551
106,120.98,2026-06-24 11:00:00,1,120.98,False,,-0.9926591788270995
20,5.65,2026-06-24 12:00:00,1,5.65,False,262.6771428571429,-1.4019397369710758
450,46.1,2026-06-24 13:00:00,0,46.1,False,,-1.258391669885982
214,96.26,2026-06-24 14:00:00,0,96.26,False,,-1.0803849691446155
171,600.2,2026-06-24 15:00:00,0,600.2,False,484.88428571428574,0.7079861786146441
370,248.86,2026-06-24 16:00:00,1,248.86,False,,-0.538841457718527
19,930.88,2026-06-24 17:00:00,1,930.88,False,,1.8814960630076902
282,112.41,2026-06-24 18:00:00,0,112.41,False,372.9271428571429,-1.023072205648342
247,918.17,2026-06-24 19:00:00,0,918.17,False,511.4742857142857,1.8363910955750191
276,148.01,2026-06-24 20:00:00,0,148.01,False,323.46999999999997,-0.8967357115017578
61,276.24,2026-06-24 21:00:00,1,276.24,False,553.42,-0.44167591811927204
476,58.05,2026-06-24 22:00:00,1,58.05,False,238.9457142857143,-1.2159837736766654
119,836.06,2026-06-24 23:00:00,0,836.06,False,622.3328571428572,1.5450009401150187
339,307.38,2026-06-25 00:00:00,0,307.38,False,262.8157142857143,-0.3311669735202656
373,1296.68,2026-06-25 01:00:00,0,1296.68,False,400.39,3.179639028143098
171,703.08,2026-06-25 02:00:00,1,703.08,False,502.4142857142857,1.0730844515865705
65,270.74,2026-06-25 03:00:00,1,270.74,False,328.11285714285714,-0.4611941967093342
148,170.74,2026-06-25 04:00:00,0,170.74,False,320.0142857142857,-0.816071989255919
403,619.22,2026-06-25 05:00:00,1,619.22,False,455.75999999999993,0.7754839347570044
453,333.36,2026-06-25 06:00:00,0,333.36,False,215.75285714285715,-0.2389697230166628
468,162.56,2026-06-25 07:00:00,1,162.56,False,470.92142857142863,-0.8451009926862296
113,352.51,2026-06-25 08:00:00,0,352.51,False,432.73999999999995,-0.1710106257439919
303,37.21,2026-06-25 09:00:00,1,37.21,False,286.38142857142856,-1.2899403056433738
75,438.78,2026-06-25 10:00:00,0,438.78,False,571.9742857142858,0.1351424458859467
355,502.51,2026-06-25 11:00:00,1,502.51,False,499.8328571428571,0.36130606307588525
207,108.46,2026-06-25 12:00:00,1,108.46,False,261.7442857142857,-1.037089878453932
356,758.31,2026-06-25 13:00:00,0,758.31,False,,1.2690834564100488
342,649.82,2026-06-25 14:00:00,1,649.82,False,,0.8840765392762595
496,409.42,2026-06-25 15:00:00,1,409.42,False,423.44,0.03095032599426957
244,138.02,2026-06-25 16:00:00,0,138.02,False,477.33428571428567,-0.9321880029771614
170,524.54,2026-06-25 17:00:00,0,524.54,False,351.09285714285716,0.4394856407738978
263,237.7,2026-06-25 18:00:00,1,237.7,False,333.0942857142858,-0.5784458193667259
81,377.7,2026-06-25 19:00:00,0,377.7,False,648.7471428571429,-0.08161690980150721
55,561.16,2026-06-25 20:00:00,0,561.16,False,333.22999999999996,0.5694418884044571
259,79.95,2026-06-25 21:00:00,1,79.95,False,250.65571428571428,-1.1382655371089634
412,55.12,2026-06-25 22:00:00,1,55.12,False,263.85714285714283,-1.2263816929982803
266,218.39,2026-06-25 23:00:00,0,218.39,False,556.3357142857143,-0.6469727211074714
390,1152.0,2026-06-26 00:00:00,0,1152.0,False,579.99,2.6662018378866987
88,1332.81,2026-06-26 01:00:00,1,1332.81,False,607.7328571428571,3.3078563745901786
224,431.44,2026-06-26 02:00:00,0,431.44,False,365.15285714285716,0.10909441591302747
306,662.66,2026-06-26 03:00:00,0,662.66,False,496.9057142857143,0.9296428478392407
173,317.71,2026-06-26 04:00:00,0,317.71,False,195.07571428571427,-0.29450809755020346
7,352.75,2026-06-26 05:00:00,0,352.75,False,,-0.17015891904188007
36,275.97,2026-06-26 06:00:00,1,275.97,False,,-0.44263408815914773
463,719.75,2026-06-26 07:00:00,0,719.75,False,278.0928571428571,1.132242579604086
302,938.1,2026-06-26 08:00:00,0,938.1,False,,1.9071182396295536
132,346.34,2026-06-26 09:00:00,1,346.34,False,313.97142857142853,-0.19290658554411624
129,351.55,2026-06-26 10:00:00,1,351.55,False,,-0.17441745255243904
19,287.69,2026-06-26 11:00:00,1,287.69,False,,-0.4010424108726881
472,954.26,2026-06-26 12:00:00,1,954.26,False,550.7985714285714,1.9644664909050822
54,605.24,2026-06-26 13:00:00,0,605.24,False,261.55857142857144,0.7258720193589918
379,134.93,2026-06-26 14:00:00,0,134.93,False,398.17428571428576,-0.9431537267668509
120,1128.58,2026-06-26 15:00:00,0,1128.58,False,512.5971428571429,2.5830894588722884
167,20.05,2026-06-26 16:00:00,1,20.05,False,383.82428571428574,-1.3508373348443676
136,890.25,2026-06-26 17:00:00,0,890.25,False,,1.737309215896013
412,679.73,2026-06-26 18:00:00,1,679.73,False,327.9114285714286,0.9902204870269429
16,347.19,2026-06-26 19:00:00,0,347.19,False,,-0.18989012430747018
176,340.58,2026-06-26 20:00:00,1,340.58,False,,-0.2133475463947995
139,299.61,2026-06-26 21:00:00,1,299.61,False,353.2357142857142,-0.3587409780011352
136,141.23,2026-06-26 22:00:00,1,141.23,False,362.4985714285714,-0.9207964258364163
96,1068.83,2026-06-26 23:00:00,1,1068.83,False,426.4914285714285,2.371049977825704
456,332.65,2026-06-27 00:00:00,0,332.65,True,413.48,-0.2414893553437437
189,138.8,2026-06-27 01:00:00,0,138.8,True,233.71714285714285,-0.9294199561952982
209,1025.36,2026-06-27 02:00:00,0,1025.36,True,434.0057142857143,2.2167846014057035
192,468.03,2026-06-27 03:00:00,0,468.03,True,440.7142857142857,0.23894420020582274
490,488.96,2026-06-27 04:00:00,1,488.96,True,264.68142857142857,0.31322012218582296
169,1183.82,2026-06-27 05:00:00,1,1183.82,True,683.0671428571429,2.7791239514750217
170,539.11,2026-06-27 06:00:00,1,539.11,True,374.0114285714286,0.49119133514793534
163,195.31,2026-06-27 07:00:00,0,195.31,True,508.3442857142857,-0.7288785156272232
163,538.51,2026-06-27 08:00:00,0,538.51,True,547.1985714285714,0.48906206839265576
44,153.65,2026-06-27 09:00:00,0,153.65,True,361.41857142857145,-0.8767206040021304
302,228.93,2026-06-27 10:00:00,0,228.93,True,,-0.6095686017730613
12,421.02,2026-06-27 11:00:00,1,421.02,True,432.70714285714286,0.07211614992967329
112,655.6,2026-06-27 12:00:00,0,655.6,True,584.0614285714286,0.904588475685452
101,205.36,2026-06-27 13:00:00,0,205.36,True,415.1885714285714,-0.6932132974762913
145,292.64,2026-06-27 14:00:00,1,292.64,True,366.9871428571428,-0.3834759601416322
378,290.14,2026-06-27 15:00:00,0,290.14,True,,-0.39234790495529687
299,736.67,2026-06-27 16:00:00,1,736.67,True,406.0085714285715,1.192287902102968
495,340.24,2026-06-27 17:00:00,0,340.24,True,304.48999999999995,-0.2145541308894578
175,1118.46,2026-06-27 18:00:00,1,1118.46,True,,2.5471758262665745
464,228.78,2026-06-27 19:00:00,1,228.78,True,303.4142857142857,-0.6101009184618812
22,213.28,2026-06-27 20:00:00,0,213.28,True,629.1257142857143,-0.6651069763066019
252,879.25,2026-06-27 21:00:00,0,879.25,True,477.7557142857143,1.6982726587158887
399,507.24,2026-06-27 22:00:00,0,507.24,True,358.67428571428576,0.37809178266333876
265,856.89,2026-06-27 23:00:00,1,856.89,True,458.44428571428574,1.6189219843024723
466,104.57,2026-06-28 00:00:00,1,104.57,True,392.96857142857147,-1.050894624583994
157,333.97,2026-06-28 01:00:00,0,333.97,True,502.3728571428572,-0.2368049684821286
16,420.61,2026-06-28 02:00:00,1,420.61,True,,0.0706611509802324
386,398.7,2026-06-28 03:00:00,0,398.7,True,481.80428571428575,-0.0070925733667244134
34,296.45,2026-06-28 04:00:00,1,296.45,True,452.71999999999997,-0.36995511624560734
382,392.65,2026-06-28 05:00:00,1,392.65,True,455.0371428571429,-0.028562679815792833
366,408.59,2026-06-28 06:00:00,0,408.59,True,466.7742857142857,0.028004840316132772
422,208.2,2026-06-28 07:00:00,0,208.2,True,399.79857142857145,-0.6831347681679684
239,715.98,2026-06-28 08:00:00,0,715.98,True,501.2,1.1188636868250799
447,1033.59,2026-06-28 09:00:00,0,1033.59,True,,2.2459910437322876
84,571.81,2026-06-28 10:00:00,0,571.81,True,389.5642857142857,0.6072363733106683
217,457.1,2026-06-28 11:00:00,0,457.1,True,448.31857142857143,0.2001560574804812
60,317.45,2026-06-28 12:00:00,0,317.45,True,261.26714285714286,-0.29543077981082455
383,418.01,2026-06-28 13:00:00,1,418.01,True,,0.06143432837402111
357,450.1,2026-06-28 14:00:00,0,450.1,True,324.0928571428571,0.1753146120022203
403,141.72,2026-06-28 15:00:00,0,141.72,True,427.8971428571428,-0.919057524652938
382,691.62,2026-06-28 16:00:00,1,691.62,True,390.59142857142854,1.0324154565607317
154,242.05,2026-06-28 17:00:00,1,242.05,True,258.79571428571427,-0.5630086353909494
34,911.27,2026-06-28 18:00:00,1,911.27,True,533.3057142857143,1.8119045278893051
464,382.87,2026-06-28 19:00:00,0,382.87,True,298.6385714285715,-0.06326972792684872
246,700.01,2026-06-28 20:00:00,1,700.01,True,421.61571428571426,1.0621897033553902
47,565.77,2026-06-28 21:00:00,0,565.77,True,431.90142857142854,0.5858017546408547
463,105.96,2026-06-28 22:00:00,0,105.96,True,228.89000000000001,-1.0459618232675967
497,856.44,2026-06-28 23:00:00,0,856.44,True,411.6928571428571,1.6173250342360128
222,178.48,2026-06-29 00:00:00,0,178.48,False,471.03142857142853,-0.7886044481128134
385,228.66,2026-06-29 01:00:00,0,228.66,False,418.21571428571434,-0.6105267718129371
18,245.97,2026-06-29 02:00:00,1,245.97,False,393.7285714285714,-0.5490974259231233
46,69.75,2026-06-29 03:00:00,1,69.75,False,,-1.174463071948715
138,396.42,2026-06-29 04:00:00,0,396.42,False,381.60714285714283,-0.01518378703678645
328,730.63,2026-06-29 05:00:00,0,730.63,False,322.92857142857144,1.1708532834331544
66,896.21,2026-06-29 06:00:00,1,896.21,False,452.34285714285716,1.7584599323317895
17,296.39,2026-06-29 07:00:00,1,296.39,False,332.59000000000003,-0.3701680429211353
334,337.97,2026-06-29 08:00:00,1,337.97,False,343.2314285714286,-0.2226098567802652
385,593.78,2026-06-29 09:00:00,0,593.78,False,422.40142857142854,0.685203024333153
369,303.01,2026-06-29 10:00:00,0,303.01,False,308.48857142857145,-0.3466751330545514
399,776.38,2026-06-29 11:00:00,1,776.38,False,420.0,1.333209873523217
401,325.14,2026-06-29 12:00:00,1,325.14,False,383.78000000000003,-0.2681406775639922
301,157.32,2026-06-29 13:00:00,0,157.32,False,402.3828571428572,-0.8636965890156707
259,404.21,2026-06-29 14:00:00,1,404.21,False,239.26142857142855,0.012461193002592375
428,85.26,2026-06-29 15:00:00,1,85.26,False,348.32714285714286,-1.1194215263247398
174,400.18,2026-06-29 16:00:00,0,400.18,False,349.05571428571426,-0.001840382037034895
48,458.39,2026-06-29 17:00:00,0,458.39,False,488.8542857142857,0.20473398100433202
375,179.26,2026-06-29 18:00:00,0,179.26,False,313.1871428571429,-0.78583640133095
137,445.22,2026-06-29 19:00:00,1,445.22,False,395.4485714285715,0.15799657572594694
489,274.53,2026-06-29 20:00:00,0,274.53,False,375.29285714285714,-0.44774432837181877
207,172.74,2026-06-29 21:00:00,1,172.74,False,196.86714285714285,-0.8089744334049873
425,73.18,2026-06-29 22:00:00,0,73.18,False,259.59714285714284,-1.1622907636643671
21,95.65,2026-06-29 23:00:00,1,95.65,False,183.48285714285717,-1.0825497236791495
329,974.5,2026-06-30 00:00:00,1,974.5,False,511.35571428571427,2.036293756116511
224,265.56,2026-06-30 01:00:00,0,265.56,False,303.9814285714286,-0.4795768663632473
231,450.21,2026-06-30 02:00:00,0,450.21,False,489.08571428571435,0.17570497757402137
132,294.45,2026-06-30 03:00:00,1,294.45,False,302.85857142857145,-0.37705267209653903
485,990.87,2026-06-30 04:00:00,0,990.87,False,503.35428571428565,2.0943872507563865
196,173.49,2026-06-30 05:00:00,0,173.49,False,368.3442857142858,-0.8063128499608879
425,360.67,2026-06-30 06:00:00,0,360.67,False,283.3,-0.1420525978721905
212,227.35,2026-06-30 07:00:00,0,227.35,False,307.57571428571424,-0.6151756708952973
24,694.7,2026-06-30 08:00:00,0,694.7,False,450.4942857142857,1.0433456925711666
439,446.68,2026-06-30 09:00:00,0,446.68,False,362.8671428571429,0.16317779149712702
92,350.58,2026-06-30 10:00:00,0,350.58,False,589.0042857142856,-0.177859767140141
135,109.19,2026-06-30 11:00:00,1,109.19,False,415.84142857142854,-1.034499270568342
430,1292.26,2026-06-30 12:00:00,0,1292.26,False,604.6671428571428,3.1639534297125387
446,301.26,2026-06-30 13:00:00,0,301.26,False,515.4242857142857,-0.3528854944241166
458,148.47,2026-06-30 14:00:00,0,148.47,False,246.60999999999999,-0.8951032736560435
212,73.55,2026-06-30 15:00:00,1,73.55,False,306.57714285714286,-1.1609777158319448
378,92.39,2026-06-30 16:00:00,1,92.39,False,643.4142857142857,-1.0941187397161682
163,347.99,2026-06-30 17:00:00,1,347.99,False,535.6628571428571,-0.18705110196709748
370,702.28,2026-06-30 18:00:00,0,702.28,False,303.34285714285716,1.0702454292461976
251,425.05,2026-06-30 19:00:00,0,425.05,False,496.30000000000007,0.08641772496930075
25,78.31,2026-06-30 20:00:00,0,78.31,False,215.82285714285715,-1.1440855329067272
208,347.43,2026-06-30 21:00:00,0,347.43,False,452.4714285714286,-0.18903841760535836
233,851.43,2026-06-30 22:00:00,1,851.43,False,414.30428571428564,1.5995456568294286
128,258.12,2026-06-30 23:00:00,1,258.12,False,538.9514285714287,-0.5059797741287132
187,426.0,2026-07-01 00:00:00,0,426.0,False,,0.08978906399849326
251,267.47,2026-07-01 01:00:00,0,267.47,False,488.8328571428571,-0.47279870052560746
24,497.01,2026-07-01 02:00:00,1,497.01,False,455.36000000000007,0.3417877844858231
75,171.07,2026-07-01 03:00:00,0,171.07,False,523.7957142857142,-0.8149008925405153
383,3.49,2026-07-01 04:00:00,1,3.49,False,564.8614285714286,-1.409605097290082
175,115.68,2026-07-01 05:00:00,0,115.68,False,,-1.0114677018320686
304,231.95,2026-07-01 06:00:00,0,231.95,False,,-0.5988512924381545
282,320.94,2026-07-01 07:00:00,1,320.94,False,388.24142857142857,-0.2830455448509487
275,239.8,2026-07-01 08:00:00,1,239.8,False,,-0.5709933857232475
206,235.81,2026-07-01 09:00:00,0,235.81,False,186.61285714285714,-0.5851530096458563
241,706.41,2026-07-01 10:00:00,0,706.41,False,501.9714285714286,1.0849018820783716
411,134.63,2026-07-01 11:00:00,0,134.63,False,317.4671428571429,-0.9442183601444908
482,349.24,2026-07-01 12:00:00,0,349.24,False,,-0.18261512956026515
128,83.85,2026-07-01 13:00:00,0,83.85,False,501.69000000000005,-1.1244253031996465
334,572.09,2026-07-01 14:00:00,1,572.09,False,406.0085714285715,0.608230031129799
484,416.91,2026-07-01 15:00:00,0,416.91,False,441.2071428571429,0.0575306726560088
3,1275.65,2026-07-01 16:00:00,1,1275.65,False,747.5542857142857,3.105008228370551
392,129.67,2026-07-01 17:00:00,1,129.67,False,424.14285714285717,-0.9618202986548013
248,1023.19,2026-07-01 18:00:00,0,1023.19,False,478.1842857142857,2.209083753307443
483,147.06,2026-07-01 19:00:00,1,147.06,False,,-0.9001070505309503
289,256.48,2026-07-01 20:00:00,0,256.48,False,405.1814285714286,-0.5117997699264771
419,99.19,2026-07-01 21:00:00,1,99.19,False,424.07571428571424,-1.0699870498230004
83,1264.62,2026-07-01 22:00:00,1,1264.62,False,545.2942857142857,3.0658652078526623
71,464.97,2026-07-01 23:00:00,1,464.97,False,374.17,0.22808493975389746
463,468.64,2026-07-02 00:00:00,0,468.64,False,281.89428571428573,0.24110895474035696
263,159.94,2026-07-02 01:00:00,0,159.94,False,327.35142857142864,-0.8543987908509502
279,23.59,2026-07-02 02:00:00,1,23.59,False,,-1.3382746609882186
84,247.87,2026-07-02 03:00:00,1,247.87,False,365.97285714285715,-0.5423547478647381
113,210.33,2026-07-02 04:00:00,0,210.33,False,403.78285714285715,-0.675575871186726
409,49.5,2026-07-02 05:00:00,1,49.5,False,721.2485714285714,-1.2463258249393985
151,261.69,2026-07-02 06:00:00,0,261.69,False,399.49571428571426,-0.49331063693480015
292,349.74,2026-07-02 07:00:00,1,349.74,False,511.65142857142854,-0.18084074059753225
158,488.41,2026-07-02 08:00:00,0,488.41,False,478.7885714285714,0.3112682943268169
131,29.0,2026-07-02 09:00:00,1,29.0,False,343.73142857142864,-1.3190757724114481
83,105.57,2026-07-02 10:00:00,1,105.57,False,547.2714285714286,-1.0473458466585284
464,165.16,2026-07-02 11:00:00,0,165.16,False,289.2685714285714,-0.8358741700800184
470,728.15,2026-07-02 12:00:00,1,728.15,False,446.1114285714286,1.162052314177999
57,718.52,2026-07-02 13:00:00,1,718.52,False,334.2542857142857,1.127877582755763
176,446.44,2026-07-02 14:00:00,1,446.44,False,,0.16232608479501517
281,257.89,2026-07-02 15:00:00,0,257.89,False,346.2442857142857,-0.5067959930515704
191,759.62,2026-07-02 16:00:00,0,759.62,False,521.4714285714286,1.2737323554924094
360,406.5,2026-07-02 17:00:00,1,406.5,False,367.60857142857145,0.020587894451909238
130,730.49,2026-07-02 18:00:00,1,730.49,False,,1.1703564545235892
29,461.78,2026-07-02 19:00:00,0,461.78,False,314.3771428571428,0.21676433817166119
168,58.48,2026-07-02 20:00:00,1,58.48,False,274.4642857142857,-1.2144577991687149
298,23.05,2026-07-02 21:00:00,1,23.05,False,270.04285714285714,-1.34019100106797
90,236.64,2026-07-02 22:00:00,0,236.64,False,306.4042857142857,-0.5822075239677197
407,622.65,2026-07-02 23:00:00,1,622.65,False,,0.7876562430413521
6,207.97,2026-07-03 00:00:00,0,207.97,False,322.82142857142856,-0.6839509870908255
33,862.31,2026-07-03 01:00:00,1,862.31,False,591.6785714285714,1.638156360658497
254,583.17,2026-07-03 02:00:00,0,583.17,False,500.58714285714285,0.6475504905439604
256,810.67,2026-07-03 03:00:00,0,810.67,False,352.90285714285716,1.4548974685874407
147,242.24,2026-07-03 04:00:00,0,242.24,False,391.88,-0.5623343675851109
129,139.11,2026-07-03 05:00:00,1,139.11,False,348.0614285714286,-0.9283198350384038
34,120.05,2026-07-03 06:00:00,0,120.05,False,520.7242857142858,-0.9959595422977827
331,494.34,2026-07-03 07:00:00,1,494.34,False,312.20714285714286,0.3323125474248292
189,64.81,2026-07-03 08:00:00,1,64.81,False,209.23285714285717,-1.1919940349005163
59,69.86,2026-07-03 09:00:00,1,69.86,False,312.0257142857143,-1.1740727063769136
199,197.36,2026-07-03 10:00:00,1,197.36,False,,-0.7216035208800181
468,395.03,2026-07-03 11:00:00,1,395.03,False,400.81,-0.020116588353184132
130,167.7,2026-07-03 12:00:00,1,167.7,False,825.4985714285714,-0.8268602741493352
447,719.64,2026-07-03 13:00:00,1,719.64,False,,1.1318522140322846
129,818.67,2026-07-03 14:00:00,1,818.67,False,443.05428571428575,1.4832876919911675
92,10.7,2026-07-03 15:00:00,1,10.7,False,387.11,-1.3840184084474734
130,468.35,2026-07-03 16:00:00,0,468.35,False,619.3085714285714,0.240079809141972
161,208.86,2026-07-03 17:00:00,0,208.86,False,307.0242857142857,-0.6807925747371608
60,642.74,2026-07-03 18:00:00,1,642.74,False,304.41857142857145,0.8589511915639612
293,480.21,2026-07-03 19:00:00,0,480.21,False,404.6885714285714,0.2821683153379968
166,380.95,2026-07-03 20:00:00,0,380.95,False,379.35714285714283,-0.0700833815437432
359,300.92,2026-07-03 21:00:00,1,300.92,False,492.5885714285714,-0.3540920789187749
245,70.26,2026-07-03 22:00:00,1,70.26,False,330.4742857142857,-1.1726531952067274
221,1399.54,2026-07-03 23:00:00,1,1399.54,False,465.77,3.5446663255565145
235,104.31,2026-07-04 00:00:00,0,104.31,True,297.5185714285714,-1.0518173068446153
78,1030.71,2026-07-04 01:00:00,0,1030.71,True,467.7642857142857,2.2357705633069465
356,549.48,2026-07-04 02:00:00,1,549.48,True,,0.5279921622350162
52,218.11,2026-07-04 03:00:00,0,218.11,True,419.0814285714286,-0.6479663789266017
360,190.62,2026-07-04 04:00:00,1,190.62,True,225.62857142857146,-0.745522284097658
499,66.82,2026-07-04 05:00:00,0,66.82,True,427.7257142857143,-1.1848609912703298
381,343.59,2026-07-04 06:00:00,0,343.59,True,251.74571428571429,-0.20266572483914733
227,63.63,2026-07-04 07:00:00,1,63.63,True,411.34142857142854,-1.1961815928525659
157,748.49,2026-07-04 08:00:00,0,748.49,True,495.3114285714286,1.2342344571819746
436,410.51,2026-07-04 09:00:00,1,410.51,True,,0.03481849393302725
128,325.89,2026-07-04 10:00:00,0,325.89,True,351.11857142857144,-0.2654790941198928
241,359.79,2026-07-04 11:00:00,1,359.79,True,351.9814285714286,-0.14517552244660042
385,423.16,2026-07-04 12:00:00,1,423.16,True,417.1628571428572,0.07971053469017035
461,252.59,2026-07-04 13:00:00,0,252.59,True,300.0228571428571,-0.5256045160565394
460,281.67,2026-07-04 14:00:00,1,281.67,True,435.01571428571424,-0.42240605398399245
43,1105.92,2026-07-04 15:00:00,0,1105.92,True,440.1457142857143,2.5026741510812327
449,697.35,2026-07-04 16:00:00,1,697.35,True,,1.0527499540736511
57,532.59,2026-07-04 17:00:00,1,532.59,True,390.57571428571424,0.4680533030738981
292,218.16,2026-07-04 18:00:00,0,218.16,True,392.2728571428571,-0.6477889400303285
464,39.51,2026-07-04 19:00:00,0,39.51,True,285.91857142857145,-1.281778116414802
327,488.5,2026-07-04 20:00:00,1,488.5,True,443.61,0.31158768434010875
473,359.0,2026-07-04 21:00:00,0,359.0,True,302.61571428571426,-0.14797905700771852
172,276.52,2026-07-04 22:00:00,0,276.52,True,,-0.4406822603001417
157,313.6,2026-07-04 23:00:00,0,313.6,True,498.7271428571429,-0.3090935748238679
163,110.77,2026-07-05 00:00:00,1,110.77,True,461.84999999999997,-1.028892201446106
177,145.63,2026-07-05 01:00:00,1,145.63,True,,-0.9051818029643665
341,698.34,2026-07-05 02:00:00,1,698.34,True,341.94,1.0562632442198623
226,26.76,2026-07-05 03:00:00,0,26.76,True,216.52428571428572,-1.3270250349644919
368,629.68,2026-07-05 04:00:00,1,629.68,True,277.9871428571429,0.8126041518573769
208,888.88,2026-07-05 05:00:00,0,888.88,True,523.0014285714286,1.7324473901381248
153,480.94,2026-07-05 06:00:00,1,480.94,True,401.7557142857143,0.2847589232235869
95,463.61,2026-07-05 07:00:00,0,463.61,True,,0.22325860177526385
275,144.4,2026-07-05 08:00:00,0,144.4,True,,-0.9095467998126893
449,165.75,2026-07-05 09:00:00,1,165.75,True,,-0.8337803911039936
429,234.12,2026-07-05 10:00:00,1,234.12,True,456.55,-0.5911504443398936
126,88.25,2026-07-05 11:00:00,0,88.25,True,432.9585714285714,-1.1088106803275968
238,154.56,2026-07-05 12:00:00,0,154.56,True,423.2057142857143,-0.8734912160899564
352,357.98,2026-07-05 13:00:00,0,357.98,True,318.2357142857143,-0.15159881049169363
306,222.04,2026-07-05 14:00:00,1,222.04,True,463.6742857142857,-0.634019681679521
33,382.77,2026-07-05 15:00:00,0,382.77,True,532.5914285714285,-0.06362460571939539
295,696.51,2026-07-05 16:00:00,0,696.51,True,508.15999999999997,1.0497689806162598
19,380.49,2026-07-05 17:00:00,0,380.49,True,,-0.07171581938945742
58,467.47,2026-07-05 18:00:00,0,467.47,True,,0.23695688456756206
326,62.35,2026-07-05 19:00:00,1,62.35,True,273.83714285714285,-1.200724028597162
51,687.81,2026-07-05 20:00:00,0,687.81,True,387.70714285714286,1.0188946126647067
169,60.38,2026-07-05 21:00:00,1,60.38,True,672.9914285714286,-1.2077151211103299
294,208.78,2026-07-05 22:00:00,1,208.78,True,238.0157142857143,-0.6810764769711981
327,116.5,2026-07-05 23:00:00,0,116.5,True,429.77,-1.0085577039331866
222,39.82,2026-07-06 00:00:00,1,39.82,False,449.26714285714286,-1.2806779952579077
47,365.32,2026-07-06 01:00:00,1,365.32,False,349.00571428571436,-0.12555078051877439
399,497.76,2026-07-06 02:00:00,1,497.76,False,419.9742857142857,0.3444493679299225
474,904.66,2026-07-06 03:00:00,0,904.66,False,304.9385714285714,1.7884471058019757
444,406.64,2026-07-06 04:00:00,0,406.64,False,337.49142857142857,0.02108472336147441
374,153.66,2026-07-06 05:00:00,1,153.66,False,206.6957142857143,-0.8766851162228757
201,217.47,2026-07-06 06:00:00,0,217.47,False,355.9857142857143,-0.6502375967988999
438,48.24,2026-07-06 07:00:00,0,48.24,False,,-1.2507972851254854
244,237.85,2026-07-06 08:00:00,1,237.85,False,500.3142857142857,-0.577913502677906
68,322.11,2026-07-06 09:00:00,0,322.11,False,394.5,-0.2788934746781536
425,482.33,2026-07-06 10:00:00,1,482.33,False,321.86857142857144,0.28969172453998443
160,580.87,2026-07-06 11:00:00,1,580.87,False,343.6228571428572,0.6393883013153892
469,470.63,2026-07-06 12:00:00,0,470.63,False,454.7471428571429,0.24817102281203404
184,138.56,2026-07-06 13:00:00,1,138.56,False,370.31142857142856,-0.9302716628974099
434,102.84,2026-07-06 14:00:00,1,102.84,False,,-1.0570340103950502
268,551.03,2026-07-06 15:00:00,1,551.03,False,423.5085714285715,0.5334927680194881
233,37.99,2026-07-06 16:00:00,0,37.99,False,378.44571428571425,-1.2871722588615102
148,1209.24,2026-07-06 17:00:00,1,1209.24,False,451.7542857142857,2.869333886340364
417,167.44,2026-07-06 18:00:00,1,167.44,False,464.15999999999997,-0.8277829564099562
30,755.66,2026-07-06 19:00:00,1,755.66,False,477.1842857142857,1.2596791949075645
234,196.44,2026-07-06 20:00:00,0,196.44,False,292.14714285714285,-0.7248683965714467
184,506.46,2026-07-06 21:00:00,1,506.46,False,405.37,0.3753237358814753
271,106.7,2026-07-06 22:00:00,0,106.7,False,329.46571428571434,-1.043335727602752
127,337.69,2026-07-06 23:00:00,0,337.69,False,292.7128571428571,-0.22360351459939576
332,52.37,2026-07-07 00:00:00,1,52.37,False,227.6442857142857,-1.2361408322933114
192,423.32,2026-07-07 01:00:00,0,423.32,False,495.2,0.08027833915824477
94,104.8,2026-07-07 02:00:00,0,104.8,False,229.65714285714287,-1.050078405661137
98,122.41,2026-07-07 03:00:00,1,122.41,False,200.05142857142854,-0.9875844263936834
348,227.57,2026-07-07 04:00:00,0,227.57,False,,-0.6143949397516949
130,269.07,2026-07-07 05:00:00,1,269.07,False,597.1842857142857,-0.46712065584486223
153,482.87,2026-07-07 06:00:00,0,482.87,False,414.3728571428571,0.29160806461973604
313,447.69,2026-07-07 07:00:00,1,447.69,False,364.2728571428571,0.1667620572018475
164,366.0,2026-07-07 08:00:00,1,366.0,False,217.00571428571428,-0.1231376115294576
194,628.27,2026-07-07 09:00:00,0,628.27,False,407.2942857142857,0.8076003749824702
122,438.35,2026-07-07 10:00:00,1,438.35,False,467.2857142857143,0.13361647137799657
172,462.34,2026-07-07 11:00:00,0,462.34,False,276.2985714285714,0.2187516538099221
346,121.32,2026-07-07 12:00:00,1,121.32,False,,-0.9914525943324413
266,662.98,2026-07-07 13:00:00,0,662.98,False,586.6228571428572,0.93077845677539
498,606.08,2026-07-07 14:00:00,1,606.08,False,413.40142857142865,0.7288529928163833
385,379.88,2026-07-07 15:00:00,1,379.88,False,411.34857142857146,-0.07388057392399164
8,590.4,2026-07-07 16:00:00,0,590.4,False,405.4857142857142,0.6732081549450786
189,317.3,2026-07-07 17:00:00,0,317.3,False,197.54428571428573,-0.2959630964996443
144,936.2,2026-07-07 18:00:00,1,936.2,False,756.8514285714285,1.900375561571169
293,353.26,2026-07-07 19:00:00,1,353.26,False,395.40000000000003,-0.16834904229989253
132,308.71,2026-07-07 20:00:00,1,308.71,False,295.11285714285714,-0.32644709887939605
483,440.76,2026-07-07 21:00:00,0,440.76,False,,0.14216902617836916
149,1071.13,2026-07-07 22:00:00,1,1071.13,False,421.1214285714286,2.379212167054276
260,202.01,2026-07-07 23:00:00,0,202.01,False,286.3985714285714,-0.705101703526602
61,419.31,2026-07-08 00:00:00,1,419.31,False,546.3471428571428,0.06604773967712675
454,215.43,2026-07-08 01:00:00,1,215.43,False,368.9214285714285,-0.6574771037668502
455,308.4,2026-07-08 02:00:00,1,308.4,False,,-0.3275472200362905
396,153.03,2026-07-08 03:00:00,0,153.03,False,287.60714285714283,-0.8789208463159192
175,453.32,2026-07-08 04:00:00,0,453.32,False,,0.1867416769222202
29,330.75,2026-07-08 05:00:00,1,330.75,False,287.9642857142857,-0.2482320334021287
355,581.48,2026-07-08 06:00:00,0,581.48,False,508.7585714285715,0.6415530558499233
214,699.28,2026-07-08 07:00:00,0,699.28,False,450.44428571428574,1.0595990954698
495,774.75,2026-07-08 08:00:00,0,774.75,False,388.1328571428571,1.3274253655047077
349,222.84,2026-07-08 09:00:00,1,222.84,False,455.5957142857142,-0.6311806593391484
269,441.41,2026-07-08 10:00:00,0,441.41,False,356.82428571428574,0.14447573182992207
493,809.62,2026-07-08 11:00:00,1,809.62,False,549.4657142857143,1.4511712517657018
400,151.96,2026-07-08 12:00:00,0,151.96,False,592.7257142857143,-0.8827180386961676
229,359.12,2026-07-08 13:00:00,1,359.12,False,380.33142857142855,-0.1475532036566626
9,161.63,2026-07-08 14:00:00,0,161.63,False,291.65,-0.8484013561569129
46,1061.46,2026-07-08 15:00:00,0,1061.46,False,434.0642857142857,2.344895484515021
221,803.19,2026-07-08 16:00:00,1,803.19,False,561.9399999999999,1.4283526097049566
281,498.8,2026-07-08 17:00:00,0,498.8,False,395.2971428571429,0.348140096972407
15,493.06,2026-07-08 18:00:00,0,493.06,False,289.31,0.327770111680233
63,176.18,2026-07-08 19:00:00,1,176.18,False,350.1114285714286,-0.7967666373413848
352,869.59,2026-07-08 20:00:00,1,869.59,False,409.7,1.6639914639558888
375,258.82,2026-07-08 21:00:00,1,258.82,False,318.38142857142856,-0.5034956295808871
14,192.16,2026-07-08 22:00:00,0,192.16,False,,-0.7400571660924405
253,726.16,2026-07-08 23:00:00,1,726.16,False,462.57142857142856,1.154990246106322
40,238.74,2026-07-09 00:00:00,0,238.74,False,403.9785714285714,-0.5747550903242413
361,199.31,2026-07-09 01:00:00,1,199.31,False,543.7685714285715,-0.7146834039253597
417,605.71,2026-07-09 02:00:00,1,605.71,False,505.49285714285713,0.7275399449839609
434,112.07,2026-07-09 03:00:00,1,112.07,False,,-1.0242787901430004
299,503.28,2026-07-09 04:00:00,1,503.28,False,443.9714285714286,0.36403862207849386
314,362.3,2026-07-09 05:00:00,1,362.3,False,397.4142857142857,-0.1362680898536812
463,570.15,2026-07-09 06:00:00,0,570.15,False,338.3757142857143,0.6013454019543951
306,463.55,2026-07-09 07:00:00,1,463.55,False,435.56857142857143,0.22304567509973589
223,1523.12,2026-07-09 08:00:00,1,1523.12,False,570.09,3.983224301585584
377,388.71,2026-07-09 09:00:00,1,388.71,False,272.18142857142857,-0.042544864842128265
295,238.12,2026-07-09 10:00:00,0,238.12,False,487.72428571428566,-0.5769553326380301
421,332.22,2026-07-09 11:00:00,1,332.22,False,528.3728571428571,-0.24301532985169383
262,459.88,2026-07-09 12:00:00,0,459.88,False,454.5585714285714,0.21002166011327617
434,1021.57,2026-07-09 13:00:00,1,1021.57,False,,2.2033347330681883
22,527.08,2026-07-09 14:00:00,1,527.08,False,613.2571428571429,0.4484995367045813
18,167.72,2026-07-09 15:00:00,1,167.72,False,379.7742857142857,-0.8267892985908258
49,2964.5,2026-07-09 16:00:00,1,2964.5,False,754.7699999999999,9.098361827793546
278,679.15,2026-07-09 17:00:00,0,679.15,False,,0.9881621958301725
354,158.9,2026-07-09 18:00:00,0,158.9,False,476.39,-0.8580895198934346
108,122.18,2026-07-09 19:00:00,0,122.18,False,,-0.9884006453165405
77,100.78,2026-07-09 20:00:00,1,100.78,False,298.61428571428576,-1.0643444929215096
430,318.73,2026-07-09 21:00:00,1,318.73,False,569.59,-0.29088834406622815
375,329.37,2026-07-09 22:00:00,1,329.37,False,359.7642857142857,-0.2531293469392716
324,188.41,2026-07-09 23:00:00,1,188.41,False,407.23857142857145,-0.7533650833129375
244,86.22,2026-07-10 00:00:00,1,86.22,False,405.8728571428572,-1.1160146995162925
210,124.84,2026-07-10 01:00:00,0,124.84,False,243.71,-0.9789608960348015
10,534.78,2026-07-10 02:00:00,1,534.78,False,252.96571428571426,0.47582512673066807
94,262.46,2026-07-10 03:00:00,1,262.46,False,193.0914285714286,-0.49057807793219155
448,138.81,2026-07-10 04:00:00,0,138.81,False,293.6985714285714,-0.9293844684160435
169,361.33,2026-07-10 05:00:00,1,361.33,False,615.0657142857143,-0.13971040444138316
352,415.59,2026-07-10 06:00:00,1,415.59,False,453.8771428571428,0.0528462857943937
351,450.11,2026-07-10 07:00:00,1,450.11,False,,0.1753500997814749
154,350.87,2026-07-10 08:00:00,1,350.87,False,219.11000000000004,-0.17683062154175586
102,310.21,2026-07-10 09:00:00,1,310.21,False,,-0.3211239319911973
345,768.34,2026-07-10 10:00:00,0,768.34,False,377.48,1.3046776990024715
46,129.88,2026-07-10 11:00:00,0,129.88,False,363.19571428571425,-0.9610750552904536
247,278.53,2026-07-10 12:00:00,1,278.53,False,483.94999999999993,-0.4335492166699554
444,46.33,2026-07-10 13:00:00,0,46.33,False,298.13142857142856,-1.2575754509631252
355,249.52,2026-07-10 14:00:00,1,249.52,False,417.99142857142857,-0.5364992642877194
382,381.15,2026-07-10 15:00:00,0,381.15,False,394.9785714285714,-0.06937362595865008
41,601.47,2026-07-10 16:00:00,1,601.47,False,,0.7124931265799856
99,48.18,2026-07-10 17:00:00,1,48.18,False,523.8242857142857,-1.2510102118010133
137,372.58,2026-07-10 18:00:00,1,372.58,False,397.2814285714286,-0.09978665277989238
146,1124.77,2026-07-10 19:00:00,0,1124.77,False,,2.5695686149762635
97,475.24,2026-07-10 20:00:00,1,475.24,False,305.3614285714286,0.26453088904843164
486,107.67,2026-07-10 21:00:00,1,107.67,False,,-1.03989341301505
82,249.9,2026-07-10 22:00:00,0,249.9,False,436.27428571428567,-0.5351507286760425
354,486.64,2026-07-10 23:00:00,1,486.64,False,534.9414285714286,0.3049869573987422
293,196.22,2026-07-11 00:00:00,0,196.22,True,314.1242857142857,-0.7256491277150492
305,405.99,2026-07-11 01:00:00,1,405.99,True,323.8457142857143,0.01877801770992169
107,388.24,2026-07-11 02:00:00,0,388.24,True,284.35285714285715,-0.044212790467097106
153,315.04,2026-07-11 03:00:00,1,315.04,True,435.25,-0.3039833346111971
303,96.4,2026-07-11 04:00:00,1,96.4,True,266.5842857142857,-1.07988814023505
149,178.08,2026-07-11 05:00:00,1,178.08,True,389.5657142857143,-0.7900239592829996
347,1201.44,2026-07-11 06:00:00,1,1201.44,True,,2.8416534185217306
19,236.43,2026-07-11 07:00:00,1,236.43,True,417.8085714285714,-0.5829527673320675
36,260.99,2026-07-11 08:00:00,1,260.99,True,,-0.49579478148262623
364,259.86,2026-07-11 09:00:00,0,259.86,True,421.41285714285715,-0.4998049005384026
308,591.01,2026-07-11 10:00:00,1,591.01,True,467.99571428571426,0.6753729094796127
21,271.71,2026-07-11 11:00:00,0,271.71,True,183.88714285714286,-0.4577518821216324
449,320.71,2026-07-11 12:00:00,1,320.71,True,,-0.2838617637738059
2,372.75,2026-07-11 13:00:00,1,372.75,True,353.63,-0.09918336053256312
477,638.36,2026-07-11 14:00:00,1,638.36,True,,0.8434075442504207
364,321.89,2026-07-11 15:00:00,0,321.89,True,372.8385714285714,-0.27967420582175617
494,349.68,2026-07-11 16:00:00,0,349.68,True,411.28857142857134,-0.1810536672730602
474,204.58,2026-07-11 17:00:00,1,204.58,True,323.40142857142854,-0.6959813442581547
156,413.06,2026-07-11 18:00:00,1,413.06,True,432.6185714285715,0.04386787764296521
378,503.88,2026-07-11 19:00:00,0,503.88,True,593.7371428571429,0.36616788883377344
105,529.22,2026-07-11 20:00:00,0,529.22,True,635.5614285714286,0.45609392146507816
235,1079.52,2026-07-11 21:00:00,1,1079.52,True,385.5228571428571,2.4089864138489343
120,166.97,2026-07-11 22:00:00,1,166.97,True,432.0057142857143,-0.8294508820349252
243,332.38,2026-07-11 23:00:00,0,332.38,True,,-0.2424475253836194
436,273.16,2026-07-12 00:00:00,0,273.16,True,364.87142857142857,-0.4526061541297068
218,951.37,2026-07-12 01:00:00,1,951.37,True,496.23,1.9542105227004853
46,543.82,2026-07-12 02:00:00,0,543.82,True,394.6857142857143,0.5079060791768796
162,69.26,2026-07-12 03:00:00,0,69.26,True,227.38285714285715,-1.1762019731321933
393,189.83,2026-07-12 04:00:00,0,189.83,True,399.9842857142857,-0.7483258186587759
260,247.26,2026-07-12 05:00:00,1,247.26,True,274.68142857142857,-0.5445195023992724
280,80.85,2026-07-12 06:00:00,0,80.85,True,387.42999999999995,-1.135071636976044
215,352.06,2026-07-12 07:00:00,0,352.06,True,237.93428571428575,-0.1726075758104515
146,212.32,2026-07-12 08:00:00,0,212.32,True,,-0.668513803115049
299,1111.23,2026-07-12 09:00:00,1,1111.23,True,555.74,2.5215181618654565
316,410.58,2026-07-12 10:00:00,1,410.58,True,503.63000000000005,0.03506690838780984
449,239.32,2026-07-12 11:00:00,0,239.32,True,347.55428571428575,-0.5726967991274712
308,138.07,2026-07-12 12:00:00,1,138.07,True,391.34142857142854,-0.9320105640808882
497,310.56,2026-07-12 13:00:00,1,310.56,True,445.46,-0.31988185971728417
413,896.58,2026-07-12 14:00:00,1,896.58,True,387.8085714285714,1.759772980164212
39,275.7,2026-07-12 15:00:00,1,275.7,True,,-0.44359225819902365
196,312.71,2026-07-12 16:00:00,0,312.71,True,336.0242857142857,-0.31225198717753266
192,700.56,2026-07-12 17:00:00,1,700.56,True,446.8171428571428,1.0641415312143963
1,401.81,2026-07-12 18:00:00,1,401.81,True,,0.0039441259814744205
90,582.65,2026-07-12 19:00:00,1,582.65,True,350.2142857142857,0.6457051260227182
381,432.22,2026-07-12 20:00:00,1,432.22,True,301.8985714285714,0.11186246269489093
176,414.59,2026-07-12 21:00:00,1,414.59,True,381.4428571428571,0.04929750786892786
73,65.16,2026-07-12 22:00:00,1,65.16,True,262.33857142857147,-1.1907519626266032
143,120.49,2026-07-12 23:00:00,1,120.49,True,440.6085714285714,-0.9943980800105778
137,370.37,2026-07-13 00:00:00,0,370.37,False,376.2257142857143,-0.10762945199517182
87,150.15,2026-07-13 01:00:00,0,150.15,False,365.32000000000005,-0.8891413267412608
50,310.82,2026-07-13 02:00:00,0,310.82,False,380.52714285714285,-0.3189591774566631
382,110.02,2026-07-13 03:00:00,1,110.02,False,391.6328571428571,-1.0315537848902054
412,704.5,2026-07-13 04:00:00,0,704.5,False,390.59857142857146,1.0781237162407318
248,166.94,2026-07-13 05:00:00,0,166.94,False,365.64285714285717,-0.8295573453726892
307,137.68,2026-07-13 06:00:00,0,137.68,False,330.6542857142857,-0.9333945874718199
459,86.88,2026-07-13 07:00:00,1,86.88,False,487.2442857142857,-1.113672506085485
421,524.99,2026-07-13 08:00:00,1,524.99,False,562.5885714285714,0.44108259084035756
16,310.48,2026-07-13 09:00:00,0,310.48,False,290.5828571428571,-0.3201657619513214
476,686.72,2026-07-13 10:00:00,1,686.72,False,329.33571428571435,1.0150264447259492
33,205.78,2026-07-13 11:00:00,0,205.78,False,512.5471428571428,-0.6917228107475957
13,117.45,2026-07-13 12:00:00,0,117.45,False,315.50714285714287,-1.005186364903994
201,299.65,2026-07-13 13:00:00,1,299.65,False,297.8157142857143,-0.35859902688411666
372,782.64,2026-07-13 14:00:00,0,782.64,False,469.65142857142854,1.355425223336633
40,63.35,2026-07-13 15:00:00,0,63.35,False,376.0514285714285,-1.1971752506716964
146,395.06,2026-07-13 16:00:00,1,395.06,False,,-0.02001012501542005
131,425.3,2026-07-13 17:00:00,0,425.3,False,303.40714285714284,0.08730491945066722
198,871.56,2026-07-13 18:00:00,1,871.56,False,431.2142857142857,1.6709825564690561
493,156.13,2026-07-13 19:00:00,0,156.13,False,566.3485714285714,-0.8679196347469751
165,58.62,2026-07-13 20:00:00,1,58.62,False,352.8914285714286,-1.2139609702591498
104,223.58,2026-07-13 21:00:00,1,223.58,False,457.7271428571429,-0.6285545636743035
61,576.78,2026-07-13 22:00:00,1,576.78,False,541.6642857142857,0.6248737996002337
99,326.32,2026-07-13 23:00:00,0,326.32,False,461.8771428571429,-0.26395311961194245
66,458.73,2026-07-14 00:00:00,1,458.73,False,464.45285714285717,0.20594056549899054
286,124.72,2026-07-14 01:00:00,0,124.72,False,,-0.9793867493858575
210,262.5,2026-07-14 02:00:00,1,262.5,False,224.6357142857143,-0.49043612681517285
248,335.75,2026-07-14 03:00:00,1,335.75,False,363.05428571428575,-0.23048814377479948
416,74.29,2026-07-14 04:00:00,1,74.29,False,272.08285714285716,-1.1583516201671
290,334.22,2026-07-14 05:00:00,1,334.22,False,325.90285714285716,-0.23591777400076214
77,242.93,2026-07-14 06:00:00,1,242.93,False,303.53714285714284,-0.5598857108165395
188,1727.41,2026-07-14 07:00:00,0,1727.41,False,552.7142857142857,4.708204143979002
156,316.17,2026-07-14 08:00:00,1,316.17,False,432.18285714285724,-0.2999732155554207
413,904.12,2026-07-14 09:00:00,1,904.12,False,474.52285714285716,1.7865307657222242
153,456.22,2026-07-14 10:00:00,0,456.22,False,434.72285714285715,0.19703313290607127
69,286.8,2026-07-14 11:00:00,0,286.8,False,270.6714285714286,-0.4042008232263527
368,814.3,2026-07-14 12:00:00,1,814.3,False,364.4557142857143,1.4677795324568816
214,107.73,2026-07-14 13:00:00,1,107.73,False,378.75857142857143,-1.039680486339522
47,219.37,2026-07-14 14:00:00,1,219.37,False,344.8385714285714,-0.6434949187405148
344,601.2,2026-07-14 15:00:00,0,601.2,False,,0.7115349565401099
105,27.03,2026-07-14 16:00:00,0,27.03,False,624.79,-1.326066864924616
434,308.02,2026-07-14 17:00:00,0,308.02,False,,-0.3288957556479675
416,305.96,2026-07-14 18:00:00,0,305.96,False,263.45,-0.33620623817442713
184,385.45,2026-07-14 19:00:00,0,385.45,False,435.28142857142853,-0.0541138808791469
277,264.84,2026-07-14 20:00:00,0,264.84,False,423.4971428571429,-0.48213198646958283
283,584.06,2026-07-14 21:00:00,1,584.06,False,404.01571428571424,0.650708902897625
326,163.34,2026-07-14 22:00:00,0,163.34,False,257.22999999999996,-0.8423329459043662
34,642.45,2026-07-14 23:00:00,0,642.45,False,560.4828571428571,0.8579220459655762
162,121.19,2026-07-15 00:00:00,0,121.19,False,211.44571428571427,-0.9919139354627518
85,408.54,2026-07-15 01:00:00,1,408.54,False,560.7185714285714,0.027827401419859638
348,748.8,2026-07-15 02:00:00,1,748.8,False,299.41285714285715,1.2353345783388687
34,150.67,2026-07-15 03:00:00,0,150.67,False,399.50999999999993,-0.8872959622200186
258,185.72,2026-07-15 04:00:00,1,185.72,False,311.4357142857143,-0.7629112959324406
363,658.23,2026-07-15 05:00:00,1,658.23,False,410.5571428571429,0.9139217616294272
474,365.55,2026-07-15 06:00:00,0,365.55,False,342.4614285714286,-0.12473456159591718
144,59.43,2026-07-15 07:00:00,1,59.43,False,704.6985714285714,-1.2110864601395224
3,376.36,2026-07-15 08:00:00,1,376.36,False,589.88,-0.08637227222163137
361,515.5,2026-07-15 09:00:00,0,515.5,False,433.92571428571426,0.4074046883276866
0,677.27,2026-07-15 10:00:00,1,677.27,False,661.7971428571428,0.9814904933302967
33,401.31,2026-07-15 11:00:00,0,401.31,False,358.30999999999995,0.0021697370187414968
495,467.34,2026-07-15 12:00:00,0,467.34,False,418.38428571428574,0.23649554343725132
431,965.35,2026-07-15 13:00:00,0,965.35,False,747.9585714285714,2.003822438098498
353,613.73,2026-07-15 14:00:00,0,613.73,False,339.5042857142857,0.7560011439461969
417,257.01,2026-07-15 15:00:00,1,257.01,False,447.8985714285714,-0.5099189176259804
37,284.73,2026-07-15 16:00:00,1,284.73,False,270.6742857142857,-0.41154679353206697
44,727.85,2026-07-15 17:00:00,0,727.85,False,451.0971428571429,1.1609876808003594
150,395.19,2026-07-15 18:00:00,0,395.19,False,339.6471428571428,-0.019548783885109507
11,352.41,2026-07-15 19:00:00,1,352.41,False,271.5257142857143,-0.17136550353653837
444,250.46,2026-07-15 20:00:00,1,250.46,False,268.21999999999997,-0.5331634130377816
28,708.77,2026-07-15 21:00:00,1,708.77,False,340.6657142857143,1.093276997982471
272,158.84,2026-07-15 22:00:00,1,158.84,False,541.1014285714285,-0.8583024465689626
426,219.81,2026-07-15 23:00:00,1,219.81,False,338.28999999999996,-0.6419334564533098
367,707.23,2026-07-16 00:00:00,0,707.23,False,505.1542857142857,1.0878118799772536
117,701.27,2026-07-16 01:00:00,1,701.27,False,384.5871428571428,1.066661163541477
235,1366.92,2026-07-16 02:00:00,1,1366.92,False,574.5942857142857,3.428905189627819
274,308.93,2026-07-16 03:00:00,0,308.93,False,347.96714285714285,-0.3256663677357935
383,253.64,2026-07-16 04:00:00,1,253.64,False,462.4514285714286,-0.5218782992348002
213,275.01,2026-07-16 05:00:00,0,275.01,False,,-0.4460409149675951
142,68.07,2026-07-16 06:00:00,0,68.07,False,374.19571428571436,-1.1804250188634975
397,33.79,2026-07-16 07:00:00,1,33.79,False,252.85999999999999,-1.3020771261484667
443,400.27,2026-07-16 08:00:00,0,400.27,False,313.35714285714283,-0.0015209920237430573
244,238.06,2026-07-16 09:00:00,0,238.06,False,401.1828571428572,-0.5771682593135581
14,169.11,2026-07-16 10:00:00,1,169.11,False,,-0.8218564972744283
250,348.56,2026-07-16 11:00:00,1,348.56,False,401.8157142857143,-0.18502829854958197
444,407.34,2026-07-16 12:00:00,1,407.34,False,278.5057142857143,0.02356886790930046
494,292.23,2026-07-16 13:00:00,1,292.23,False,380.1085714285714,-0.3849309590910731
200,298.31,2026-07-16 14:00:00,1,298.31,False,268.63142857142856,-0.3633543893042408
75,235.73,2026-07-16 15:00:00,0,235.73,False,509.2414285714285,-0.5854369118798936
286,543.65,2026-07-16 16:00:00,0,543.65,False,244.3657142857143,0.5073027869295501
415,207.14,2026-07-16 17:00:00,0,207.14,False,,-0.6868964727689622
472,138.21,2026-07-16 18:00:00,0,138.21,False,551.7185714285714,-0.9315137351713231
25,227.52,2026-07-16 19:00:00,0,227.52,False,224.51999999999998,-0.6145723786479681
145,386.82,2026-07-16 20:00:00,0,386.82,False,364.9542857142857,-0.049252055121258666
238,567.25,2026-07-16 21:00:00,0,567.25,False,394.9685714285714,0.5910539459705443
49,1094.01,2026-07-16 22:00:00,0,1094.01,False,902.47,2.4604082059889345
443,349.89,2026-07-16 23:00:00,1,349.89,False,299.11571428571426,-0.18030842390871243
56,911.93,2026-07-17 00:00:00,0,911.93,False,320.94,1.8142467213201123
332,192.4,2026-07-17 01:00:00,1,192.4,False,234.67142857142858,-0.7392054593903287
459,163.87,2026-07-17 02:00:00,0,163.87,False,437.8514285714286,-0.8404520936038694
342,452.01,2026-07-17 03:00:00,0,452.01,False,328.30571428571426,0.18209277783985994
381,501.81,2026-07-17 04:00:00,0,501.81,False,359.09000000000003,0.35882191852805917
131,377.21,2026-07-17 05:00:00,1,377.21,False,311.59285714285716,-0.08335581098498551
413,1753.08,2026-07-17 06:00:00,1,1753.08,False,674.6671428571428,4.79930127332571
209,201.84,2026-07-17 07:00:00,0,201.84,False,414.8414285714286,-0.7057049957739311
30,796.76,2026-07-17 08:00:00,0,796.76,False,543.6957142857143,1.405533967644211
183,167.91,2026-07-17 09:00:00,1,167.91,False,417.7985714285714,-0.8261150307849874
174,530.81,2026-07-17 10:00:00,0,530.81,False,396.1157142857143,0.46173647836656856
260,338.46,2026-07-17 11:00:00,1,338.46,False,284.79285714285714,-0.2208709555967871
132,396.91,2026-07-17 12:00:00,1,396.91,False,320.71999999999997,-0.013444885853308152
231,455.51,2026-07-17 13:00:00,0,455.51,False,530.2114285714285,0.1945135005789904
213,348.11,2026-07-17 14:00:00,1,348.11,False,,-0.18662524861604154
163,297.45,2026-07-17 15:00:00,1,297.45,False,361.0314285714286,-0.36640633832014147
348,52.12,2026-07-17 16:00:00,1,52.12,False,292.2257142857142,-1.2370280267746778
152,631.09,2026-07-17 17:00:00,1,631.09,False,470.1114285714285,0.817607928732284
382,101.76,2026-07-17 18:00:00,0,101.76,False,322.40857142857146,-1.0608666905545532
125,240.45,2026-07-17 19:00:00,0,240.45,False,,-0.5686866800716948
432,418.61,2026-07-17 20:00:00,1,418.61,False,495.1557142857143,0.0635635951293007
182,121.39,2026-07-17 21:00:00,0,121.39,False,403.21,-0.9912041798776586
20,297.19,2026-07-17 22:00:00,0,297.19,False,246.37000000000003,-0.36732902058076256
74,581.61,2026-07-17 23:00:00,1,581.61,False,406.07000000000005,0.6420143969802339
403,235.85,2026-07-18 00:00:00,0,235.85,True,373.02,-0.5850110585288377
436,301.14,2026-07-18 01:00:00,0,301.14,True,364.92142857142863,-0.35331134777517254
105,145.74,2026-07-18 02:00:00,1,145.74,True,528.1271428571429,-0.9047914373925652
301,259.57,2026-07-18 03:00:00,0,259.57,True,403.3457142857143,-0.5008340461367877
287,104.64,2026-07-18 04:00:00,1,104.64,True,352.96999999999997,-1.0506462101292116
66,382.65,2026-07-18 05:00:00,0,382.65,True,464.67571428571426,-0.0640504590704513
225,81.37,2026-07-18 06:00:00,0,81.37,True,181.57714285714286,-1.1332262724548017
346,195.37,2026-07-18 07:00:00,1,195.37,True,,-0.7286655889516952
483,340.74,2026-07-18 08:00:00,0,340.74,True,419.24142857142857,-0.21277974192672486
423,281.65,2026-07-18 09:00:00,0,281.65,True,390.99000000000007,-0.42247702954250194
48,435.9,2026-07-18 10:00:00,0,435.9,True,502.5114285714285,0.12492196546060508
118,301.92,2026-07-18 11:00:00,1,301.92,True,444.2057142857143,-0.35054330099330905
218,51.88,2026-07-18 12:00:00,0,51.88,True,443.2871428571429,-1.2378797334767897
75,119.42,2026-07-18 13:00:00,0,119.42,True,493.0357142857142,-0.9981952723908263
285,328.35,2026-07-18 14:00:00,0,328.35,True,400.1328571428571,-0.25674910042324667
4,691.63,2026-07-18 15:00:00,0,691.63,True,355.04571428571427,1.0324509443399863
56,608.49,2026-07-18 16:00:00,0,608.49,True,394.2828571428571,0.7374055476167558
23,1722.69,2026-07-18 17:00:00,1,1722.69,True,,4.691453912170804
147,214.79,2026-07-18 18:00:00,0,214.79,True,376.09285714285716,-0.6597483216391484
381,567.9,2026-07-18 19:00:00,0,567.9,True,398.2957142857143,0.593360651622097
88,539.87,2026-07-18 20:00:00,0,539.87,True,611.3571428571429,0.49388840637128933
493,935.11,2026-07-18 21:00:00,1,935.11,True,525.8371428571429,1.8965073936324108
134,769.6,2026-07-18 22:00:00,0,769.6,True,485.35571428571427,1.3091491591885587
22,404.06,2026-07-18 23:00:00,0,404.06,True,596.91,0.011928876313772577
167,503.95,2026-07-19 00:00:00,1,503.95,True,321.32714285714286,0.36641630328855607
374,437.06,2026-07-19 01:00:00,1,437.06,True,231.44428571428574,0.12903854785414556
53,318.84,2026-07-19 02:00:00,1,318.84,True,296.40999999999997,-0.29049797849442704
35,478.27,2026-07-19 03:00:00,0,478.27,True,348.63,0.2752836861625931
424,373.72,2026-07-19 04:00:00,0,373.72,True,225.2428571428572,-0.09574104594486114
296,361.89,2026-07-19 05:00:00,1,361.89,True,414.0857142857143,-0.13772308880312228
171,964.54,2026-07-19 06:00:00,1,964.54,True,543.5042857142856,2.000947927978871
378,409.89,2026-07-19 07:00:00,0,409.89,True,583.47,0.03261825161923841
422,349.96,2026-07-19 08:00:00,1,349.96,True,392.46571428571434,-0.18006000945392986
179,288.44,2026-07-19 09:00:00,1,288.44,True,428.3328571428571,-0.3983808274285887
280,269.05,2026-07-19 10:00:00,1,269.05,True,345.39285714285717,-0.4671916314033715
5,116.04,2026-07-19 11:00:00,0,116.04,True,,-1.0101901417789008
153,319.08,2026-07-19 12:00:00,1,319.08,True,462.4642857142857,-0.2896462717923152
297,716.07,2026-07-19 13:00:00,0,716.07,True,,1.119183076838372
98,209.55,2026-07-19 14:00:00,0,209.55,True,179.44714285714286,-0.6783439179685894
495,29.1,2026-07-19 15:00:00,1,29.1,True,410.88428571428574,-1.3187208946189015
485,465.33,2026-07-19 16:00:00,0,465.33,True,541.7757142857143,0.229362499807065
128,384.25,2026-07-19 17:00:00,0,384.25,True,320.05571428571426,-0.05837241438970587
198,953.06,2026-07-19 18:00:00,0,953.06,True,481.1271428571428,1.960207957394523
94,190.64,2026-07-19 19:00:00,0,190.64,True,184.56,-0.7454513085391486
251,103.27,2026-07-19 20:00:00,0,103.27,True,430.6771428571429,-1.0555080358870998
61,276.69,2026-07-19 21:00:00,1,276.69,True,453.42857142857144,-0.44007896805281244
195,242.83,2026-07-19 22:00:00,1,242.83,True,483.29857142857145,-0.560240588609086
277,67.05,2026-07-19 23:00:00,1,67.05,True,330.85571428571427,-1.1840447723474727
305,352.44,2026-07-20 00:00:00,1,352.44,False,301.04714285714283,-0.1712590401987745
298,226.62,2026-07-20 01:00:00,1,226.62,False,202.18714285714287,-0.6177662787808874
110,836.71,2026-07-20 02:00:00,0,836.71,False,489.59285714285716,1.5473076457665718
396,356.82,2026-07-20 03:00:00,1,356.82,False,248.82285714285715,-0.1557153928852341
345,170.42,2026-07-20 04:00:00,1,170.42,False,330.0128571428572,-0.8172075981920681
376,323.62,2026-07-20 05:00:00,0,323.62,False,375.92,-0.2735348200107002
233,378.76,2026-07-20 06:00:00,0,378.76,False,414.82,-0.07785520520051341
446,498.18,2026-07-20 07:00:00,0,498.18,False,508.78999999999996,0.34593985465861815
194,335.91,2026-07-20 08:00:00,1,335.91,False,425.1914285714285,-0.22992033930672487
402,1208.92,2026-07-20 09:00:00,1,1208.92,False,537.9814285714285,2.868198277404215
101,112.42,2026-07-20 10:00:00,1,112.42,False,308.3228571428571,-1.0230367178690871
123,223.5,2026-07-20 11:00:00,0,223.5,False,297.50428571428574,-0.6288384659083409
263,171.06,2026-07-20 12:00:00,1,171.06,False,300.25714285714287,-0.8149363803197699
277,252.06,2026-07-20 13:00:00,0,252.06,False,271.06,-0.5274853683570363
373,413.36,2026-07-20 14:00:00,0,413.36,False,439.73857142857145,0.044932511020605
148,392.37,2026-07-20 15:00:00,0,392.37,False,457.4614285714286,-0.02955633763492317
436,489.6,2026-07-20 16:00:00,0,489.6,False,371.44571428571436,0.31549134005812124
164,355.2,2026-07-20 17:00:00,0,355.2,False,222.99142857142857,-0.16146441312448878
267,371.37,2026-07-20 18:00:00,1,371.37,False,,-0.10408067406970598
465,360.61,2026-07-20 19:00:00,0,360.61,False,327.89428571428573,-0.14226552454771846
269,233.09,2026-07-20 20:00:00,1,233.09,False,336.1157142857143,-0.5948056856031234
340,219.07,2026-07-20 21:00:00,0,219.07,False,345.3685714285715,-0.6445595521181546
454,168.05,2026-07-20 22:00:00,1,168.05,False,351.9128571428572,-0.8256182018754221
487,508.07,2026-07-20 23:00:00,1,508.07,False,477.5157142857143,0.38103726834147533
249,37.2,2026-07-21 00:00:00,1,37.2,False,,-1.2899757934226284
208,365.34,2026-07-21 01:00:00,1,365.34,False,509.54714285714283,-0.12547980496026515
98,575.51,2026-07-21 02:00:00,1,575.51,False,233.90000000000003,0.6203668516348921
268,682.67,2026-07-21 03:00:00,1,682.67,False,425.43428571428564,1.0006538941278122
459,23.68,2026-07-21 04:00:00,0,23.68,False,394.31142857142856,-1.3379552709749265
243,239.07,2026-07-21 05:00:00,0,239.07,False,,-0.5735839936088376
174,176.83,2026-07-21 06:00:00,0,176.83,False,375.1214285714286,-0.794459931689832
53,223.1,2026-07-21 07:00:00,0,223.1,False,304.9171428571429,-0.6302579770785273
194,781.47,2026-07-21 08:00:00,0,781.47,False,503.4357142857143,1.3512731531638382
118,177.81,2026-07-21 09:00:00,1,177.81,False,420.8285714285715,-0.7909821293228755
488,574.56,2026-07-21 10:00:00,0,574.56,False,394.26571428571424,0.6169955126056994
263,369.14,2026-07-21 11:00:00,0,369.14,False,305.0042857142857,-0.11199444884349488
68,215.24,2026-07-21 12:00:00,1,215.24,False,354.3085714285714,-0.6581513715726888
33,197.45,2026-07-21 13:00:00,0,197.45,False,373.88714285714286,-0.7212841308667263
425,397.86,2026-07-21 14:00:00,1,397.86,False,315.11285714285714,-0.010073546824115638
465,310.4,2026-07-21 15:00:00,1,310.4,False,333.36285714285714,-0.3204496641853588
381,61.96,2026-07-21 16:00:00,1,61.96,False,299.20285714285717,-1.202108051988094
61,143.18,2026-07-21 17:00:00,1,143.18,False,367.0714285714285,-0.9138763088817577
49,405.37,2026-07-21 18:00:00,0,405.37,False,912.2171428571428,0.016577775396132845
98,107.53,2026-07-21 19:00:00,0,107.53,False,217.3457142857143,-1.0403902419246152
375,631.81,2026-07-21 20:00:00,1,631.81,False,395.1228571428571,0.8201630488386191
382,79.18,2026-07-21 21:00:00,1,79.18,False,316.8128571428571,-1.140998096111572
418,265.06,2026-07-21 22:00:00,0,265.06,False,268.90142857142854,-0.4813512553259802
48,519.14,2026-07-21 23:00:00,1,519.14,False,439.03000000000003,0.42032223997638224
76,132.98,2026-07-22 00:00:00,0,132.98,False,428.54142857142864,-0.9500738437215095
450,100.52,2026-07-22 01:00:00,1,100.52,False,,-1.065267175182131
464,454.64,2026-07-22 02:00:00,1,454.64,False,244.94428571428574,0.1914260637838351
362,587.26,2026-07-22 03:00:00,0,587.26,False,617.6528571428571,0.6620649922591159
53,280.24,2026-07-22 04:00:00,1,280.24,False,273.5757142857143,-0.42748080641740865
34,233.81,2026-07-22 05:00:00,1,233.81,False,416.39,-0.592250565496788
27,75.97,2026-07-22 06:00:00,0,75.97,False,428.00142857142856,-1.1523896732523176
345,344.71,2026-07-22 07:00:00,1,344.71,False,332.1642857142857,-0.19869109356262557
422,51.48,2026-07-22 08:00:00,0,51.48,False,394.3985714285714,-1.239299244646976
315,788.8,2026-07-22 09:00:00,0,788.8,False,342.06,1.3772856953575026
131,291.02,2026-07-22 10:00:00,1,291.02,False,265.8157142857143,-0.38922498038088693
378,145.87,2026-07-22 11:00:00,1,145.87,False,546.0071428571429,-0.9043300962622546
29,195.84,2026-07-22 12:00:00,0,195.84,False,298.63,-0.7269976633267262
414,364.75,2026-07-22 13:00:00,1,364.75,False,309.9785714285714,-0.1275735839362899
445,224.2,2026-07-22 14:00:00,0,224.2,False,295.5257142857143,-0.6263543213605148
359,321.05,2026-07-22 15:00:00,0,321.05,False,407.64285714285717,-0.2826551792791474
439,127.47,2026-07-22 16:00:00,0,127.47,False,352.5357142857143,-0.9696276100908263
293,691.9,2026-07-22 17:00:00,0,691.9,False,341.6471428571428,1.033409114379862
234,199.37,2026-07-22 18:00:00,1,199.37,False,243.6985714285714,-0.7144704772498318
161,34.72,2026-07-22 19:00:00,0,34.72,False,233.80285714285714,-1.2987767626777837
460,240.28,2026-07-22 20:00:00,0,240.28,False,435.30285714285714,-0.5692899723190239
348,174.41,2026-07-22 21:00:00,1,174.41,False,273.4142857142857,-0.8030479742694594
95,660.86,2026-07-22 22:00:00,1,660.86,False,458.4971428571429,0.9232550475734023
478,146.53,2026-07-22 23:00:00,0,146.53,False,,-0.9019879028314471
29,221.64,2026-07-23 00:00:00,1,221.64,False,277.82428571428574,-0.6354391928497074
293,372.33,2026-07-23 01:00:00,1,372.33,False,376.40999999999997,-0.10067384726125883
95,491.85,2026-07-23 02:00:00,1,491.85,False,484.60428571428577,0.3234760903904194
332,824.06,2026-07-23 03:00:00,0,824.06,False,326.06142857142856,1.5024156050094284
206,157.58,2026-07-23 04:00:00,0,157.58,False,185.4014285714286,-0.8627739067550495
218,763.32,2026-07-23 05:00:00,1,763.32,False,459.53285714285715,1.2868628338166332
335,643.53,2026-07-23 06:00:00,1,643.53,False,460.6557142857143,0.861754726125079
378,172.15,2026-07-23 07:00:00,1,172.15,False,330.59000000000003,-0.8110682123810121
190,154.77,2026-07-23 08:00:00,1,154.77,False,,-0.8727459727256085
498,432.61,2026-07-23 09:00:00,1,432.61,False,418.3671428571428,0.11324648608582256
249,315.23,2026-07-23 10:00:00,0,315.23,False,199.80857142857144,-0.30330906680535863
80,431.8,2026-07-23 11:00:00,1,431.8,False,505.6014285714286,0.11037197596619522
3,246.49,2026-07-23 12:00:00,0,246.49,False,609.6942857142858,-0.547252061401881
101,339.68,2026-07-23 13:00:00,0,339.68,False,286.01714285714286,-0.21654144652771867
345,292.47,2026-07-23 14:00:00,1,292.47,False,333.66857142857145,-0.3840792523889613
269,427.57,2026-07-23 15:00:00,0,427.57,False,323.2814285714286,0.09536064534147462
168,150.04,2026-07-23 16:00:00,1,150.04,False,262.14,-0.8895316923130621
240,359.56,2026-07-23 17:00:00,1,359.56,False,254.82285714285712,-0.14599174136945764
419,812.86,2026-07-23 18:00:00,1,812.86,False,506.80571428571426,1.462669292244211
285,781.81,2026-07-23 19:00:00,0,781.81,False,471.42857142857144,1.3524797376584963
29,390.99,2026-07-23 20:00:00,0,390.99,False,249.42285714285714,-0.03445365117206602
24,147.3,2026-07-23 21:00:00,1,147.3,False,373.9585714285714,-0.8992553438288384
241,1079.01,2026-07-23 22:00:00,0,1079.01,False,445.4914285714285,2.4071765371069467
202,427.67,2026-07-23 23:00:00,1,427.67,False,,0.09571552313402129
425,1009.53,2026-07-24 00:00:00,1,1009.53,False,417.98285714285714,2.1606074468455794
291,440.5,2026-07-24 01:00:00,1,440.5,False,262.99857142857144,0.14124634391774807
378,20.03,2026-07-24 02:00:00,0,20.03,False,233.47857142857143,-1.3509083104028767
292,1074.4,2026-07-24 03:00:00,0,1074.4,False,503.3485714285715,2.3908166708705494
172,582.03,2026-07-24 04:00:00,0,582.03,False,310.0857142857143,0.6435048837089293
328,330.07,2026-07-24 05:00:00,1,330.07,False,335.22857142857146,-0.2506452023914455
310,57.56,2026-07-24 06:00:00,1,57.56,False,486.6385714285715,-1.2177226748601435
360,626.65,2026-07-24 07:00:00,0,626.65,False,267.8228571428572,0.8018513547432156
94,437.46,2026-07-24 08:00:00,0,437.46,False,242.89142857142858,0.1304580590243318
320,1280.06,2026-07-24 09:00:00,1,1280.06,False,,3.120658339021855
142,943.41,2026-07-24 10:00:00,1,943.41,False,476.9042857142857,1.9259622504137772
395,990.03,2026-07-24 11:00:00,1,990.03,False,394.1328571428571,2.0914062772989954
399,383.32,2026-07-24 12:00:00,0,383.32,False,442.9157142857143,-0.06167277786038913
312,370.66,2026-07-24 13:00:00,1,370.66,False,,-0.10660030639678665
473,441.02,2026-07-24 14:00:00,0,441.02,False,335.82142857142856,0.14309170843899024
268,188.5,2026-07-24 15:00:00,1,188.5,False,377.8971428571428,-0.7530456932996455
12,337.51,2026-07-24 16:00:00,0,337.51,False,427.49285714285713,-0.2242422946259796
303,287.61,2026-07-24 17:00:00,0,287.61,False,258.1857142857143,-0.40132631310672534
388,748.49,2026-07-24 18:00:00,1,748.49,False,395.11285714285714,1.2342344571819746
50,853.77,2026-07-24 19:00:00,1,853.77,False,468.7257142857143,1.6078497971750187
52,530.35,2026-07-24 20:00:00,1,530.35,False,364.3285714285715,0.4601040405208546
136,162.59,2026-07-24 21:00:00,1,162.59,False,379.3828571428571,-0.8449945293484656
422,1120.27,2026-07-24 22:00:00,0,1120.27,False,471.77142857142854,2.5535991143116674
263,624.4,2026-07-24 23:00:00,0,624.4,False,353.0,0.7938666044109174
488,419.06,2026-07-25 00:00:00,0,419.06,True,335.94571428571425,0.0651605451957603
436,495.56,2026-07-25 01:00:00,1,495.56,True,352.08714285714285,0.3366420564938976
277,91.91,2026-07-25 02:00:00,0,91.91,True,238.82,-1.0958221531203918
339,288.03,2026-07-25 03:00:00,1,288.03,True,255.6942857142857,-0.39983582637802983
165,792.41,2026-07-25 04:00:00,0,792.41,True,447.90857142857146,1.3900967836684344
45,87.33,2026-07-25 05:00:00,1,87.33,True,378.72142857142853,-1.1120755560190254
199,84.65,2026-07-25 06:00:00,0,84.65,True,,-1.1215862808592736
296,627.14,2026-07-25 07:00:00,1,627.14,True,458.3714285714286,0.8035902559266939
91,470.89,2026-07-25 08:00:00,1,470.89,True,441.6742857142857,0.24909370507265513
110,88.43,2026-07-25 09:00:00,0,88.43,True,457.4057142857142,-1.1081719003010129
7,267.88,2026-07-25 10:00:00,0,267.88,True,387.2785714285714,-0.47134370157616656
367,419.07,2026-07-25 11:00:00,1,419.07,True,546.2728571428572,0.06519603297501492
449,383.43,2026-07-25 12:00:00,1,383.43,True,382.6114285714285,-0.06128241228858784
413,443.51,2026-07-25 13:00:00,0,443.51,True,723.777142857143,0.15192816547340024
189,252.19,2026-07-25 14:00:00,0,252.19,True,221.37714285714284,-0.5270240272267257
296,398.06,2026-07-25 15:00:00,1,398.06,True,451.5828571428572,-0.009363791239022508
480,529.68,2026-07-25 16:00:00,1,529.68,True,520.0028571428571,0.4577263593107922
295,501.21,2026-07-25 17:00:00,0,501.21,True,499.9314285714285,0.3566926517727796
147,258.27,2026-07-25 18:00:00,1,258.27,True,404.6985714285714,-0.5054474574398934
169,564.92,2026-07-25 19:00:00,1,564.92,True,607.74,0.5827852934042087
363,146.45,2026-07-25 20:00:00,1,146.45,True,422.3614285714286,-0.9022718050654844
223,195.81,2026-07-25 21:00:00,0,195.81,True,536.5585714285714,-0.7271041266644902
418,626.53,2026-07-25 22:00:00,1,626.53,True,322.14,0.8014255013921596
432,556.69,2026-07-25 23:00:00,0,556.69,True,525.2057142857143,0.5535788510776251
17,277.04,2026-07-26 00:00:00,0,277.04,True,339.8657142857143,-0.43883689577889934
361,192.44,2026-07-26 01:00:00,0,192.44,True,402.8971428571429,-0.7390635082733101
184,214.76,2026-07-26 02:00:00,0,214.76,True,404.94714285714286,-0.6598547849769124
259,513.46,2026-07-26 03:00:00,1,513.46,True,257.86857142857144,0.40016518135973644
132,447.1,2026-07-26 04:00:00,0,447.1,True,374.0042857142857,0.16466827822582272
184,182.34,2026-07-26 05:00:00,0,182.34,True,404.03999999999996,-0.7749061653205152
165,553.99,2026-07-26 06:00:00,0,553.99,True,473.1985714285714,0.5439971506788671
25,267.54,2026-07-26 07:00:00,0,267.54,True,179.66,-0.4725502860708249
391,150.89,2026-07-26 08:00:00,1,150.89,True,359.5814285714286,-0.8865152310764162
71,233.3,2026-07-26 09:00:00,0,233.3,True,381.47142857142853,-0.5940604422387755
187,357.1,2026-07-26 10:00:00,0,357.1,True,,-0.15472173506610357
96,540.44,2026-07-26 11:00:00,0,540.44,True,449.8328571428571,0.49591120978880504
80,516.26,2026-07-26 12:00:00,0,516.26,True,523.1728571428572,0.41010175955104067
186,308.71,2026-07-26 13:00:00,1,308.71,True,343.2542857142857,-0.32644709887939605
459,388.99,2026-07-26 14:00:00,0,388.99,True,367.1085714285714,-0.04155120702299772
472,288.43,2026-07-26 15:00:00,0,288.43,True,501.02714285714285,-0.3984163152078434
190,182.62,2026-07-26 16:00:00,1,182.62,True,400.1542857142857,-0.7739125075013847
252,317.65,2026-07-26 17:00:00,0,317.65,True,408.94714285714286,-0.29472102422573143
492,57.04,2026-07-26 18:00:00,0,57.04,True,285.4071428571429,-1.2195680393813857
117,864.71,2026-07-26 19:00:00,0,864.71,True,424.7185714285714,1.6466734276796153
472,381.6,2026-07-26 20:00:00,0,381.6,True,483.8257142857143,-0.06777667589219029
52,459.74,2026-07-26 21:00:00,0,459.74,True,419.3185714285715,0.209524831203711
112,189.44,2026-07-26 22:00:00,0,189.44,True,480.32142857142856,-0.7497098420497077
169,379.22,2026-07-26 23:00:00,0,379.22,True,616.85,-0.07622276735479899
18,426.57,2026-07-27 00:00:00,0,426.57,False,399.3657142857143,0.09181186741600877
407,277.87,2026-07-27 01:00:00,0,277.87,False,481.3771428571428,-0.4358914101007627
427,289.55,2026-07-27 02:00:00,1,289.55,False,353.81714285714287,-0.3944416839313216
191,106.37,2026-07-27 03:00:00,0,106.37,False,430.71999999999997,-1.0445068243181557
418,1052.93,2026-07-27 04:00:00,0,1052.93,False,431.77714285714285,2.3146244088107975
386,187.13,2026-07-27 05:00:00,0,187.13,False,429.1885714285714,-0.7579075190575337
400,207.82,2026-07-27 06:00:00,1,207.82,False,512.3728571428571,-0.6844833037796454
401,901.52,2026-07-27 07:00:00,0,901.52,False,438.7742857142857,1.7773039431160131
286,475.02,2026-07-27 08:00:00,0,475.02,False,296.28428571428566,0.26375015790482903
55,543.51,2026-07-27 09:00:00,1,543.51,False,346.81857142857143,0.506805958019985
461,99.85,2026-07-27 10:00:00,0,99.85,False,267.98285714285714,-1.067644856392193
304,375.79,2026-07-27 11:00:00,0,375.79,False,298.9271428571428,-0.08839507563914686
450,101.0,2026-07-27 12:00:00,0,101.0,False,,-1.0635637617779072
479,164.64,2026-07-27 13:00:00,1,164.64,False,240.66,-0.8377195346012607
93,1153.24,2026-07-27 14:00:00,1,1153.24,False,437.76000000000005,2.6706023225142763
201,139.36,2026-07-27 15:00:00,1,139.36,False,253.24,-0.9274326405570372
96,525.83,2026-07-27 16:00:00,1,525.83,False,498.21285714285716,0.44406356429774896
25,151.35,2026-07-27 17:00:00,1,151.35,False,180.67428571428573,-0.8848827932307018
483,167.89,2026-07-27 18:00:00,0,167.89,False,376.1114285714285,-0.8261860063434967
461,1617.82,2026-07-27 19:00:00,0,1617.82,False,484.0442857142857,4.3192935711272
465,309.9,2026-07-27 20:00:00,0,309.9,False,356.81857142857143,-0.3222240531480917
441,92.87,2026-07-27 21:00:00,1,92.87,False,,-1.0924153263119445
324,541.31,2026-07-27 22:00:00,1,541.31,False,438.0,0.49899864658396
261,755.01,2026-07-27 23:00:00,1,755.01,False,339.77285714285716,1.2573724892560119
495,576.06,2026-07-28 00:00:00,1,576.06,False,412.7714285714286,0.6223186794938982
276,289.66,2026-07-28 01:00:00,1,289.66,False,332.9214285714285,-0.3940513183595203
321,297.15,2026-07-28 02:00:00,1,297.15,False,235.52714285714288,-0.36747097169778126
105,218.59,2026-07-28 03:00:00,1,218.59,False,402.40857142857146,-0.6462629655223782
373,124.64,2026-07-28 04:00:00,1,124.64,False,410.19428571428574,-0.9796706516198946
409,420.84,2026-07-28 05:00:00,0,420.84,False,583.28,0.07147736990308941
339,278.77,2026-07-28 06:00:00,1,278.77,False,282.2014285714286,-0.43269750996784356
249,102.48,2026-07-28 07:00:00,1,102.48,False,168.46,-1.0583115704482178
