user_id,amount,ts,label
44,245.35,2026-01-01 00:00:00,1
386,573.91,2026-01-01 01:00:00,1
327,213.38,2026-01-01 02:00:00,1
219,493.48,2026-01-01 03:00:00,1
216,238.17,2026-01-01 04:00:00,1
429,662.28,2026-01-01 05:00:00,0
42,48.04,2026-01-01 06:00:00,0
348,102.43,2026-01-01 07:00:00,1
100,294.99,2026-01-01 08:00:00,1
47,182.82,2026-01-01 09:00:00,1
263,232.04,2026-01-01 10:00:00,1
487,535.12,2026-01-01 11:00:00,1
367,227.9,2026-01-01 12:00:00,0
380,425.32,2026-01-01 13:00:00,0
358,149.62,2026-01-01 14:00:00,0
393,35.82,2026-01-01 15:00:00,1
256,571.38,2026-01-01 16:00:00,1
64,1056.74,2026-01-01 17:00:00,0
419,392.69,2026-01-01 18:00:00,0
225,308.1,2026-01-01 19:00:00,0
250,361.76,2026-01-01 20:00:00,1
185,830.61,2026-01-01 21:00:00,0
91,396.26,2026-01-01 22:00:00,1
463,591.27,2026-01-01 23:00:00,0
390,572.79,2026-01-02 00:00:00,0
321,701.69,2026-01-02 01:00:00,1
201,302.79,2026-01-02 02:00:00,1
411,210.9,2026-01-02 03:00:00,1
272,497.5,2026-01-02 04:00:00,0
221,667.49,2026-01-02 05:00:00,0
225,756.97,2026-01-02 06:00:00,0
113,900.82,2026-01-02 07:00:00,1
46,625.96,2026-01-02 08:00:00,0
277,200.91,2026-01-02 09:00:00,1
443,392.33,2026-01-02 10:00:00,0
31,366.31,2026-01-02 11:00:00,1
429,336.18,2026-01-02 12:00:00,0
413,498.23,2026-01-02 13:00:00,1
138,280.79,2026-01-02 14:00:00,1
315,281.12,2026-01-02 15:00:00,0
82,1099.95,2026-01-02 16:00:00,1
379,315.58,2026-01-02 17:00:00,0
350,698.17,2026-01-02 18:00:00,1
177,726.4,2026-01-02 19:00:00,1
33,400.59,2026-01-02 20:00:00,0
485,290.17,2026-01-02 21:00:00,0
222,155.39,2026-01-02 22:00:00,0
446,65.45,2026-01-02 23:00:00,1
338,524.33,2026-01-03 00:00:00,0
389,450.08,2026-01-03 01:00:00,1
379,580.8,2026-01-03 02:00:00,1
97,222.72,2026-01-03 03:00:00,1
181,1174.6,2026-01-03 04:00:00,1
233,479.75,2026-01-03 05:00:00,0
248,306.16,2026-01-03 06:00:00,1
21,32.8,2026-01-03 07:00:00,1
273,244.52,2026-01-03 08:00:00,0
77,600.5,2026-01-03 09:00:00,1
371,885.1,2026-01-03 10:00:00,0
341,345.37,2026-01-03 11:00:00,0
461,983.74,2026-01-03 12:00:00,1
372,144.54,2026-01-03 13:00:00,0
183,460.18,2026-01-03 14:00:00,1
483,469.8,2026-01-03 15:00:00,0
205,527.37,2026-01-03 16:00:00,1
162,382.83,2026-01-03 17:00:00,0
452,441.79,2026-01-03 18:00:00,1
185,141.28,2026-01-03 19:00:00,1
38,828.06,2026-01-03 20:00:00,1
234,650.94,2026-01-03 21:00:00,1
397,428.99,2026-01-03 22:00:00,1
94,661.63,2026-01-03 23:00:00,0
231,846.1,2026-01-04 00:00:00,1
64,521.87,2026-01-04 01:00:00,1
343,1259.07,2026-01-04 02:00:00,0
237,553.4,2026-01-04 03:00:00,0
165,162.84,2026-01-04 04:00:00,1
113,413.03,2026-01-04 05:00:00,0
282,679.71,2026-01-04 06:00:00,1
334,846.65,2026-01-04 07:00:00,0
470,389.03,2026-01-04 08:00:00,1
218,151.15,2026-01-04 09:00:00,1
80,285.13,2026-01-04 10:00:00,1
416,94.26,2026-01-04 11:00:00,1
314,594.46,2026-01-04 12:00:00,1
350,241.97,2026-01-04 13:00:00,1
48,186.96,2026-01-04 14:00:00,0
156,635.88,2026-01-04 15:00:00,1
383,970.51,2026-01-04 16:00:00,1
416,186.24,2026-01-04 17:00:00,0
217,390.97,2026-01-04 18:00:00,0
402,294.86,2026-01-04 19:00:00,1
420,873.31,2026-01-04 20:00:00,1
193,322.5,2026-01-04 21:00:00,0
449,138.03,2026-01-04 22:00:00,0
144,334.71,2026-01-04 23:00:00,0
119,752.38,2026-01-05 00:00:00,1
341,281.09,2026-01-05 01:00:00,1
318,203.92,2026-01-05 02:00:00,0
69,311.15,2026-01-05 03:00:00,0
416,142.29,2026-01-05 04:00:00,0
99,294.55,2026-01-05 05:00:00,0
402,217.52,2026-01-05 06:00:00,1
3,1411.37,2026-01-05 07:00:00,0
398,44.21,2026-01-05 08:00:00,1
393,162.18,2026-01-05 09:00:00,0
390,203.78,2026-01-05 10:00:00,0
332,143.21,2026-01-05 11:00:00,1
235,463.49,2026-01-05 12:00:00,1
352,183.28,2026-01-05 13:00:00,0
138,83.78,2026-01-05 14:00:00,1
390,364.96,2026-01-05 15:00:00,1
277,268.06,2026-01-05 16:00:00,0
229,191.07,2026-01-05 17:00:00,1
252,858.56,2026-01-05 18:00:00,1
284,474.96,2026-01-05 19:00:00,1
18,436.89,2026-01-05 20:00:00,0
69,482.67,2026-01-05 21:00:00,0
122,464.83,2026-01-05 22:00:00,1
57,279.33,2026-01-05 23:00:00,1
219,185.01,2026-01-06 00:00:00,1
334,371.13,2026-01-06 01:00:00,0
327,275.18,2026-01-06 02:00:00,1
235,43.42,2026-01-06 03:00:00,0
427,131.56,2026-01-06 04:00:00,0
282,247.54,2026-01-06 05:00:00,1
39,645.45,2026-01-06 06:00:00,1
382,372.37,2026-01-06 07:00:00,0
287,156.63,2026-01-06 08:00:00,0
317,120.76,2026-01-06 09:00:00,1
282,742.96,2026-01-06 10:00:00,1
276,289.87,2026-01-06 11:00:00,0
45,5.94,2026-01-06 12:00:00,1
279,304.91,2026-01-06 13:00:00,1
397,551.06,2026-01-06 14:00:00,1
151,117.1,2026-01-06 15:00:00,1
301,351.08,2026-01-06 16:00:00,0
15,376.91,2026-01-06 17:00:00,1
173,124.2,2026-01-06 18:00:00,1
218,789.63,2026-01-06 19:00:00,0
491,381.9,2026-01-06 20:00:00,0
107,246.49,2026-01-06 21:00:00,0
138,291.44,2026-01-06 22:00:00,1
204,101.85,2026-01-06 23:00:00,1
496,97.52,2026-01-07 00:00:00,0
426,227.64,2026-01-07 01:00:00,1
17,239.78,2026-01-07 02:00:00,0
116,276.23,2026-01-07 03:00:00,0
410,837.43,2026-01-07 04:00:00,0
29,530.05,2026-01-07 05:00:00,0
427,52.88,2026-01-07 06:00:00,1
140,731.55,2026-01-07 07:00:00,1
458,226.14,2026-01-07 08:00:00,0
146,566.82,2026-01-07 09:00:00,1
217,241.68,2026-01-07 10:00:00,0
330,363.61,2026-01-07 11:00:00,1
63,109.88,2026-01-07 12:00:00,1
278,426.47,2026-01-07 13:00:00,1
252,612.97,2026-01-07 14:00:00,1
391,65.88,2026-01-07 15:00:00,0
498,619.64,2026-01-07 16:00:00,0
332,184.33,2026-01-07 17:00:00,0
204,1021.54,2026-01-07 18:00:00,0
203,574.25,2026-01-07 19:00:00,1
208,505.51,2026-01-07 20:00:00,1
407,292.81,2026-01-07 21:00:00,1
160,1581.35,2026-01-07 22:00:00,0
83,227.35,2026-01-07 23:00:00,0
167,134.52,2026-01-08 00:00:00,1
11,190.12,2026-01-08 01:00:00,1
53,691.27,2026-01-08 02:00:00,0
45,358.33,2026-01-08 03:00:00,0
385,318.97,2026-01-08 04:00:00,0
361,230.23,2026-01-08 05:00:00,0
348,306.09,2026-01-08 06:00:00,1
230,217.01,2026-01-08 07:00:00,1
358,539.97,2026-01-08 08:00:00,0
80,271.16,2026-01-08 09:00:00,0
450,193.25,2026-01-08 10:00:00,1
250,651.67,2026-01-08 11:00:00,0
469,138.65,2026-01-08 12:00:00,1
76,362.2,2026-01-08 13:00:00,1
248,43.03,2026-01-08 14:00:00,0
348,89.32,2026-01-08 15:00:00,0
247,247.81,2026-01-08 16:00:00,0
223,213.63,2026-01-08 17:00:00,0
83,213.35,2026-01-08 18:00:00,1
190,577.96,2026-01-08 19:00:00,1
119,601.88,2026-01-08 20:00:00,0
150,416.62,2026-01-08 21:00:00,0
341,131.68,2026-01-08 22:00:00,1
315,304.21,2026-01-08 23:00:00,1
303,1118.05,2026-01-09 00:00:00,1
180,1480.91,2026-01-09 01:00:00,0
479,656.07,2026-01-09 02:00:00,0
43,136.68,2026-01-09 03:00:00,0
171,306.33,2026-01-09 04:00:00,0
59,396.51,2026-01-09 05:00:00,1
169,353.18,2026-01-09 06:00:00,0
480,703.98,2026-01-09 07:00:00,0
183,560.24,2026-01-09 08:00:00,0
454,129.73,2026-01-09 09:00:00,1
247,197.36,2026-01-09 10:00:00,1
349,654.17,2026-01-09 11:00:00,1
228,856.11,2026-01-09 12:00:00,0
132,400.21,2026-01-09 13:00:00,1
382,927.98,2026-01-09 14:00:00,0
484,366.98,2026-01-09 15:00:00,0
131,152.33,2026-01-09 16:00:00,0
389,524.9,2026-01-09 17:00:00,0
130,1911.68,2026-01-09 18:00:00,1
358,102.67,2026-01-09 19:00:00,1
394,904.64,2026-01-09 20:00:00,1
224,503.99,2026-01-09 21:00:00,0
368,187.22,2026-01-09 22:00:00,1
136,44.4,2026-01-09 23:00:00,1
39,24.86,2026-01-10 00:00:00,0
48,212.98,2026-01-10 01:00:00,1
223,446.52,2026-01-10 02:00:00,0
451,621.47,2026-01-10 03:00:00,0
63,723.17,2026-01-10 04:00:00,0
227,417.99,2026-01-10 05:00:00,0
352,371.26,2026-01-10 06:00:00,0
101,254.65,2026-01-10 07:00:00,1
360,454.48,2026-01-10 08:00:00,1
152,189.75,2026-01-10 09:00:00,1
404,108.31,2026-01-10 10:00:00,0
289,354.05,2026-01-10 11:00:00,0
273,588.72,2026-01-10 12:00:00,0
88,86.09,2026-01-10 13:00:00,1
231,213.0,2026-01-10 14:00:00,0
428,344.08,2026-01-10 15:00:00,1
9,338.53,2026-01-10 16:00:00,0
379,494.41,2026-01-10 17:00:00,0
246,1097.02,2026-01-10 18:00:00,0
359,25.21,2026-01-10 19:00:00,0
331,1129.72,2026-01-10 20:00:00,0
216,1064.8,2026-01-10 21:00:00,1
154,628.67,2026-01-10 22:00:00,0
313,394.66,2026-01-10 23:00:00,1
70,193.09,2026-01-11 00:00:00,1
292,623.33,2026-01-11 01:00:00,1
47,410.04,2026-01-11 02:00:00,1
324,259.17,2026-01-11 03:00:00,0
314,612.08,2026-01-11 04:00:00,0
42,687.25,2026-01-11 05:00:00,1
378,851.62,2026-01-11 06:00:00,0
207,174.64,2026-01-11 07:00:00,1
393,778.32,2026-01-11 08:00:00,1
20,263.17,2026-01-11 09:00:00,1
89,395.49,2026-01-11 10:00:00,0
246,454.75,2026-01-11 11:00:00,0
94,735.56,2026-01-11 12:00:00,1
164,568.69,2026-01-11 13:00:00,0
330,255.59,2026-01-11 14:00:00,0
72,30.48,2026-01-11 15:00:00,1
338,490.17,2026-01-11 16:00:00,0
51,383.24,2026-01-11 17:00:00,0
87,101.3,2026-01-11 18:00:00,1
293,418.28,2026-01-11 19:00:00,0
396,340.7,2026-01-11 20:00:00,1
85,845.97,2026-01-11 21:00:00,1
149,1181.04,2026-01-11 22:00:00,1
462,675.47,2026-01-11 23:00:00,0
494,325.46,2026-01-12 00:00:00,0
290,365.05,2026-01-12 01:00:00,1
223,169.08,2026-01-12 02:00:00,0
173,199.32,2026-01-12 03:00:00,1
306,310.7,2026-01-12 04:00:00,1
295,285.33,2026-01-12 05:00:00,1
147,95.32,2026-01-12 06:00:00,1
11,851.94,2026-01-12 07:00:00,0
75,933.42,2026-01-12 08:00:00,1
479,833.46,2026-01-12 09:00:00,1
209,954.82,2026-01-12 10:00:00,1
241,1409.72,2026-01-12 11:00:00,1
233,172.01,2026-01-12 12:00:00,0
391,1370.12,2026-01-12 13:00:00,1
32,254.29,2026-01-12 14:00:00,1
41,544.29,2026-01-12 15:00:00,0
137,72.13,2026-01-12 16:00:00,0
243,227.6,2026-01-12 17:00:00,0
335,688.9,2026-01-12 18:00:00,1
245,563.1,2026-01-12 19:00:00,1
220,250.19,2026-01-12 20:00:00,0
468,364.92,2026-01-12 21:00:00,0
80,207.38,2026-01-12 22:00:00,1
285,687.59,2026-01-12 23:00:00,1
271,890.61,2026-01-13 00:00:00,1
236,172.72,2026-01-13 01:00:00,0
403,336.76,2026-01-13 02:00:00,1
133,91.25,2026-01-13 03:00:00,0
476,408.89,2026-01-13 04:00:00,1
165,503.86,2026-01-13 05:00:00,1
272,434.31,2026-01-13 06:00:00,1
260,475.49,2026-01-13 07:00:00,1
424,309.18,2026-01-13 08:00:00,0
219,315.09,2026-01-13 09:00:00,1
142,303.54,2026-01-13 10:00:00,0
10,221.71,2026-01-13 11:00:00,0
181,245.89,2026-01-13 12:00:00,1
413,487.38,2026-01-13 13:00:00,1
4,852.55,2026-01-13 14:00:00,0
448,145.62,2026-01-13 15:00:00,1
271,314.15,2026-01-13 16:00:00,0
70,117.34,2026-01-13 17:00:00,0
151,225.21,2026-01-13 18:00:00,0
277,258.26,2026-01-13 19:00:00,0
157,387.47,2026-01-13 20:00:00,0
54,379.33,2026-01-13 21:00:00,0
332,334.4,2026-01-13 22:00:00,0
336,458.82,2026-01-13 23:00:00,1
59,159.24,2026-01-14 00:00:00,1
140,389.9,2026-01-14 01:00:00,0
121,574.55,2026-01-14 02:00:00,0
329,157.38,2026-01-14 03:00:00,1
365,56.84,2026-01-14 04:00:00,0
363,683.76,2026-01-14 05:00:00,0
469,121.18,2026-01-14 06:00:00,0
384,215.82,2026-01-14 07:00:00,1
160,562.99,2026-01-14 08:00:00,0
53,149.96,2026-01-14 09:00:00,1
307,651.51,2026-01-14 10:00:00,0
458,189.41,2026-01-14 11:00:00,1
487,169.09,2026-01-14 12:00:00,1
115,117.93,2026-01-14 13:00:00,0
118,190.94,2026-01-14 14:00:00,0
18,510.51,2026-01-14 15:00:00,0
70,215.86,2026-01-14 16:00:00,1
277,685.69,2026-01-14 17:00:00,1
273,345.0,2026-01-14 18:00:00,0
185,368.53,2026-01-14 19:00:00,0
154,164.4,2026-01-14 20:00:00,0
414,755.97,2026-01-14 21:00:00,1
230,577.84,2026-01-14 22:00:00,1
404,566.47,2026-01-14 23:00:00,0
481,295.31,2026-01-15 00:00:00,0
158,103.69,2026-01-15 01:00:00,0
101,383.56,2026-01-15 02:00:00,1
476,495.16,2026-01-15 03:00:00,0
317,498.7,2026-01-15 04:00:00,1
145,451.71,2026-01-15 05:00:00,1
310,438.19,2026-01-15 06:00:00,0
257,188.6,2026-01-15 07:00:00,1
452,196.85,2026-01-15 08:00:00,1
127,119.07,2026-01-15 09:00:00,0
495,691.15,2026-01-15 10:00:00,0
468,1145.87,2026-01-15 11:00:00,0
90,1888.8,2026-01-15 12:00:00,0
82,403.66,2026-01-15 13:00:00,0
266,439.01,2026-01-15 14:00:00,1
22,304.78,2026-01-15 15:00:00,1
149,398.97,2026-01-15 16:00:00,1
217,149.41,2026-01-15 17:00:00,1
484,299.91,2026-01-15 18:00:00,0
496,170.36,2026-01-15 19:00:00,0
75,269.83,2026-01-15 20:00:00,1
445,183.6,2026-01-15 21:00:00,1
45,495.34,2026-01-15 22:00:00,0
374,540.33,2026-01-15 23:00:00,1
422,429.19,2026-01-16 00:00:00,0
445,197.57,2026-01-16 01:00:00,1
111,111.01,2026-01-16 02:00:00,1
446,544.62,2026-01-16 03:00:00,0
57,343.59,2026-01-16 04:00:00,1
259,54.03,2026-01-16 05:00:00,1
234,381.19,2026-01-16 06:00:00,1
157,441.4,2026-01-16 07:00:00,1
11,76.86,2026-01-16 08:00:00,0
386,501.5,2026-01-16 09:00:00,0
167,90.2,2026-01-16 10:00:00,0
330,179.3,2026-01-16 11:00:00,0
205,90.83,2026-01-16 12:00:00,1
186,162.98,2026-01-16 13:00:00,0
443,111.98,2026-01-16 14:00:00,1
47,688.16,2026-01-16 15:00:00,0
368,282.82,2026-01-16 16:00:00,0
373,236.58,2026-01-16 17:00:00,0
189,733.03,2026-01-16 18:00:00,0
131,707.57,2026-01-16 19:00:00,1
2,252.42,2026-01-16 20:00:00,1
468,423.11,2026-01-16 21:00:00,1
473,210.85,2026-01-16 22:00:00,1
120,317.7,2026-01-16 23:00:00,0
15,132.52,2026-01-17 00:00:00,1
61,468.82,2026-01-17 01:00:00,0
33,752.75,2026-01-17 02:00:00,1
415,664.69,2026-01-17 03:00:00,1
445,355.87,2026-01-17 04:00:00,1
76,47.92,2026-01-17 05:00:00,0
373,202.66,2026-01-17 06:00:00,0
89,317.39,2026-01-17 07:00:00,0
183,97.96,2026-01-17 08:00:00,0
299,81.34,2026-01-17 09:00:00,1
359,894.91,2026-01-17 10:00:00,1
437,612.11,2026-01-17 11:00:00,0
22,495.05,2026-01-17 12:00:00,0
98,563.7,2026-01-17 13:00:00,0
140,115.64,2026-01-17 14:00:00,0
155,158.08,2026-01-17 15:00:00,1
499,404.56,2026-01-17 16:00:00,1
388,428.12,2026-01-17 17:00:00,1
160,92.16,2026-01-17 18:00:00,1
485,383.65,2026-01-17 19:00:00,0
249,321.92,2026-01-17 20:00:00,0
250,650.19,2026-01-17 21:00:00,1
216,429.67,2026-01-17 22:00:00,0
71,963.65,2026-01-17 23:00:00,1
467,253.58,2026-01-18 00:00:00,1
6,123.38,2026-01-18 01:00:00,0
87,946.77,2026-01-18 02:00:00,0
114,446.12,2026-01-18 03:00:00,1
139,323.38,2026-01-18 04:00:00,1
65,163.51,2026-01-18 05:00:00,0
8,255.99,2026-01-18 06:00:00,1
338,245.12,2026-01-18 07:00:00,0
484,118.16,2026-01-18 08:00:00,1
60,31.44,2026-01-18 09:00:00,0
148,240.41,2026-01-18 10:00:00,0
253,573.77,2026-01-18 11:00:00,0
463,796.35,2026-01-18 12:00:00,0
347,667.66,2026-01-18 13:00:00,0
383,694.33,2026-01-18 14:00:00,0
290,132.05,2026-01-18 15:00:00,1
208,410.19,2026-01-18 16:00:00,0
99,497.8,2026-01-18 17:00:00,0
432,520.54,2026-01-18 18:00:00,1
402,317.85,2026-01-18 19:00:00,1
12,374.01,2026-01-18 20:00:00,0
357,654.17,2026-01-18 21:00:00,0
42,485.09,2026-01-18 22:00:00,0
369,550.15,2026-01-18 23:00:00,1
412,231.35,2026-01-19 00:00:00,1
65,530.07,2026-01-19 01:00:00,1
216,370.31,2026-01-19 02:00:00,0
61,609.56,2026-01-19 03:00:00,0
283,188.54,2026-01-19 04:00:00,0
463,575.74,2026-01-19 05:00:00,1
40,258.84,2026-01-19 06:00:00,1
198,577.58,2026-01-19 07:00:00,1
486,412.14,2026-01-19 08:00:00,0
150,350.17,2026-01-19 09:00:00,0
66,270.32,2026-01-19 10:00:00,1
244,324.46,2026-01-19 11:00:00,0
254,240.88,2026-01-19 12:00:00,1
331,265.83,2026-01-19 13:00:00,1
156,475.87,2026-01-19 14:00:00,0
477,64.92,2026-01-19 15:00:00,1
260,572.11,2026-01-19 16:00:00,0
143,578.8,2026-01-19 17:00:00,0
480,276.86,2026-01-19 18:00:00,0
462,381.32,2026-01-19 19:00:00,1
249,148.19,2026-01-19 20:00:00,1
12,454.06,2026-01-19 21:00:00,0
298,165.58,2026-01-19 22:00:00,1
277,9.17,2026-01-19 23:00:00,0
74,775.91,2026-01-20 00:00:00,1
316,133.3,2026-01-20 01:00:00,1
420,319.1,2026-01-20 02:00:00,1
52,392.13,2026-01-20 03:00:00,1
361,475.12,2026-01-20 04:00:00,0
70,341.14,2026-01-20 05:00:00,0
374,417.88,2026-01-20 06:00:00,1
209,271.7,2026-01-20 07:00:00,0
3,78.9,2026-01-20 08:00:00,1
483,331.2,2026-01-20 09:00:00,0
82,522.22,2026-01-20 10:00:00,1
298,141.1,2026-01-20 11:00:00,1
90,395.12,2026-01-20 12:00:00,1
466,1091.58,2026-01-20 13:00:00,0
369,314.72,2026-01-20 14:00:00,1
402,327.32,2026-01-20 15:00:00,0
216,71.99,2026-01-20 16:00:00,0
233,125.86,2026-01-20 17:00:00,0
317,167.21,2026-01-20 18:00:00,0
392,507.93,2026-01-20 19:00:00,1
423,150.18,2026-01-20 20:00:00,1
8,447.33,2026-01-20 21:00:00,0
331,181.04,2026-01-20 22:00:00,1
54,75.16,2026-01-20 23:00:00,1
143,552.19,2026-01-21 00:00:00,1
414,247.34,2026-01-21 01:00:00,0
125,477.66,2026-01-21 02:00:00,1
398,72.33,2026-01-21 03:00:00,0
231,27.1,2026-01-21 04:00:00,1
116,367.88,2026-01-21 05:00:00,0
167,121.57,2026-01-21 06:00:00,1
265,363.95,2026-01-21 07:00:00,0
382,369.86,2026-01-21 08:00:00,0
303,335.4,2026-01-21 09:00:00,0
466,690.57,2026-01-21 10:00:00,0
433,441.65,2026-01-21 11:00:00,0
376,1090.87,2026-01-21 12:00:00,1
301,252.83,2026-01-21 13:00:00,0
144,100.12,2026-01-21 14:00:00,0
206,191.85,2026-01-21 15:00:00,0
59,265.23,2026-01-21 16:00:00,0
187,1151.8,2026-01-21 17:00:00,0
463,350.13,2026-01-21 18:00:00,1
212,708.22,2026-01-21 19:00:00,0
56,235.95,2026-01-21 20:00:00,1
325,212.77,2026-01-21 21:00:00,0
481,69.06,2026-01-21 22:00:00,1
433,1127.54,2026-01-21 23:00:00,0
137,871.15,2026-01-22 00:00:00,1
226,398.15,2026-01-22 01:00:00,1
265,277.92,2026-01-22 02:00:00,1
123,360.32,2026-01-22 03:00:00,1
134,96.03,2026-01-22 04:00:00,1
118,477.01,2026-01-22 05:00:00,1
497,823.38,2026-01-22 06:00:00,1
373,851.35,2026-01-22 07:00:00,0
420,72.36,2026-01-22 08:00:00,1
408,703.75,2026-01-22 09:00:00,1
479,96.7,2026-01-22 10:00:00,0
52,29.99,2026-01-22 11:00:00,1
440,721.94,2026-01-22 12:00:00,1
33,220.39,2026-01-22 13:00:00,0
237,653.67,2026-01-22 14:00:00,0
297,613.89,2026-01-22 15:00:00,0
178,560.64,2026-01-22 16:00:00,1
73,356.98,2026-01-22 17:00:00,1
96,108.07,2026-01-22 18:00:00,0
412,265.69,2026-01-22 19:00:00,1
159,860.91,2026-01-22 20:00:00,0
155,665.36,2026-01-22 21:00:00,1
461,277.07,2026-01-22 22:00:00,0
71,274.33,2026-01-22 23:00:00,1
457,525.94,2026-01-23 00:00:00,0
460,376.8,2026-01-23 01:00:00,1
299,288.7,2026-01-23 02:00:00,1
82,495.08,2026-01-23 03:00:00,1
77,483.35,2026-01-23 04:00:00,0
142,196.49,2026-01-23 05:00:00,0
288,434.19,2026-01-23 06:00:00,0
76,462.41,2026-01-23 07:00:00,0
227,336.59,2026-01-23 08:00:00,0
57,178.59,2026-01-23 09:00:00,1
270,259.03,2026-01-23 10:00:00,0
10,147.68,2026-01-23 11:00:00,0
354,442.86,2026-01-23 12:00:00,0
27,72.82,2026-01-23 13:00:00,0
97,920.75,2026-01-23 14:00:00,1
87,797.49,2026-01-23 15:00:00,0
415,470.42,2026-01-23 16:00:00,0
26,638.73,2026-01-23 17:00:00,0
214,609.53,2026-01-23 18:00:00,1
295,381.17,2026-01-23 19:00:00,0
257,295.12,2026-01-23 20:00:00,0
340,269.17,2026-01-23 21:00:00,1
401,943.45,2026-01-23 22:00:00,1
196,172.95,2026-01-23 23:00:00,0
414,176.0,2026-01-24 00:00:00,0
158,677.85,2026-01-24 01:00:00,1
492,634.49,2026-01-24 02:00:00,0
252,281.64,2026-01-24 03:00:00,0
368,507.04,2026-01-24 04:00:00,1
437,555.11,2026-01-24 05:00:00,1
396,102.83,2026-01-24 06:00:00,0
425,832.29,2026-01-24 07:00:00,1
268,554.98,2026-01-24 08:00:00,1
21,476.73,2026-01-24 09:00:00,1
246,558.01,2026-01-24 10:00:00,1
90,436.2,2026-01-24 11:00:00,0
444,321.85,2026-01-24 12:00:00,0
118,383.72,2026-01-24 13:00:00,0
114,93.52,2026-01-24 14:00:00,0
124,1194.99,2026-01-24 15:00:00,1
321,317.66,2026-01-24 16:00:00,1
285,1181.6,2026-01-24 17:00:00,1
474,388.6,2026-01-24 18:00:00,0
208,211.11,2026-01-24 19:00:00,0
141,816.26,2026-01-24 20:00:00,0
24,462.95,2026-01-24 21:00:00,1
3,1480.08,2026-01-24 22:00:00,0
186,206.54,2026-01-24 23:00:00,1
462,839.35,2026-01-25 00:00:00,1
261,869.37,2026-01-25 01:00:00,0
446,587.79,2026-01-25 02:00:00,1
50,874.23,2026-01-25 03:00:00,1
46,323.39,2026-01-25 04:00:00,1
416,172.18,2026-01-25 05:00:00,0
53,227.42,2026-01-25 06:00:00,0
25,368.81,2026-01-25 07:00:00,0
202,609.02,2026-01-25 08:00:00,1
462,183.06,2026-01-25 09:00:00,1
344,269.36,2026-01-25 10:00:00,0
49,196.13,2026-01-25 11:00:00,0
418,685.45,2026-01-25 12:00:00,1
421,1175.48,2026-01-25 13:00:00,1
400,146.84,2026-01-25 14:00:00,1
451,524.17,2026-01-25 15:00:00,1
119,744.93,2026-01-25 16:00:00,1
489,301.54,2026-01-25 17:00:00,1
160,98.79,2026-01-25 18:00:00,1
401,811.14,2026-01-25 19:00:00,0
289,92.58,2026-01-25 20:00:00,0
389,974.42,2026-01-25 21:00:00,0
313,192.56,2026-01-25 22:00:00,1
321,78.89,2026-01-25 23:00:00,0
308,241.8,2026-01-26 00:00:00,1
389,346.85,2026-01-26 01:00:00,1
369,404.1,2026-01-26 02:00:00,0
67,555.61,2026-01-26 03:00:00,0
413,431.48,2026-01-26 04:00:00,0
268,1112.81,2026-01-26 05:00:00,1
161,334.45,2026-01-26 06:00:00,0
257,448.41,2026-01-26 07:00:00,0
483,421.38,2026-01-26 08:00:00,0
428,69.0,2026-01-26 09:00:00,0
416,122.27,2026-01-26 10:00:00,1
231,369.94,2026-01-26 11:00:00,1
392,488.66,2026-01-26 12:00:00,0
192,41.92,2026-01-26 13:00:00,1
343,1146.65,2026-01-26 14:00:00,1
319,517.23,2026-01-26 15:00:00,0
124,354.33,2026-01-26 16:00:00,0
133,500.36,2026-01-26 17:00:00,1
30,230.47,2026-01-26 18:00:00,1
69,407.36,2026-01-26 19:00:00,0
216,456.34,2026-01-26 20:00:00,0
238,817.6,2026-01-26 21:00:00,1
82,311.71,2026-01-26 22:00:00,1
208,95.22,2026-01-26 23:00:00,0
302,168.17,2026-01-27 00:00:00,0
116,292.37,2026-01-27 01:00:00,1
169,106.32,2026-01-27 02:00:00,0
183,152.06,2026-01-27 03:00:00,0
252,169.58,2026-01-27 04:00:00,1
183,276.92,2026-01-27 05:00:00,0
368,512.44,2026-01-27 06:00:00,1
163,266.53,2026-01-27 07:00:00,1
216,537.34,2026-01-27 08:00:00,0
189,354.58,2026-01-27 09:00:00,0
91,156.83,2026-01-27 10:00:00,1
342,461.92,2026-01-27 11:00:00,0
117,411.24,2026-01-27 12:00:00,1
148,547.42,2026-01-27 13:00:00,0
396,628.31,2026-01-27 14:00:00,1
474,835.01,2026-01-27 15:00:00,0
335,524.72,2026-01-27 16:00:00,0
458,401.26,2026-01-27 17:00:00,1
427,549.19,2026-01-27 18:00:00,0
240,245.62,2026-01-27 19:00:00,0
385,230.89,2026-01-27 20:00:00,1
164,912.27,2026-01-27 21:00:00,1
230,225.3,2026-01-27 22:00:00,0
267,173.49,2026-01-27 23:00:00,1
480,524.52,2026-01-28 00:00:00,0
424,247.34,2026-01-28 01:00:00,0
244,623.9,2026-01-28 02:00:00,0
326,793.96,2026-01-28 03:00:00,1
101,195.36,2026-01-28 04:00:00,1
402,569.77,2026-01-28 05:00:00,0
276,220.83,2026-01-28 06:00:00,1
266,297.32,2026-01-28 07:00:00,0
383,446.71,2026-01-28 08:00:00,0
316,231.31,2026-01-28 09:00:00,0
36,417.86,2026-01-28 10:00:00,1
144,316.82,2026-01-28 11:00:00,0
88,633.63,2026-01-28 12:00:00,1
367,634.76,2026-01-28 13:00:00,0
17,232.25,2026-01-28 14:00:00,1
101,454.08,2026-01-28 15:00:00,0
298,701.61,2026-01-28 16:00:00,0
347,149.8,2026-01-28 17:00:00,1
251,315.29,2026-01-28 18:00:00,1
430,439.87,2026-01-28 19:00:00,1
459,143.99,2026-01-28 20:00:00,0
66,255.31,2026-01-28 21:00:00,1
476,1037.19,2026-01-28 22:00:00,0
307,224.74,2026-01-28 23:00:00,1
318,245.63,2026-01-29 00:00:00,1
47,520.44,2026-01-29 01:00:00,1
310,128.34,2026-01-29 02:00:00,1
362,320.61,2026-01-29 03:00:00,0
290,174.97,2026-01-29 04:00:00,0
42,417.28,2026-01-29 05:00:00,1
261,11.15,2026-01-29 06:00:00,0
467,376.12,2026-01-29 07:00:00,0
361,448.71,2026-01-29 08:00:00,1
68,260.65,2026-01-29 09:00:00,1
479,273.88,2026-01-29 10:00:00,1
479,235.44,2026-01-29 11:00:00,1
84,317.38,2026-01-29 12:00:00,1
400,920.32,2026-01-29 13:00:00,0
203,647.24,2026-01-29 14:00:00,1
296,317.14,2026-01-29 15:00:00,1
222,255.39,2026-01-29 16:00:00,1
391,606.12,2026-01-29 17:00:00,1
498,397.85,2026-01-29 18:00:00,0
397,140.73,2026-01-29 19:00:00,1
465,289.49,2026-01-29 20:00:00,1
473,856.19,2026-01-29 21:00:00,0
45,506.01,2026-01-29 22:00:00,1
126,257.64,2026-01-29 23:00:00,1
360,88.61,2026-01-30 00:00:00,0
295,415.76,2026-01-30 01:00:00,1
25,356.03,2026-01-30 02:00:00,0
47,309.65,2026-01-30 03:00:00,0
260,610.8,2026-01-30 04:00:00,1
308,510.44,2026-01-30 05:00:00,1
83,91.73,2026-01-30 06:00:00,0
85,357.53,2026-01-30 07:00:00,0
64,115.95,2026-01-30 08:00:00,1
282,238.66,2026-01-30 09:00:00,1
3,107.79,2026-01-30 10:00:00,0
286,111.59,2026-01-30 11:00:00,0
237,453.13,2026-01-30 12:00:00,0
232,421.47,2026-01-30 13:00:00,0
339,337.88,2026-01-30 14:00:00,0
261,222.12,2026-01-30 15:00:00,0
363,100.18,2026-01-30 16:00:00,1
381,239.57,2026-01-30 17:00:00,1
460,422.84,2026-01-30 18:00:00,0
399,415.86,2026-01-30 19:00:00,1
258,844.39,2026-01-30 20:00:00,1
246,765.05,2026-01-30 21:00:00,0
117,348.04,2026-01-30 22:00:00,1
299,237.54,2026-01-30 23:00:00,0
69,178.85,2026-01-31 00:00:00,1
465,85.36,2026-01-31 01:00:00,1
422,128.21,2026-01-31 02:00:00,1
59,423.29,2026-01-31 03:00:00,0
392,535.33,2026-01-31 04:00:00,1
58,277.16,2026-01-31 05:00:00,0
360,1447.93,2026-01-31 06:00:00,0
43,129.38,2026-01-31 07:00:00,1
244,76.99,2026-01-31 08:00:00,0
328,1431.59,2026-01-31 09:00:00,0
364,95.43,2026-01-31 10:00:00,1
209,274.19,2026-01-31 11:00:00,1
460,191.86,2026-01-31 12:00:00,0
387,446.13,2026-01-31 13:00:00,0
104,258.19,2026-01-31 14:00:00,0
335,536.5,2026-01-31 15:00:00,1
365,619.34,2026-01-31 16:00:00,0
166,84.51,2026-01-31 17:00:00,1
369,173.84,2026-01-31 18:00:00,0
449,568.84,2026-01-31 19:00:00,0
408,705.31,2026-01-31 20:00:00,0
381,390.16,2026-01-31 21:00:00,1
317,469.92,2026-01-31 22:00:00,0
135,880.32,2026-01-31 23:00:00,1
397,260.77,2026-02-01 00:00:00,0
182,387.04,2026-02-01 01:00:00,1
266,765.62,2026-02-01 02:00:00,0
157,797.92,2026-02-01 03:00:00,0
156,319.22,2026-02-01 04:00:00,0
78,178.65,2026-02-01 05:00:00,0
480,316.53,2026-02-01 06:00:00,0
73,340.08,2026-02-01 07:00:00,1
43,173.11,2026-02-01 08:00:00,1
468,195.88,2026-02-01 09:00:00,0
277,798.66,2026-02-01 10:00:00,0
218,485.43,2026-02-01 11:00:00,0
368,275.25,2026-02-01 12:00:00,1
191,136.81,2026-02-01 13:00:00,0
63,197.86,2026-02-01 14:00:00,0
364,70.66,2026-02-01 15:00:00,1
87,397.65,2026-02-01 16:00:00,0
276,188.83,2026-02-01 17:00:00,0
474,420.77,2026-02-01 18:00:00,0
468,564.82,2026-02-01 19:00:00,0
180,425.22,2026-02-01 20:00:00,0
390,249.28,2026-02-01 21:00:00,1
306,165.54,2026-02-01 22:00:00,1
239,119.2,2026-02-01 23:00:00,0
69,747.59,2026-02-02 00:00:00,1
188,412.0,2026-02-02 01:00:00,0
325,260.64,2026-02-02 02:00:00,0
493,514.15,2026-02-02 03:00:00,0
2,668.71,2026-02-02 04:00:00,1
358,192.17,2026-02-02 05:00:00,0
423,403.08,2026-02-02 06:00:00,1
475,409.0,2026-02-02 07:00:00,1
211,855.56,2026-02-02 08:00:00,0
59,257.78,2026-02-02 09:00:00,0
135,160.4,2026-02-02 10:00:00,0
425,435.69,2026-02-02 11:00:00,1
438,544.02,2026-02-02 12:00:00,0
318,379.45,2026-02-02 13:00:00,0
61,894.34,2026-02-02 14:00:00,1
60,257.14,2026-02-02 15:00:00,0
239,386.37,2026-02-02 16:00:00,0
294,91.43,2026-02-02 17:00:00,0
16,152.7,2026-02-02 18:00:00,0
343,193.2,2026-02-02 19:00:00,1
272,291.59,2026-02-02 20:00:00,1
6,106.62,2026-02-02 21:00:00,0
47,509.12,2026-02-02 22:00:00,0
227,179.07,2026-02-02 23:00:00,0
361,1284.4,2026-02-03 00:00:00,1
412,184.48,2026-02-03 01:00:00,1
215,357.7,2026-02-03 02:00:00,1
147,325.3,2026-02-03 03:00:00,0
484,141.44,2026-02-03 04:00:00,0
229,292.46,2026-02-03 05:00:00,1
157,289.69,2026-02-03 06:00:00,0
221,619.75,2026-02-03 07:00:00,0
6,447.36,2026-02-03 08:00:00,1
150,503.94,2026-02-03 09:00:00,0
257,610.59,2026-02-03 10:00:00,0
459,509.62,2026-02-03 11:00:00,1
369,400.66,2026-02-03 12:00:00,0
390,191.72,2026-02-03 13:00:00,0
272,382.41,2026-02-03 14:00:00,1
55,162.62,2026-02-03 15:00:00,0
195,309.65,2026-02-03 16:00:00,1
498,279.79,2026-02-03 17:00:00,0
22,293.64,2026-02-03 18:00:00,1
439,107.65,2026-02-03 19:00:00,0
342,11.5,2026-02-03 20:00:00,1
141,241.26,2026-02-03 21:00:00,1
388,708.93,2026-02-03 22:00:00,1
418,353.84,2026-02-03 23:00:00,0
21,674.7,2026-02-04 00:00:00,0
53,163.55,2026-02-04 01:00:00,1
332,231.88,2026-02-04 02:00:00,1
499,1334.34,2026-02-04 03:00:00,0
11,172.2,2026-02-04 04:00:00,0
332,497.12,2026-02-04 05:00:00,0
68,496.58,2026-02-04 06:00:00,1
325,459.15,2026-02-04 07:00:00,0
311,501.51,2026-02-04 08:00:00,1
45,170.08,2026-02-04 09:00:00,1
340,250.53,2026-02-04 10:00:00,1
448,17.65,2026-02-04 11:00:00,1
431,874.56,2026-02-04 12:00:00,0
14,499.42,2026-02-04 13:00:00,1
122,193.39,2026-02-04 14:00:00,0
120,165.1,2026-02-04 15:00:00,0
226,717.19,2026-02-04 16:00:00,0
71,182.19,2026-02-04 17:00:00,0
427,192.88,2026-02-04 18:00:00,1
388,136.07,2026-02-04 19:00:00,1
404,565.74,2026-02-04 20:00:00,0
99,668.06,2026-02-04 21:00:00,0
7,281.11,2026-02-04 22:00:00,1
455,670.98,2026-02-04 23:00:00,1
144,432.05,2026-02-05 00:00:00,1
328,128.7,2026-02-05 01:00:00,0
454,833.05,2026-02-05 02:00:00,1
18,134.77,2026-02-05 03:00:00,0
2,297.01,2026-02-05 04:00:00,0
2,281.74,2026-02-05 05:00:00,0
78,244.4,2026-02-05 06:00:00,1
25,48.14,2026-02-05 07:00:00,0
409,1159.0,2026-02-05 08:00:00,1
302,56.21,2026-02-05 09:00:00,1
490,867.59,2026-02-05 10:00:00,0
400,160.27,2026-02-05 11:00:00,1
481,208.7,2026-02-05 12:00:00,1
119,811.99,2026-02-05 13:00:00,1
143,465.48,2026-02-05 14:00:00,0
424,94.59,2026-02-05 15:00:00,1
122,92.64,2026-02-05 16:00:00,1
28,418.19,2026-02-05 17:00:00,0
334,132.65,2026-02-05 18:00:00,1
400,481.02,2026-02-05 19:00:00,0
484,515.93,2026-02-05 20:00:00,1
463,175.4,2026-02-05 21:00:00,0
60,218.06,2026-02-05 22:00:00,0
386,428.02,2026-02-05 23:00:00,1
423,168.84,2026-02-06 00:00:00,0
349,354.21,2026-02-06 01:00:00,0
409,1386.62,2026-02-06 02:00:00,1
418,442.74,2026-02-06 03:00:00,1
223,247.14,2026-02-06 04:00:00,1
20,1236.05,2026-02-06 05:00:00,1
228,593.78,2026-02-06 06:00:00,0
100,135.59,2026-02-06 07:00:00,1
56,159.59,2026-02-06 08:00:00,1
62,63.94,2026-02-06 09:00:00,1
348,422.45,2026-02-06 10:00:00,1
252,38.36,2026-02-06 11:00:00,1
269,1235.06,2026-02-06 12:00:00,1
372,271.21,2026-02-06 13:00:00,1
274,619.09,2026-02-06 14:00:00,0
315,252.27,2026-02-06 15:00:00,1
43,417.13,2026-02-06 16:00:00,0
425,300.14,2026-02-06 17:00:00,0
224,346.68,2026-02-06 18:00:00,1
77,753.31,2026-02-06 19:00:00,1
406,1003.38,2026-02-06 20:00:00,0
367,952.51,2026-02-06 21:00:00,0
26,2092.03,2026-02-06 22:00:00,1
96,185.15,2026-02-06 23:00:00,1
7,446.78,2026-02-07 00:00:00,1
135,188.83,2026-02-07 01:00:00,1
49,732.58,2026-02-07 02:00:00,0
354,141.68,2026-02-07 03:00:00,0
261,762.15,2026-02-07 04:00:00,0
490,388.93,2026-02-07 05:00:00,1
374,313.41,2026-02-07 06:00:00,1
305,341.44,2026-02-07 07:00:00,0
254,119.56,2026-02-07 08:00:00,1
27,129.28,2026-02-07 09:00:00,1
35,394.04,2026-02-07 10:00:00,1
308,392.08,2026-02-07 11:00:00,1
2,196.18,2026-02-07 12:00:00,0
21,268.88,2026-02-07 13:00:00,1
109,474.04,2026-02-07 14:00:00,0
442,168.05,2026-02-07 15:00:00,1
229,55.88,2026-02-07 16:00:00,1
354,895.54,2026-02-07 17:00:00,0
205,414.5,2026-02-07 18:00:00,1
86,226.75,2026-02-07 19:00:00,0
185,188.34,2026-02-07 20:00:00,0
45,166.61,2026-02-07 21:00:00,1
385,730.62,2026-02-07 22:00:00,0
91,101.05,2026-02-07 23:00:00,0
188,445.95,2026-02-08 00:00:00,0
490,445.68,2026-02-08 01:00:00,0
295,572.88,2026-02-08 02:00:00,1
229,244.89,2026-02-08 03:00:00,0
271,845.27,2026-02-08 04:00:00,0
392,584.69,2026-02-08 05:00:00,0
127,238.21,2026-02-08 06:00:00,1
318,180.85,2026-02-08 07:00:00,1
436,300.79,2026-02-08 08:00:00,0
286,231.77,2026-02-08 09:00:00,0
223,156.05,2026-02-08 10:00:00,1
72,353.02,2026-02-08 11:00:00,0
124,270.29,2026-02-08 12:00:00,1
473,981.18,2026-02-08 13:00:00,1
270,231.46,2026-02-08 14:00:00,0
150,179.44,2026-02-08 15:00:00,1
209,335.99,2026-02-08 16:00:00,0
289,404.96,2026-02-08 17:00:00,0
268,427.91,2026-02-08 18:00:00,1
349,424.88,2026-02-08 19:00:00,1
128,344.68,2026-02-08 20:00:00,1
324,325.98,2026-02-08 21:00:00,0
221,518.0,2026-02-08 22:00:00,0
470,143.63,2026-02-08 23:00:00,1
78,180.56,2026-02-09 00:00:00,1
74,77.09,2026-02-09 01:00:00,0
230,145.77,2026-02-09 02:00:00,1
254,682.53,2026-02-09 03:00:00,0
345,502.69,2026-02-09 04:00:00,0
202,1068.13,2026-02-09 05:00:00,0
456,904.26,2026-02-09 06:00:00,1
237,505.73,2026-02-09 07:00:00,1
64,374.03,2026-02-09 08:00:00,0
59,340.89,2026-02-09 09:00:00,0
486,35.42,2026-02-09 10:00:00,0
67,312.83,2026-02-09 11:00:00,0
473,208.58,2026-02-09 12:00:00,0
139,151.72,2026-02-09 13:00:00,1
46,449.89,2026-02-09 14:00:00,0
152,284.4,2026-02-09 15:00:00,0
307,356.83,2026-02-09 16:00:00,1
213,132.23,2026-02-09 17:00:00,1
392,602.17,2026-02-09 18:00:00,0
305,230.55,2026-02-09 19:00:00,0
200,432.87,2026-02-09 20:00:00,1
317,246.7,2026-02-09 21:00:00,0
485,27.53,2026-02-09 22:00:00,1
205,463.0,2026-02-09 23:00:00,0
76,299.14,2026-02-10 00:00:00,1
204,71.49,2026-02-10 01:00:00,0
420,117.6,2026-02-10 02:00:00,1
108,614.4,2026-02-10 03:00:00,0
474,75.34,2026-02-10 04:00:00,0
294,225.62,2026-02-10 05:00:00,1
300,1129.81,2026-02-10 06:00:00,1
158,471.57,2026-02-10 07:00:00,1
460,556.76,2026-02-10 08:00:00,1
18,265.4,2026-02-10 09:00:00,0
149,64.83,2026-02-10 10:00:00,0
209,382.68,2026-02-10 11:00:00,0
238,125.63,2026-02-10 12:00:00,1
237,114.33,2026-02-10 13:00:00,1
73,350.66,2026-02-10 14:00:00,1
112,134.07,2026-02-10 15:00:00,0
47,320.97,2026-02-10 16:00:00,1
286,185.8,2026-02-10 17:00:00,1
175,312.53,2026-02-10 18:00:00,1
282,213.74,2026-02-10 19:00:00,1
294,319.21,2026-02-10 20:00:00,1
351,854.86,2026-02-10 21:00:00,0
273,565.59,2026-02-10 22:00:00,0
323,292.56,2026-02-10 23:00:00,1
293,765.15,2026-02-11 00:00:00,1
326,437.37,2026-02-11 01:00:00,1
308,729.91,2026-02-11 02:00:00,1
158,84.51,2026-02-11 03:00:00,1
123,135.51,2026-02-11 04:00:00,1
393,379.37,2026-02-11 05:00:00,1
171,286.94,2026-02-11 06:00:00,0
274,319.8,2026-02-11 07:00:00,0
98,489.37,2026-02-11 08:00:00,0
215,382.19,2026-02-11 09:00:00,1
264,603.68,2026-02-11 10:00:00,0
313,592.32,2026-02-11 11:00:00,0
263,141.47,2026-02-11 12:00:00,0
180,28.93,2026-02-11 13:00:00,0
480,133.2,2026-02-11 14:00:00,0
256,125.31,2026-02-11 15:00:00,1
404,338.35,2026-02-11 16:00:00,0
368,335.08,2026-02-11 17:00:00,0
279,273.56,2026-02-11 18:00:00,0
443,449.58,2026-02-11 19:00:00,1
64,1463.72,2026-02-11 20:00:00,1
460,268.86,2026-02-11 21:00:00,1
425,391.16,2026-02-11 22:00:00,0
251,319.74,2026-02-11 23:00:00,1
366,198.06,2026-02-12 00:00:00,0
260,492.6,2026-02-12 01:00:00,1
134,258.45,2026-02-12 02:00:00,1
399,163.75,2026-02-12 03:00:00,1
122,174.73,2026-02-12 04:00:00,1
157,618.74,2026-02-12 05:00:00,1
259,483.97,2026-02-12 06:00:00,1
418,216.94,2026-02-12 07:00:00,1
191,444.29,2026-02-12 08:00:00,1
247,322.63,2026-02-12 09:00:00,1
20,396.14,2026-02-12 10:00:00,0
57,193.71,2026-02-12 11:00:00,1
27,129.02,2026-02-12 12:00:00,0
36,257.3,2026-02-12 13:00:00,0
434,150.24,2026-02-12 14:00:00,0
420,140.4,2026-02-12 15:00:00,0
410,89.65,2026-02-12 16:00:00,1
27,29.23,2026-02-12 17:00:00,0
38,220.14,2026-02-12 18:00:00,1
140,699.55,2026-02-12 19:00:00,0
282,584.35,2026-02-12 20:00:00,0
167,941.43,2026-02-12 21:00:00,0
243,134.92,2026-02-12 22:00:00,1
86,515.4,2026-02-12 23:00:00,1
365,291.49,2026-02-13 00:00:00,0
156,174.98,2026-02-13 01:00:00,1
33,645.56,2026-02-13 02:00:00,1
371,293.8,2026-02-13 03:00:00,1
451,55.77,2026-02-13 04:00:00,0
7,580.0,2026-02-13 05:00:00,1
218,422.48,2026-02-13 06:00:00,1
413,353.06,2026-02-13 07:00:00,1
353,111.15,2026-02-13 08:00:00,0
428,384.47,2026-02-13 09:00:00,1
207,856.38,2026-02-13 10:00:00,0
186,414.0,2026-02-13 11:00:00,1
354,76.78,2026-02-13 12:00:00,1
76,437.15,2026-02-13 13:00:00,0
119,417.16,2026-02-13 14:00:00,0
300,545.32,2026-02-13 15:00:00,1
334,408.71,2026-02-13 16:00:00,1
59,140.84,2026-02-13 17:00:00,0
254,338.84,2026-02-13 18:00:00,1
182,260.88,2026-02-13 19:00:00,0
250,369.88,2026-02-13 20:00:00,1
479,661.88,2026-02-13 21:00:00,0
38,185.3,2026-02-13 22:00:00,1
497,1037.08,2026-02-13 23:00:00,1
224,435.1,2026-02-14 00:00:00,0
386,582.31,2026-02-14 01:00:00,1
212,528.85,2026-02-14 02:00:00,0
155,422.51,2026-02-14 03:00:00,0
385,480.21,2026-02-14 04:00:00,1
343,2.94,2026-02-14 05:00:00,1
72,528.15,2026-02-14 06:00:00,0
352,151.03,2026-02-14 07:00:00,0
376,307.54,2026-02-14 08:00:00,0
193,420.37,2026-02-14 09:00:00,0
462,682.29,2026-02-14 10:00:00,1
320,151.07,2026-02-14 11:00:00,0
166,224.69,2026-02-14 12:00:00,1
5,250.22,2026-02-14 13:00:00,0
337,373.23,2026-02-14 14:00:00,0
104,262.77,2026-02-14 15:00:00,1
378,481.76,2026-02-14 16:00:00,1
262,58.33,2026-02-14 17:00:00,0
233,289.0,2026-02-14 18:00:00,0
81,913.0,2026-02-14 19:00:00,0
355,263.33,2026-02-14 20:00:00,1
82,436.29,2026-02-14 21:00:00,0
208,611.7,2026-02-14 22:00:00,0
418,426.1,2026-02-14 23:00:00,1
460,1098.47,2026-02-15 00:00:00,1
494,344.86,2026-02-15 01:00:00,1
479,498.96,2026-02-15 02:00:00,0
277,384.73,2026-02-15 03:00:00,1
100,792.91,2026-02-15 04:00:00,0
419,233.75,2026-02-15 05:00:00,1
400,1156.96,2026-02-15 06:00:00,0
495,189.25,2026-02-15 07:00:00,1
325,971.32,2026-02-15 08:00:00,0
70,135.67,2026-02-15 09:00:00,0
251,510.36,2026-02-15 10:00:00,1
224,322.63,2026-02-15 11:00:00,0
421,603.01,2026-02-15 12:00:00,1
196,444.06,2026-02-15 13:00:00,1
164,580.66,2026-02-15 14:00:00,1
40,131.38,2026-02-15 15:00:00,0
417,70.53,2026-02-15 16:00:00,1
377,112.33,2026-02-15 17:00:00,0
20,109.65,2026-02-15 18:00:00,0
216,129.92,2026-02-15 19:00:00,0
239,200.17,2026-02-15 20:00:00,0
234,198.69,2026-02-15 21:00:00,0
459,328.46,2026-02-15 22:00:00,0
75,160.82,2026-02-15 23:00:00,0
153,172.24,2026-02-16 00:00:00,0
90,275.98,2026-02-16 01:00:00,0
122,660.63,2026-02-16 02:00:00,1
453,230.51,2026-02-16 03:00:00,0
470,312.16,2026-02-16 04:00:00,1
22,351.87,2026-02-16 05:00:00,1
316,144.04,2026-02-16 06:00:00,0
116,249.05,2026-02-16 07:00:00,1
96,184.22,2026-02-16 08:00:00,0
146,618.3,2026-02-16 09:00:00,0
97,583.71,2026-02-16 10:00:00,1
245,168.62,2026-02-16 11:00:00,0
497,307.6,2026-02-16 12:00:00,0
293,499.24,2026-02-16 13:00:00,0
361,409.64,2026-02-16 14:00:00,0
246,442.03,2026-02-16 15:00:00,0
6,144.83,2026-02-16 16:00:00,1
42,947.92,2026-02-16 17:00:00,0
134,196.92,2026-02-16 18:00:00,1
121,192.25,2026-02-16 19:00:00,0
420,99.67,2026-02-16 20:00:00,1
421,285.48,2026-02-16 21:00:00,1
427,708.71,2026-02-16 22:00:00,1
318,406.64,2026-02-16 23:00:00,1
278,303.05,2026-02-17 00:00:00,0
324,554.56,2026-02-17 01:00:00,1
203,696.81,2026-02-17 02:00:00,0
335,582.81,2026-02-17 03:00:00,1
397,50.19,2026-02-17 04:00:00,1
381,557.87,2026-02-17 05:00:00,1
306,454.66,2026-02-17 06:00:00,0
29,165.41,2026-02-17 07:00:00,1
362,456.01,2026-02-17 08:00:00,1
183,709.68,2026-02-17 09:00:00,1
371,204.23,2026-02-17 10:00:00,1
269,611.66,2026-02-17 11:00:00,1
440,413.18,2026-02-17 12:00:00,1
169,8.22,2026-02-17 13:00:00,1
465,320.38,2026-02-17 14:00:00,0
422,401.29,2026-02-17 15:00:00,1
165,257.01,2026-02-17 16:00:00,0
241,424.44,2026-02-17 17:00:00,1
265,294.64,2026-02-17 18:00:00,0
384,1311.88,2026-02-17 19:00:00,0
344,242.78,2026-02-17 20:00:00,0
426,169.59,2026-02-17 21:00:00,0
184,590.49,2026-02-17 22:00:00,0
252,268.22,2026-02-17 23:00:00,0
215,307.0,2026-02-18 00:00:00,0
454,287.11,2026-02-18 01:00:00,0
152,568.09,2026-02-18 02:00:00,1
293,128.99,2026-02-18 03:00:00,0
60,610.81,2026-02-18 04:00:00,1
425,481.55,2026-02-18 05:00:00,0
192,1039.24,2026-02-18 06:00:00,0
170,378.68,2026-02-18 07:00:00,0
291,137.92,2026-02-18 08:00:00,0
249,381.77,2026-02-18 09:00:00,1
423,417.29,2026-02-18 10:00:00,1
265,751.6,2026-02-18 11:00:00,0
258,137.6,2026-02-18 12:00:00,1
52,76.85,2026-02-18 13:00:00,0
10,387.69,2026-02-18 14:00:00,1
199,1069.09,2026-02-18 15:00:00,0
499,532.3,2026-02-18 16:00:00,0
458,554.13,2026-02-18 17:00:00,0
314,97.06,2026-02-18 18:00:00,0
315,341.55,2026-02-18 19:00:00,1
195,761.24,2026-02-18 20:00:00,1
88,420.91,2026-02-18 21:00:00,1
4,71.3,2026-02-18 22:00:00,1
169,336.42,2026-02-18 23:00:00,0
158,506.39,2026-02-19 00:00:00,1
95,309.1,2026-02-19 01:00:00,1
129,153.72,2026-02-19 02:00:00,1
12,603.02,2026-02-19 03:00:00,0
303,234.98,2026-02-19 04:00:00,1
463,450.38,2026-02-19 05:00:00,1
345,329.65,2026-02-19 06:00:00,0
224,227.72,2026-02-19 07:00:00,1
210,1148.68,2026-02-19 08:00:00,1
153,207.05,2026-02-19 09:00:00,1
71,350.98,2026-02-19 10:00:00,1
299,328.85,2026-02-19 11:00:00,0
283,380.54,2026-02-19 12:00:00,1
3,1093.0,2026-02-19 13:00:00,1
207,506.85,2026-02-19 14:00:00,0
139,225.91,2026-02-19 15:00:00,1
85,875.04,2026-02-19 16:00:00,0
351,569.88,2026-02-19 17:00:00,1
262,229.59,2026-02-19 18:00:00,0
316,786.85,2026-02-19 19:00:00,0
356,95.96,2026-02-19 20:00:00,0
490,124.01,2026-02-19 21:00:00,0
401,66.1,2026-02-19 22:00:00,1
310,36.82,2026-02-19 23:00:00,0
439,749.27,2026-02-20 00:00:00,1
238,384.12,2026-02-20 01:00:00,0
492,73.23,2026-02-20 02:00:00,0
380,322.3,2026-02-20 03:00:00,1
325,624.82,2026-02-20 04:00:00,0
451,176.86,2026-02-20 05:00:00,0
257,257.06,2026-02-20 06:00:00,1
360,1184.48,2026-02-20 07:00:00,0
142,276.34,2026-02-20 08:00:00,1
481,80.02,2026-02-20 09:00:00,1
311,214.55,2026-02-20 10:00:00,1
391,67.74,2026-02-20 11:00:00,0
230,536.66,2026-02-20 12:00:00,0
433,155.32,2026-02-20 13:00:00,1
37,150.86,2026-02-20 14:00:00,1
57,1255.82,2026-02-20 15:00:00,1
253,111.12,2026-02-20 16:00:00,0
366,91.95,2026-02-20 17:00:00,1
404,130.3,2026-02-20 18:00:00,1
220,638.5,2026-02-20 19:00:00,1
324,487.43,2026-02-20 20:00:00,1
276,212.19,2026-02-20 21:00:00,0
480,196.0,2026-02-20 22:00:00,0
327,460.77,2026-02-20 23:00:00,0
208,395.17,2026-02-21 00:00:00,1
484,290.9,2026-02-21 01:00:00,1
53,499.63,2026-02-21 02:00:00,0
492,122.06,2026-02-21 03:00:00,0
77,157.75,2026-02-21 04:00:00,0
144,518.55,2026-02-21 05:00:00,0
410,419.4,2026-02-21 06:00:00,0
366,340.03,2026-02-21 07:00:00,1
485,1226.52,2026-02-21 08:00:00,1
374,579.9,2026-02-21 09:00:00,0
318,217.65,2026-02-21 10:00:00,0
173,170.53,2026-02-21 11:00:00,0
2,434.24,2026-02-21 12:00:00,0
61,747.68,2026-02-21 13:00:00,0
148,56.54,2026-02-21 14:00:00,0
20,411.34,2026-02-21 15:00:00,0
254,253.57,2026-02-21 16:00:00,0
388,384.03,2026-02-21 17:00:00,1
481,85.19,2026-02-21 18:00:00,0
244,747.31,2026-02-21 19:00:00,0
437,887.86,2026-02-21 20:00:00,0
492,542.84,2026-02-21 21:00:00,0
429,1010.02,2026-02-21 22:00:00,1
232,243.31,2026-02-21 23:00:00,0
162,404.13,2026-02-22 00:00:00,0
488,548.59,2026-02-22 01:00:00,1
120,438.47,2026-02-22 02:00:00,0
205,269.62,2026-02-22 03:00:00,0
37,293.41,2026-02-22 04:00:00,0
396,834.09,2026-02-22 05:00:00,0
324,326.84,2026-02-22 06:00:00,1
42,718.49,2026-02-22 07:00:00,1
110,313.74,2026-02-22 08:00:00,0
277,715.54,2026-02-22 09:00:00,0
270,354.44,2026-02-22 10:00:00,0
401,516.56,2026-02-22 11:00:00,1
133,189.72,2026-02-22 12:00:00,1
462,403.47,2026-02-22 13:00:00,0
222,192.17,2026-02-22 14:00:00,1
411,238.39,2026-02-22 15:00:00,0
119,254.63,2026-02-22 16:00:00,1
18,289.43,2026-02-22 17:00:00,0
27,659.48,2026-02-22 18:00:00,0
186,230.85,2026-02-22 19:00:00,1
476,373.08,2026-02-22 20:00:00,1
24,717.11,2026-02-22 21:00:00,0
184,508.88,2026-02-22 22:00:00,1
54,57.94,2026-02-22 23:00:00,0
465,82.76,2026-02-23 00:00:00,0
337,444.5,2026-02-23 01:00:00,1
381,221.25,2026-02-23 02:00:00,1
356,70.97,2026-02-23 03:00:00,0
328,207.91,2026-02-23 04:00:00,1
386,456.74,2026-02-23 05:00:00,1
4,252.33,2026-02-23 06:00:00,0
432,346.34,2026-02-23 07:00:00,1
369,271.07,2026-02-23 08:00:00,0
369,183.87,2026-02-23 09:00:00,1
196,397.66,2026-02-23 10:00:00,0
400,62.9,2026-02-23 11:00:00,0
190,164.03,2026-02-23 12:00:00,0
24,578.36,2026-02-23 13:00:00,0
453,85.57,2026-02-23 14:00:00,0
117,333.17,2026-02-23 15:00:00,1
50,236.38,2026-02-23 16:00:00,0
310,218.14,2026-02-23 17:00:00,0
116,617.41,2026-02-23 18:00:00,0
429,702.91,2026-02-23 19:00:00,0
221,130.0,2026-02-23 20:00:00,0
2,291.31,2026-02-23 21:00:00,1
475,44.99,2026-02-23 22:00:00,0
257,593.27,2026-02-23 23:00:00,1
131,319.91,2026-02-24 00:00:00,1
338,79.49,2026-02-24 01:00:00,0
265,171.23,2026-02-24 02:00:00,1
14,119.18,2026-02-24 03:00:00,0
379,162.58,2026-02-24 04:00:00,1
200,50.51,2026-02-24 05:00:00,1
349,828.08,2026-02-24 06:00:00,1
447,134.74,2026-02-24 07:00:00,1
305,332.56,2026-02-24 08:00:00,0
335,453.71,2026-02-24 09:00:00,0
127,703.59,2026-02-24 10:00:00,1
118,341.45,2026-02-24 11:00:00,0
207,267.75,2026-02-24 12:00:00,1
426,352.5,2026-02-24 13:00:00,0
262,129.3,2026-02-24 14:00:00,0
174,139.45,2026-02-24 15:00:00,0
389,262.76,2026-02-24 16:00:00,1
426,30.96,2026-02-24 17:00:00,0
451,187.31,2026-02-24 18:00:00,0
149,224.49,2026-02-24 19:00:00,1
354,1111.86,2026-02-24 20:00:00,0
295,766.43,2026-02-24 21:00:00,0
224,452.51,2026-02-24 22:00:00,0
198,603.67,2026-02-24 23:00:00,0
57,138.34,2026-02-25 00:00:00,0
137,359.75,2026-02-25 01:00:00,1
274,552.41,2026-02-25 02:00:00,0
443,139.53,2026-02-25 03:00:00,0
433,83.02,2026-02-25 04:00:00,0
93,418.35,2026-02-25 05:00:00,0
339,93.22,2026-02-25 06:00:00,0
42,482.87,2026-02-25 07:00:00,1
337,695.36,2026-02-25 08:00:00,1
170,143.72,2026-02-25 09:00:00,0
224,154.18,2026-02-25 10:00:00,0
358,681.4,2026-02-25 11:00:00,1
212,342.86,2026-02-25 12:00:00,0
403,619.99,2026-02-25 13:00:00,0
266,270.59,2026-02-25 14:00:00,0
499,287.11,2026-02-25 15:00:00,0
319,336.07,2026-02-25 16:00:00,1
148,964.8,2026-02-25 17:00:00,1
387,586.74,2026-02-25 18:00:00,0
203,181.94,2026-02-25 19:00:00,0
267,379.53,2026-02-25 20:00:00,0
68,255.6,2026-02-25 21:00:00,1
59,218.14,2026-02-25 22:00:00,0
287,473.21,2026-02-25 23:00:00,0
93,406.08,2026-02-26 00:00:00,1
498,145.27,2026-02-26 01:00:00,1
427,336.72,2026-02-26 02:00:00,0
350,212.53,2026-02-26 03:00:00,0
367,451.9,2026-02-26 04:00:00,0
297,204.64,2026-02-26 05:00:00,1
30,288.5,2026-02-26 06:00:00,1
196,223.19,2026-02-26 07:00:00,1
247,60.36,2026-02-26 08:00:00,0
457,933.04,2026-02-26 09:00:00,0
109,333.89,2026-02-26 10:00:00,0
248,954.73,2026-02-26 11:00:00,0
172,345.52,2026-02-26 12:00:00,0
67,534.96,2026-02-26 13:00:00,0
51,192.58,2026-02-26 14:00:00,0
182,196.76,2026-02-26 15:00:00,1
41,319.77,2026-02-26 16:00:00,1
33,949.04,2026-02-26 17:00:00,0
175,149.99,2026-02-26 18:00:00,0
100,44.78,2026-02-26 19:00:00,1
277,670.63,2026-02-26 20:00:00,0
8,558.26,2026-02-26 21:00:00,0
150,233.78,2026-02-26 22:00:00,1
226,1198.15,2026-02-26 23:00:00,0
481,1232.31,2026-02-27 00:00:00,0
317,55.62,2026-02-27 01:00:00,1
440,188.71,2026-02-27 02:00:00,1
171,318.0,2026-02-27 03:00:00,0
224,443.04,2026-02-27 04:00:00,1
210,396.02,2026-02-27 05:00:00,0
443,332.93,2026-02-27 06:00:00,1
479,129.8,2026-02-27 07:00:00,1
481,483.58,2026-02-27 08:00:00,1
375,503.3,2026-02-27 09:00:00,1
251,638.5,2026-02-27 10:00:00,1
270,113.09,2026-02-27 11:00:00,0
490,279.78,2026-02-27 12:00:00,1
142,224.45,2026-02-27 13:00:00,0
173,111.04,2026-02-27 14:00:00,0
448,276.28,2026-02-27 15:00:00,0
193,135.99,2026-02-27 16:00:00,0
117,93.7,2026-02-27 17:00:00,1
280,563.31,2026-02-27 18:00:00,0
162,232.75,2026-02-27 19:00:00,0
445,180.88,2026-02-27 20:00:00,0
454,747.54,2026-02-27 21:00:00,1
153,514.03,2026-02-27 22:00:00,1
264,39.09,2026-02-27 23:00:00,1
491,445.16,2026-02-28 00:00:00,0
371,443.62,2026-02-28 01:00:00,1
107,267.18,2026-02-28 02:00:00,0
295,259.15,2026-02-28 03:00:00,0
309,68.59,2026-02-28 04:00:00,1
326,1189.12,2026-02-28 05:00:00,0
12,275.43,2026-02-28 06:00:00,1
149,427.79,2026-02-28 07:00:00,0
427,287.67,2026-02-28 08:00:00,1
120,183.51,2026-02-28 09:00:00,0
149,593.89,2026-02-28 10:00:00,1
161,370.95,2026-02-28 11:00:00,0
88,277.28,2026-02-28 12:00:00,1
77,424.45,2026-02-28 13:00:00,1
173,308.9,2026-02-28 14:00:00,0
437,998.23,2026-02-28 15:00:00,0
0,579.95,2026-02-28 16:00:00,1
141,475.6,2026-02-28 17:00:00,0
30,77.89,2026-02-28 18:00:00,0
280,487.49,2026-02-28 19:00:00,1
125,478.87,2026-02-28 20:00:00,0
395,138.26,2026-02-28 21:00:00,1
292,75.98,2026-02-28 22:00:00,1
391,563.47,2026-02-28 23:00:00,0
317,613.17,2026-03-01 00:00:00,0
219,197.63,2026-03-01 01:00:00,1
430,190.11,2026-03-01 02:00:00,1
238,366.2,2026-03-01 03:00:00,1
474,232.13,2026-03-01 04:00:00,1
497,74.19,2026-03-01 05:00:00,0
294,136.8,2026-03-01 06:00:00,0
337,416.48,2026-03-01 07:00:00,1
127,144.04,2026-03-01 08:00:00,1
407,634.64,2026-03-01 09:00:00,0
335,473.36,2026-03-01 10:00:00,0
451,428.73,2026-03-01 11:00:00,0
133,360.48,2026-03-01 12:00:00,1
393,176.39,2026-03-01 13:00:00,0
235,520.26,2026-03-01 14:00:00,0
92,172.03,2026-03-01 15:00:00,0
85,659.16,2026-03-01 16:00:00,1
281,896.04,2026-03-01 17:00:00,1
159,369.31,2026-03-01 18:00:00,1
50,817.98,2026-03-01 19:00:00,1
213,138.57,2026-03-01 20:00:00,1
326,477.17,2026-03-01 21:00:00,0
159,326.56,2026-03-01 22:00:00,1
477,570.23,2026-03-01 23:00:00,1
389,41.99,2026-03-02 00:00:00,1
256,546.8,2026-03-02 01:00:00,0
467,191.22,2026-03-02 02:00:00,0
216,338.97,2026-03-02 03:00:00,0
69,1175.76,2026-03-02 04:00:00,0
17,488.61,2026-03-02 05:00:00,1
469,443.77,2026-03-02 06:00:00,0
479,418.07,2026-03-02 07:00:00,0
369,706.71,2026-03-02 08:00:00,0
51,583.89,2026-03-02 09:00:00,1
146,421.45,2026-03-02 10:00:00,0
20,384.29,2026-03-02 11:00:00,0
25,365.63,2026-03-02 12:00:00,0
123,313.0,2026-03-02 13:00:00,1
286,111.26,2026-03-02 14:00:00,0
32,481.2,2026-03-02 15:00:00,0
492,207.73,2026-03-02 16:00:00,1
227,284.42,2026-03-02 17:00:00,0
131,611.46,2026-03-02 18:00:00,0
258,318.69,2026-03-02 19:00:00,1
395,299.96,2026-03-02 20:00:00,0
156,370.15,2026-03-02 21:00:00,1
23,256.5,2026-03-02 22:00:00,1
25,1159.18,2026-03-02 23:00:00,0
425,1055.7,2026-03-03 00:00:00,0
55,1037.56,2026-03-03 01:00:00,1
317,419.08,2026-03-03 02:00:00,0
192,196.77,2026-03-03 03:00:00,0
388,622.86,2026-03-03 04:00:00,1
30,258.08,2026-03-03 05:00:00,0
448,660.87,2026-03-03 06:00:00,0
349,189.04,2026-03-03 07:00:00,0
224,441.19,2026-03-03 08:00:00,1
103,725.42,2026-03-03 09:00:00,1
488,269.69,2026-03-03 10:00:00,1
151,268.92,2026-03-03 11:00:00,1
245,84.42,2026-03-03 12:00:00,1
197,194.04,2026-03-03 13:00:00,1
115,413.16,2026-03-03 14:00:00,0
208,459.52,2026-03-03 15:00:00,1
75,508.32,2026-03-03 16:00:00,1
0,53.89,2026-03-03 17:00:00,0
144,259.07,2026-03-03 18:00:00,1
56,95.09,2026-03-03 19:00:00,0
207,398.14,2026-03-03 20:00:00,1
431,68.7,2026-03-03 21:00:00,0
81,124.31,2026-03-03 22:00:00,1
0,576.97,2026-03-03 23:00:00,1
55,213.39,2026-03-04 00:00:00,1
254,822.65,2026-03-04 01:00:00,0
137,517.76,2026-03-04 02:00:00,0
244,270.89,2026-03-04 03:00:00,1
14,640.89,2026-03-04 04:00:00,1
166,289.37,2026-03-04 05:00:00,1
205,554.32,2026-03-04 06:00:00,0
215,185.98,2026-03-04 07:00:00,1
275,666.55,2026-03-04 08:00:00,0
390,75.95,2026-03-04 09:00:00,0
233,124.14,2026-03-04 10:00:00,0
420,144.98,2026-03-04 11:00:00,0
264,203.16,2026-03-04 12:00:00,1
130,423.94,2026-03-04 13:00:00,1
114,331.85,2026-03-04 14:00:00,0
161,558.77,2026-03-04 15:00:00,1
298,732.26,2026-03-04 16:00:00,0
121,67.18,2026-03-04 17:00:00,0
457,792.4,2026-03-04 18:00:00,0
239,284.39,2026-03-04 19:00:00,1
431,1024.33,2026-03-04 20:00:00,0
341,178.93,2026-03-04 21:00:00,1
166,47.08,2026-03-04 22:00:00,0
114,521.87,2026-03-04 23:00:00,0
371,499.2,2026-03-05 00:00:00,1
165,127.29,2026-03-05 01:00:00,1
123,139.61,2026-03-05 02:00:00,0
465,588.05,2026-03-05 03:00:00,0
241,438.83,2026-03-05 04:00:00,1
24,262.35,2026-03-05 05:00:00,1
247,471.2,2026-03-05 06:00:00,0
230,407.78,2026-03-05 07:00:00,0
431,153.58,2026-03-05 08:00:00,0
355,618.69,2026-03-05 09:00:00,0
95,538.2,2026-03-05 10:00:00,1
75,337.61,2026-03-05 11:00:00,0
301,588.32,2026-03-05 12:00:00,1
23,1108.98,2026-03-05 13:00:00,1
159,138.08,2026-03-05 14:00:00,0
69,271.84,2026-03-05 15:00:00,1
10,282.59,2026-03-05 16:00:00,1
459,579.41,2026-03-05 17:00:00,0
44,201.05,2026-03-05 18:00:00,0
4,557.12,2026-03-05 19:00:00,0
466,221.55,2026-03-05 20:00:00,0
94,123.58,2026-03-05 21:00:00,0
408,352.85,2026-03-05 22:00:00,1
15,217.56,2026-03-05 23:00:00,0
76,379.5,2026-03-06 00:00:00,0
55,448.39,2026-03-06 01:00:00,1
353,72.76,2026-03-06 02:00:00,0
310,238.84,2026-03-06 03:00:00,0
237,353.07,2026-03-06 04:00:00,0
120,590.06,2026-03-06 05:00:00,1
44,540.97,2026-03-06 06:00:00,1
284,165.52,2026-03-06 07:00:00,1
115,293.62,2026-03-06 08:00:00,1
295,465.22,2026-03-06 09:00:00,0
343,277.94,2026-03-06 10:00:00,0
424,180.01,2026-03-06 11:00:00,1
246,322.24,2026-03-06 12:00:00,0
2,434.31,2026-03-06 13:00:00,1
140,151.64,2026-03-06 14:00:00,1
426,501.44,2026-03-06 15:00:00,1
266,368.75,2026-03-06 16:00:00,0
309,514.3,2026-03-06 17:00:00,1
228,316.79,2026-03-06 18:00:00,0
81,1000.8,2026-03-06 19:00:00,0
448,428.29,2026-03-06 20:00:00,1
386,555.44,2026-03-06 21:00:00,0
497,500.02,2026-03-06 22:00:00,0
427,290.65,2026-03-06 23:00:00,1
145,401.05,2026-03-07 00:00:00,0
127,205.04,2026-03-07 01:00:00,0
124,953.46,2026-03-07 02:00:00,0
459,462.72,2026-03-07 03:00:00,1
278,170.9,2026-03-07 04:00:00,1
227,813.35,2026-03-07 05:00:00,1
484,302.25,2026-03-07 06:00:00,0
301,610.11,2026-03-07 07:00:00,0
454,70.65,2026-03-07 08:00:00,0
492,716.26,2026-03-07 09:00:00,0
39,449.3,2026-03-07 10:00:00,0
180,159.17,2026-03-07 11:00:00,0
367,443.73,2026-03-07 12:00:00,1
406,891.05,2026-03-07 13:00:00,1
74,210.15,2026-03-07 14:00:00,0
159,207.83,2026-03-07 15:00:00,0
274,287.25,2026-03-07 16:00:00,0
399,350.61,2026-03-07 17:00:00,0
56,637.59,2026-03-07 18:00:00,0
300,467.14,2026-03-07 19:00:00,1
148,287.06,2026-03-07 20:00:00,0
108,413.61,2026-03-07 21:00:00,1
257,987.7,2026-03-07 22:00:00,0
207,524.88,2026-03-07 23:00:00,1
317,311.13,2026-03-08 00:00:00,1
158,280.58,2026-03-08 01:00:00,1
411,396.16,2026-03-08 02:00:00,1
39,632.3,2026-03-08 03:00:00,0
430,186.24,2026-03-08 04:00:00,0
14,574.66,2026-03-08 05:00:00,1
367,306.41,2026-03-08 06:00:00,1
173,341.55,2026-03-08 07:00:00,1
191,1509.75,2026-03-08 08:00:00,0
9,535.35,2026-03-08 09:00:00,0
351,223.15,2026-03-08 10:00:00,0
82,448.37,2026-03-08 11:00:00,0
329,653.83,2026-03-08 12:00:00,0
362,539.41,2026-03-08 13:00:00,0
422,37.95,2026-03-08 14:00:00,1
354,331.11,2026-03-08 15:00:00,1
150,462.3,2026-03-08 16:00:00,0
369,436.39,2026-03-08 17:00:00,1
412,237.94,2026-03-08 18:00:00,1
158,545.78,2026-03-08 19:00:00,1
62,718.32,2026-03-08 20:00:00,1
445,75.24,2026-03-08 21:00:00,1
73,68.01,2026-03-08 22:00:00,0
296,445.58,2026-03-08 23:00:00,0
118,576.94,2026-03-09 00:00:00,0
63,210.89,2026-03-09 01:00:00,1
388,40.81,2026-03-09 02:00:00,1
71,335.24,2026-03-09 03:00:00,1
335,441.04,2026-03-09 04:00:00,0
346,269.63,2026-03-09 05:00:00,1
30,664.77,2026-03-09 06:00:00,1
86,422.24,2026-03-09 07:00:00,0
397,192.68,2026-03-09 08:00:00,1
253,209.54,2026-03-09 09:00:00,1
60,340.68,2026-03-09 10:00:00,1
495,255.58,2026-03-09 11:00:00,1
132,63.39,2026-03-09 12:00:00,1
2,396.76,2026-03-09 13:00:00,0
462,214.08,2026-03-09 14:00:00,1
8,244.59,2026-03-09 15:00:00,1
276,136.96,2026-03-09 16:00:00,1
496,906.31,2026-03-09 17:00:00,0
288,513.75,2026-03-09 18:00:00,1
292,1053.81,2026-03-09 19:00:00,0
194,268.58,2026-03-09 20:00:00,0
63,534.05,2026-03-09 21:00:00,1
286,401.77,2026-03-09 22:00:00,0
448,199.01,2026-03-09 23:00:00,0
45,266.45,2026-03-10 00:00:00,1
440,513.09,2026-03-10 01:00:00,1
207,136.78,2026-03-10 02:00:00,1
268,669.19,2026-03-10 03:00:00,1
82,378.26,2026-03-10 04:00:00,0
310,611.11,2026-03-10 05:00:00,0
91,442.28,2026-03-10 06:00:00,1
136,75.86,2026-03-10 07:00:00,0
360,331.29,2026-03-10 08:00:00,0
25,678.92,2026-03-10 09:00:00,0
223,374.22,2026-03-10 10:00:00,0
297,337.68,2026-03-10 11:00:00,0
66,373.96,2026-03-10 12:00:00,1
147,58.03,2026-03-10 13:00:00,1
171,726.02,2026-03-10 14:00:00,1
331,28.96,2026-03-10 15:00:00,0
488,827.3,2026-03-10 16:00:00,1
418,253.86,2026-03-10 17:00:00,1
94,464.27,2026-03-10 18:00:00,1
9,52.48,2026-03-10 19:00:00,0
25,572.7,2026-03-10 20:00:00,1
297,507.84,2026-03-10 21:00:00,0
78,486.67,2026-03-10 22:00:00,1
115,49.74,2026-03-10 23:00:00,1
423,177.12,2026-03-11 00:00:00,0
436,443.93,2026-03-11 01:00:00,0
419,712.96,2026-03-11 02:00:00,0
126,155.01,2026-03-11 03:00:00,1
309,158.85,2026-03-11 04:00:00,0
305,423.51,2026-03-11 05:00:00,1
92,1423.96,2026-03-11 06:00:00,1
276,201.97,2026-03-11 07:00:00,1
262,251.43,2026-03-11 08:00:00,0
198,222.72,2026-03-11 09:00:00,0
375,306.95,2026-03-11 10:00:00,1
338,750.76,2026-03-11 11:00:00,0
266,319.5,2026-03-11 12:00:00,0
362,1512.22,2026-03-11 13:00:00,1
381,364.4,2026-03-11 14:00:00,0
283,799.08,2026-03-11 15:00:00,0
133,266.51,2026-03-11 16:00:00,1
379,111.58,2026-03-11 17:00:00,1
358,319.1,2026-03-11 18:00:00,0
491,491.76,2026-03-11 19:00:00,1
74,178.49,2026-03-11 20:00:00,1
209,717.04,2026-03-11 21:00:00,1
462,231.63,2026-03-11 22:00:00,1
257,137.01,2026-03-11 23:00:00,1
471,1331.81,2026-03-12 00:00:00,0
6,170.5,2026-03-12 01:00:00,1
17,226.11,2026-03-12 02:00:00,1
398,549.08,2026-03-12 03:00:00,0
179,259.33,2026-03-12 04:00:00,0
260,141.6,2026-03-12 05:00:00,1
214,208.19,2026-03-12 06:00:00,1
203,1099.45,2026-03-12 07:00:00,1
469,504.04,2026-03-12 08:00:00,1
47,574.68,2026-03-12 09:00:00,0
386,408.77,2026-03-12 10:00:00,0
444,459.84,2026-03-12 11:00:00,1
328,243.97,2026-03-12 12:00:00,1
197,372.54,2026-03-12 13:00:00,0
80,44.72,2026-03-12 14:00:00,1
341,649.87,2026-03-12 15:00:00,0
234,242.19,2026-03-12 16:00:00,0
74,121.1,2026-03-12 17:00:00,1
179,388.35,2026-03-12 18:00:00,0
480,290.18,2026-03-12 19:00:00,1
132,634.3,2026-03-12 20:00:00,1
89,324.46,2026-03-12 21:00:00,0
340,204.45,2026-03-12 22:00:00,0
99,330.43,2026-03-12 23:00:00,1
459,860.06,2026-03-13 00:00:00,0
429,648.59,2026-03-13 01:00:00,0
491,503.13,2026-03-13 02:00:00,0
456,667.67,2026-03-13 03:00:00,0
121,530.4,2026-03-13 04:00:00,0
106,159.85,2026-03-13 05:00:00,0
171,577.87,2026-03-13 06:00:00,0
234,721.47,2026-03-13 07:00:00,1
439,748.72,2026-03-13 08:00:00,1
366,130.87,2026-03-13 09:00:00,0
322,226.65,2026-03-13 10:00:00,0
439,199.79,2026-03-13 11:00:00,0
322,264.48,2026-03-13 12:00:00,0
189,467.01,2026-03-13 13:00:00,1
206,381.22,2026-03-13 14:00:00,0
258,381.3,2026-03-13 15:00:00,0
44,100.1,2026-03-13 16:00:00,0
370,219.77,2026-03-13 17:00:00,0
326,785.65,2026-03-13 18:00:00,0
365,719.39,2026-03-13 19:00:00,0
266,320.34,2026-03-13 20:00:00,0
391,578.95,2026-03-13 21:00:00,1
474,437.71,2026-03-13 22:00:00,1
284,622.8,2026-03-13 23:00:00,1
222,596.36,2026-03-14 00:00:00,1
52,340.01,2026-03-14 01:00:00,1
389,505.29,2026-03-14 02:00:00,1
451,458.34,2026-03-14 03:00:00,0
349,346.78,2026-03-14 04:00:00,1
432,293.2,2026-03-14 05:00:00,0
430,1002.84,2026-03-14 06:00:00,1
399,347.1,2026-03-14 07:00:00,1
251,554.72,2026-03-14 08:00:00,0
49,953.31,2026-03-14 09:00:00,0
1,504.71,2026-03-14 10:00:00,0
102,489.1,2026-03-14 11:00:00,0
215,348.6,2026-03-14 12:00:00,0
371,464.16,2026-03-14 13:00:00,0
227,274.56,2026-03-14 14:00:00,1
11,1637.26,2026-03-14 15:00:00,0
105,102.43,2026-03-14 16:00:00,1
489,307.37,2026-03-14 17:00:00,0
494,510.49,2026-03-14 18:00:00,1
188,489.4,2026-03-14 19:00:00,1
402,274.19,2026-03-14 20:00:00,0
359,68.79,2026-03-14 21:00:00,0
465,119.51,2026-03-14 22:00:00,1
443,400.78,2026-03-14 23:00:00,1
314,48.24,2026-03-15 00:00:00,0
197,535.57,2026-03-15 01:00:00,0
313,760.05,2026-03-15 02:00:00,1
159,601.94,2026-03-15 03:00:00,1
174,684.13,2026-03-15 04:00:00,0
304,50.51,2026-03-15 05:00:00,1
285,282.74,2026-03-15 06:00:00,1
290,149.0,2026-03-15 07:00:00,1
192,81.79,2026-03-15 08:00:00,0
204,238.44,2026-03-15 09:00:00,0
5,938.01,2026-03-15 10:00:00,1
300,1108.32,2026-03-15 11:00:00,1
287,166.8,2026-03-15 12:00:00,1
467,365.57,2026-03-15 13:00:00,0
252,459.54,2026-03-15 14:00:00,1
233,284.34,2026-03-15 15:00:00,1
33,796.38,2026-03-15 16:00:00,1
98,241.39,2026-03-15 17:00:00,1
169,209.82,2026-03-15 18:00:00,0
188,174.7,2026-03-15 19:00:00,1
181,282.78,2026-03-15 20:00:00,0
197,15.55,2026-03-15 21:00:00,1
384,293.38,2026-03-15 22:00:00,1
65,382.27,2026-03-15 23:00:00,1
166,400.1,2026-03-16 00:00:00,0
81,140.92,2026-03-16 01:00:00,1
153,394.55,2026-03-16 02:00:00,1
342,388.59,2026-03-16 03:00:00,0
23,394.9,2026-03-16 04:00:00,0
169,609.9,2026-03-16 05:00:00,0
11,135.57,2026-03-16 06:00:00,0
477,287.0,2026-03-16 07:00:00,1
363,63.82,2026-03-16 08:00:00,1
121,571.82,2026-03-16 09:00:00,1
99,155.75,2026-03-16 10:00:00,1
49,674.59,2026-03-16 11:00:00,0
236,690.64,2026-03-16 12:00:00,1
376,309.2,2026-03-16 13:00:00,0
292,296.87,2026-03-16 14:00:00,0
440,93.64,2026-03-16 15:00:00,1
171,356.85,2026-03-16 16:00:00,1
139,606.29,2026-03-16 17:00:00,0
239,431.1,2026-03-16 18:00:00,0
101,860.48,2026-03-16 19:00:00,0
487,261.35,2026-03-16 20:00:00,0
92,261.08,2026-03-16 21:00:00,0
239,165.33,2026-03-16 22:00:00,0
261,1243.17,2026-03-16 23:00:00,0
28,92.76,2026-03-17 00:00:00,0
234,576.73,2026-03-17 01:00:00,1
227,614.85,2026-03-17 02:00:00,0
129,597.08,2026-03-17 03:00:00,0
63,177.72,2026-03-17 04:00:00,1
22,309.06,2026-03-17 05:00:00,0
4,520.81,2026-03-17 06:00:00,1
240,213.04,2026-03-17 07:00:00,1
44,276.52,2026-03-17 08:00:00,1
479,216.15,2026-03-17 09:00:00,0
122,375.11,2026-03-17 10:00:00,0
326,357.13,2026-03-17 11:00:00,0
336,962.89,2026-03-17 12:00:00,0
247,528.79,2026-03-17 13:00:00,0
441,115.46,2026-03-17 14:00:00,1
55,124.49,2026-03-17 15:00:00,0
117,583.79,2026-03-17 16:00:00,1
126,354.28,2026-03-17 17:00:00,1
67,1195.55,2026-03-17 18:00:00,0
147,1193.33,2026-03-17 19:00:00,0
156,164.5,2026-03-17 20:00:00,1
382,435.85,2026-03-17 21:00:00,0
150,125.95,2026-03-17 22:00:00,1
438,577.03,2026-03-17 23:00:00,0
386,1054.23,2026-03-18 00:00:00,0
450,393.08,2026-03-18 01:00:00,0
52,254.09,2026-03-18 02:00:00,0
492,468.21,2026-03-18 03:00:00,0
306,660.29,2026-03-18 04:00:00,1
491,663.31,2026-03-18 05:00:00,0
177,256.35,2026-03-18 06:00:00,1
476,208.65,2026-03-18 07:00:00,0
294,419.17,2026-03-18 08:00:00,0
35,270.1,2026-03-18 09:00:00,0
205,796.57,2026-03-18 10:00:00,0
68,267.56,2026-03-18 11:00:00,1
470,372.43,2026-03-18 12:00:00,0
152,459.96,2026-03-18 13:00:00,0
111,96.19,2026-03-18 14:00:00,1
276,223.5,2026-03-18 15:00:00,0
212,1161.39,2026-03-18 16:00:00,1
48,641.44,2026-03-18 17:00:00,1
408,264.74,2026-03-18 18:00:00,1
422,578.66,2026-03-18 19:00:00,0
371,787.83,2026-03-18 20:00:00,0
308,298.05,2026-03-18 21:00:00,1
201,620.72,2026-03-18 22:00:00,0
271,561.79,2026-03-18 23:00:00,0
260,127.9,2026-03-19 00:00:00,1
82,299.32,2026-03-19 01:00:00,0
40,979.66,2026-03-19 02:00:00,1
126,1139.89,2026-03-19 03:00:00,1
227,645.03,2026-03-19 04:00:00,1
80,217.34,2026-03-19 05:00:00,0
53,34.16,2026-03-19 06:00:00,1
425,193.6,2026-03-19 07:00:00,0
187,112.06,2026-03-19 08:00:00,1
292,1027.46,2026-03-19 09:00:00,1
262,62.11,2026-03-19 10:00:00,0
367,131.24,2026-03-19 11:00:00,1
369,412.94,2026-03-19 12:00:00,1
148,352.42,2026-03-19 13:00:00,0
423,947.98,2026-03-19 14:00:00,0
185,537.92,2026-03-19 15:00:00,1
417,316.38,2026-03-19 16:00:00,0
202,806.36,2026-03-19 17:00:00,0
55,258.78,2026-03-19 18:00:00,0
380,999.07,2026-03-19 19:00:00,1
15,171.79,2026-03-19 20:00:00,1
386,342.83,2026-03-19 21:00:00,0
21,41.36,2026-03-19 22:00:00,0
103,667.9,2026-03-19 23:00:00,1
301,396.08,2026-03-20 00:00:00,0
470,1000.84,2026-03-20 01:00:00,0
204,290.96,2026-03-20 02:00:00,1
60,94.76,2026-03-20 03:00:00,1
116,490.54,2026-03-20 04:00:00,0
448,228.97,2026-03-20 05:00:00,0
363,603.88,2026-03-20 06:00:00,0
50,174.98,2026-03-20 07:00:00,1
192,885.26,2026-03-20 08:00:00,1
132,372.24,2026-03-20 09:00:00,1
88,317.33,2026-03-20 10:00:00,0
423,846.38,2026-03-20 11:00:00,1
308,674.65,2026-03-20 12:00:00,0
89,196.51,2026-03-20 13:00:00,1
325,661.44,2026-03-20 14:00:00,1
206,571.02,2026-03-20 15:00:00,0
30,331.18,2026-03-20 16:00:00,1
224,625.49,2026-03-20 17:00:00,1
92,882.64,2026-03-20 18:00:00,1
122,338.66,2026-03-20 19:00:00,0
439,339.53,2026-03-20 20:00:00,0
355,325.64,2026-03-20 21:00:00,1
67,189.81,2026-03-20 22:00:00,1
425,336.0,2026-03-20 23:00:00,1
287,308.21,2026-03-21 00:00:00,0
437,294.53,2026-03-21 01:00:00,0
373,291.09,2026-03-21 02:00:00,0
169,130.91,2026-03-21 03:00:00,0
267,721.02,2026-03-21 04:00:00,1
265,223.2,2026-03-21 05:00:00,1
359,915.67,2026-03-21 06:00:00,0
124,158.02,2026-03-21 07:00:00,1
166,1055.18,2026-03-21 08:00:00,0
122,268.9,2026-03-21 09:00:00,1
148,666.92,2026-03-21 10:00:00,1
80,393.26,2026-03-21 11:00:00,1
18,114.54,2026-03-21 12:00:00,0
470,120.45,2026-03-21 13:00:00,0
37,208.06,2026-03-21 14:00:00,0
443,256.91,2026-03-21 15:00:00,1
1,346.82,2026-03-21 16:00:00,0
388,456.76,2026-03-21 17:00:00,1
164,313.3,2026-03-21 18:00:00,1
258,439.35,2026-03-21 19:00:00,1
141,492.04,2026-03-21 20:00:00,1
245,302.65,2026-03-21 21:00:00,1
225,564.55,2026-03-21 22:00:00,1
264,653.76,2026-03-21 23:00:00,1
196,500.99,2026-03-22 00:00:00,1
268,521.26,2026-03-22 01:00:00,1
412,411.53,2026-03-22 02:00:00,1
217,763.71,2026-03-22 03:00:00,1
180,352.87,2026-03-22 04:00:00,1
65,211.21,2026-03-22 05:00:00,1
179,360.77,2026-03-22 06:00:00,0
62,116.45,2026-03-22 07:00:00,1
91,103.39,2026-03-22 08:00:00,1
476,655.89,2026-03-22 09:00:00,0
44,925.51,2026-03-22 10:00:00,1
241,275.58,2026-03-22 11:00:00,0
417,660.17,2026-03-22 12:00:00,1
476,53.99,2026-03-22 13:00:00,1
73,502.1,2026-03-22 14:00:00,1
81,353.94,2026-03-22 15:00:00,1
186,1026.04,2026-03-22 16:00:00,1
277,317.59,2026-03-22 17:00:00,1
479,147.75,2026-03-22 18:00:00,1
103,89.78,2026-03-22 19:00:00,1
82,360.56,2026-03-22 20:00:00,1
126,410.93,2026-03-22 21:00:00,0
437,302.91,2026-03-22 22:00:00,1
15,670.22,2026-03-22 23:00:00,0
190,860.19,2026-03-23 00:00:00,0
59,273.22,2026-03-23 01:00:00,1
78,65.64,2026-03-23 02:00:00,1
458,441.18,2026-03-23 03:00:00,1
0,773.98,2026-03-23 04:00:00,0
160,274.18,2026-03-23 05:00:00,0
457,521.2,2026-03-23 06:00:00,1
304,138.15,2026-03-23 07:00:00,0
35,433.54,2026-03-23 08:00:00,0
232,527.89,2026-03-23 09:00:00,0
485,442.33,2026-03-23 10:00:00,1
200,1204.6,2026-03-23 11:00:00,0
264,918.12,2026-03-23 12:00:00,0
265,588.17,2026-03-23 13:00:00,1
330,725.79,2026-03-23 14:00:00,1
93,431.37,2026-03-23 15:00:00,0
419,342.37,2026-03-23 16:00:00,0
494,251.65,2026-03-23 17:00:00,0
71,135.46,2026-03-23 18:00:00,0
409,946.25,2026-03-23 19:00:00,1
408,1235.24,2026-03-23 20:00:00,0
370,367.01,2026-03-23 21:00:00,1
185,371.72,2026-03-23 22:00:00,0
234,543.31,2026-03-23 23:00:00,1
419,318.69,2026-03-24 00:00:00,0
76,151.57,2026-03-24 01:00:00,0
414,113.17,2026-03-24 02:00:00,1
460,1207.07,2026-03-24 03:00:00,0
340,76.17,2026-03-24 04:00:00,1
170,454.42,2026-03-24 05:00:00,0
279,86.84,2026-03-24 06:00:00,1
25,330.75,2026-03-24 07:00:00,1
465,272.13,2026-03-24 08:00:00,1
171,101.53,2026-03-24 09:00:00,0
28,556.54,2026-03-24 10:00:00,0
397,142.21,2026-03-24 11:00:00,1
328,88.73,2026-03-24 12:00:00,1
311,599.49,2026-03-24 13:00:00,1
27,273.08,2026-03-24 14:00:00,1
375,192.39,2026-03-24 15:00:00,1
318,624.96,2026-03-24 16:00:00,1
396,135.74,2026-03-24 17:00:00,0
413,67.61,2026-03-24 18:00:00,0
105,822.38,2026-03-24 19:00:00,0
105,1098.62,2026-03-24 20:00:00,1
461,324.13,2026-03-24 21:00:00,1
265,320.84,2026-03-24 22:00:00,0
218,649.6,2026-03-24 23:00:00,0
143,767.91,2026-03-25 00:00:00,0
319,150.1,2026-03-25 01:00:00,1
376,283.67,2026-03-25 02:00:00,0
1,429.24,2026-03-25 03:00:00,0
276,624.15,2026-03-25 04:00:00,0
496,579.36,2026-03-25 05:00:00,1
140,516.49,2026-03-25 06:00:00,1
140,766.57,2026-03-25 07:00:00,1
439,341.99,2026-03-25 08:00:00,1
31,951.97,2026-03-25 09:00:00,0
198,229.41,2026-03-25 10:00:00,0
229,585.65,2026-03-25 11:00:00,1
398,256.94,2026-03-25 12:00:00,1
64,327.76,2026-03-25 13:00:00,1
217,367.77,2026-03-25 14:00:00,1
76,245.5,2026-03-25 15:00:00,1
393,789.13,2026-03-25 16:00:00,1
316,266.97,2026-03-25 17:00:00,0
248,353.87,2026-03-25 18:00:00,0
196,538.95,2026-03-25 19:00:00,0
76,1551.52,2026-03-25 20:00:00,0
460,552.73,2026-03-25 21:00:00,1
323,377.42,2026-03-25 22:00:00,1
159,55.76,2026-03-25 23:00:00,0
206,321.16,2026-03-26 00:00:00,1
363,211.62,2026-03-26 01:00:00,1
359,280.75,2026-03-26 02:00:00,1
230,252.7,2026-03-26 03:00:00,0
151,535.19,2026-03-26 04:00:00,0
329,316.0,2026-03-26 05:00:00,1
329,171.77,2026-03-26 06:00:00,0
299,668.25,2026-03-26 07:00:00,0
36,123.05,2026-03-26 08:00:00,1
236,364.74,2026-03-26 09:00:00,1
306,322.92,2026-03-26 10:00:00,0
475,463.94,2026-03-26 11:00:00,0
262,771.96,2026-03-26 12:00:00,1
171,1704.98,2026-03-26 13:00:00,0
277,377.24,2026-03-26 14:00:00,1
88,208.79,2026-03-26 15:00:00,0
45,192.5,2026-03-26 16:00:00,0
339,191.75,2026-03-26 17:00:00,1
493,451.89,2026-03-26 18:00:00,0
423,42.25,2026-03-26 19:00:00,0
291,116.19,2026-03-26 20:00:00,1
20,452.2,2026-03-26 21:00:00,1
493,690.98,2026-03-26 22:00:00,0
224,693.76,2026-03-26 23:00:00,0
144,390.46,2026-03-27 00:00:00,0
446,631.54,2026-03-27 01:00:00,1
373,781.01,2026-03-27 02:00:00,1
374,263.82,2026-03-27 03:00:00,1
138,728.32,2026-03-27 04:00:00,0
495,81.6,2026-03-27 05:00:00,0
226,113.13,2026-03-27 06:00:00,0
265,276.43,2026-03-27 07:00:00,0
375,71.15,2026-03-27 08:00:00,0
329,541.33,2026-03-27 09:00:00,0
86,233.47,2026-03-27 10:00:00,0
151,325.54,2026-03-27 11:00:00,1
180,334.77,2026-03-27 12:00:00,0
473,270.99,2026-03-27 13:00:00,1
357,190.72,2026-03-27 14:00:00,0
183,523.25,2026-03-27 15:00:00,0
367,229.48,2026-03-27 16:00:00,1
369,331.42,2026-03-27 17:00:00,1
197,467.27,2026-03-27 18:00:00,1
201,776.68,2026-03-27 19:00:00,1
447,735.9,2026-03-27 20:00:00,0
280,246.34,2026-03-27 21:00:00,1
74,182.39,2026-03-27 22:00:00,1
359,883.79,2026-03-27 23:00:00,1
294,228.46,2026-03-28 00:00:00,1
254,508.55,2026-03-28 01:00:00,1
362,67.11,2026-03-28 02:00:00,1
453,40.86,2026-03-28 03:00:00,1
165,376.96,2026-03-28 04:00:00,0
209,298.06,2026-03-28 05:00:00,1
94,602.41,2026-03-28 06:00:00,1
323,192.63,2026-03-28 07:00:00,0
201,442.38,2026-03-28 08:00:00,0
171,580.37,2026-03-28 09:00:00,1
348,199.23,2026-03-28 10:00:00,0
204,276.18,2026-03-28 11:00:00,1
232,134.93,2026-03-28 12:00:00,0
220,617.39,2026-03-28 13:00:00,1
129,527.99,2026-03-28 14:00:00,1
62,555.88,2026-03-28 15:00:00,0
413,297.12,2026-03-28 16:00:00,0
45,521.68,2026-03-28 17:00:00,1
162,317.82,2026-03-28 18:00:00,0
333,984.46,2026-03-28 19:00:00,0
65,354.83,2026-03-28 20:00:00,1
327,707.44,2026-03-28 21:00:00,1
366,298.41,2026-03-28 22:00:00,0
331,850.3,2026-03-28 23:00:00,0
152,181.99,2026-03-29 00:00:00,1
9,483.0,2026-03-29 01:00:00,1
443,213.5,2026-03-29 02:00:00,0
163,428.74,2026-03-29 03:00:00,0
402,229.36,2026-03-29 04:00:00,0
98,353.78,2026-03-29 05:00:00,0
81,256.99,2026-03-29 06:00:00,1
389,566.17,2026-03-29 07:00:00,0
469,497.38,2026-03-29 08:00:00,1
430,207.32,2026-03-29 09:00:00,0
375,202.44,2026-03-29 10:00:00,1
123,168.74,2026-03-29 11:00:00,0
456,141.03,2026-03-29 12:00:00,1
333,592.82,2026-03-29 13:00:00,1
86,160.56,2026-03-29 14:00:00,0
64,454.93,2026-03-29 15:00:00,1
435,239.72,2026-03-29 16:00:00,0
137,693.65,2026-03-29 17:00:00,1
382,1142.74,2026-03-29 18:00:00,1
69,9.11,2026-03-29 19:00:00,1
140,180.03,2026-03-29 20:00:00,1
141,236.56,2026-03-29 21:00:00,0
140,305.1,2026-03-29 22:00:00,0
337,290.82,2026-03-29 23:00:00,1
457,111.59,2026-03-30 00:00:00,0
455,1158.0,2026-03-30 01:00:00,1
370,299.11,2026-03-30 02:00:00,1
101,495.82,2026-03-30 03:00:00,0
480,506.61,2026-03-30 04:00:00,1
271,88.46,2026-03-30 05:00:00,1
272,268.76,2026-03-30 06:00:00,0
350,592.8,2026-03-30 07:00:00,1
384,886.67,2026-03-30 08:00:00,0
476,273.26,2026-03-30 09:00:00,1
291,105.7,2026-03-30 10:00:00,1
305,220.54,2026-03-30 11:00:00,1
372,264.07,2026-03-30 12:00:00,0
127,256.23,2026-03-30 13:00:00,0
153,168.9,2026-03-30 14:00:00,0
312,94.91,2026-03-30 15:00:00,1
32,133.73,2026-03-30 16:00:00,1
160,222.11,2026-03-30 17:00:00,0
358,586.01,2026-03-30 18:00:00,0
488,744.9,2026-03-30 19:00:00,1
259,383.21,2026-03-30 20:00:00,0
199,137.27,2026-03-30 21:00:00,0
220,232.64,2026-03-30 22:00:00,1
342,43.28,2026-03-30 23:00:00,0
272,897.98,2026-03-31 00:00:00,1
11,203.92,2026-03-31 01:00:00,0
269,466.72,2026-03-31 02:00:00,1
200,709.99,2026-03-31 03:00:00,0
350,1064.99,2026-03-31 04:00:00,1
437,631.04,2026-03-31 05:00:00,0
481,254.95,2026-03-31 06:00:00,1
305,512.03,2026-03-31 07:00:00,0
181,1039.34,2026-03-31 08:00:00,0
221,202.3,2026-03-31 09:00:00,1
88,90.14,2026-03-31 10:00:00,0
467,170.08,2026-03-31 11:00:00,1
423,488.12,2026-03-31 12:00:00,1
426,260.21,2026-03-31 13:00:00,0
164,329.35,2026-03-31 14:00:00,0
161,547.27,2026-03-31 15:00:00,1
428,166.77,2026-03-31 16:00:00,0
272,317.08,2026-03-31 17:00:00,1
352,229.34,2026-03-31 18:00:00,0
244,1012.0,2026-03-31 19:00:00,0
221,617.56,2026-03-31 20:00:00,0
316,261.65,2026-03-31 21:00:00,1
406,250.07,2026-03-31 22:00:00,0
167,1088.08,2026-03-31 23:00:00,0
404,1030.16,2026-04-01 00:00:00,1
122,485.83,2026-04-01 01:00:00,0
201,341.07,2026-04-01 02:00:00,0
456,113.59,2026-04-01 03:00:00,0
477,171.41,2026-04-01 04:00:00,1
461,105.39,2026-04-01 05:00:00,0
158,729.28,2026-04-01 06:00:00,0
421,115.32,2026-04-01 07:00:00,1
468,247.5,2026-04-01 08:00:00,0
489,53.97,2026-04-01 09:00:00,1
10,81.15,2026-04-01 10:00:00,1
372,564.85,2026-04-01 11:00:00,0
498,433.87,2026-04-01 12:00:00,1
382,350.44,2026-04-01 13:00:00,1
116,251.21,2026-04-01 14:00:00,0
381,70.49,2026-04-01 15:00:00,0
52,224.68,2026-04-01 16:00:00,0
240,302.53,2026-04-01 17:00:00,0
313,538.34,2026-04-01 18:00:00,0
228,702.22,2026-04-01 19:00:00,1
349,577.24,2026-04-01 20:00:00,1
120,431.98,2026-04-01 21:00:00,1
303,346.4,2026-04-01 22:00:00,0
322,401.42,2026-04-01 23:00:00,1
316,212.41,2026-04-02 00:00:00,0
144,369.14,2026-04-02 01:00:00,0
152,301.18,2026-04-02 02:00:00,1
128,1379.89,2026-04-02 03:00:00,0
230,408.93,2026-04-02 04:00:00,1
292,38.97,2026-04-02 05:00:00,0
181,240.5,2026-04-02 06:00:00,0
204,275.9,2026-04-02 07:00:00,1
143,631.93,2026-04-02 08:00:00,0
109,447.53,2026-04-02 09:00:00,0
328,431.35,2026-04-02 10:00:00,0
408,833.18,2026-04-02 11:00:00,1
145,1033.32,2026-04-02 12:00:00,1
430,564.27,2026-04-02 13:00:00,0
285,255.67,2026-04-02 14:00:00,0
83,261.9,2026-04-02 15:00:00,0
182,762.57,2026-04-02 16:00:00,1
3,261.26,2026-04-02 17:00:00,0
19,328.83,2026-04-02 18:00:00,1
168,236.31,2026-04-02 19:00:00,1
227,135.07,2026-04-02 20:00:00,0
398,1310.37,2026-04-02 21:00:00,1
67,330.54,2026-04-02 22:00:00,1
419,913.27,2026-04-02 23:00:00,1
117,264.11,2026-04-03 00:00:00,1
69,203.82,2026-04-03 01:00:00,1
349,531.3,2026-04-03 02:00:00,0
387,700.17,2026-04-03 03:00:00,1
302,730.98,2026-04-03 04:00:00,1
57,299.39,2026-04-03 05:00:00,0
57,570.5,2026-04-03 06:00:00,1
195,222.85,2026-04-03 07:00:00,1
225,365.62,2026-04-03 08:00:00,1
499,277.22,2026-04-03 09:00:00,1
143,244.88,2026-04-03 10:00:00,0
96,377.05,2026-04-03 11:00:00,1
472,131.77,2026-04-03 12:00:00,1
76,661.52,2026-04-03 13:00:00,0
13,245.69,2026-04-03 14:00:00,0
211,640.26,2026-04-03 15:00:00,0
200,158.48,2026-04-03 16:00:00,0
309,244.99,2026-04-03 17:00:00,1
438,131.36,2026-04-03 18:00:00,0
466,126.79,2026-04-03 19:00:00,0
144,177.61,2026-04-03 20:00:00,0
490,160.67,2026-04-03 21:00:00,0
316,132.39,2026-04-03 22:00:00,1
34,347.17,2026-04-03 23:00:00,0
469,524.04,2026-04-04 00:00:00,0
68,543.34,2026-04-04 01:00:00,1
294,64.78,2026-04-04 02:00:00,1
395,275.83,2026-04-04 03:00:00,0
124,254.59,2026-04-04 04:00:00,0
135,843.12,2026-04-04 05:00:00,1
238,284.26,2026-04-04 06:00:00,1
442,325.6,2026-04-04 07:00:00,1
111,92.29,2026-04-04 08:00:00,1
331,173.59,2026-04-04 09:00:00,1
226,86.62,2026-04-04 10:00:00,1
55,364.07,2026-04-04 11:00:00,0
355,861.04,2026-04-04 12:00:00,0
416,178.85,2026-04-04 13:00:00,1
287,286.05,2026-04-04 14:00:00,1
88,161.56,2026-04-04 15:00:00,0
77,208.47,2026-04-04 16:00:00,1
211,369.77,2026-04-04 17:00:00,0
253,1136.07,2026-04-04 18:00:00,1
276,832.88,2026-04-04 19:00:00,0
121,998.43,2026-04-04 20:00:00,1
250,644.17,2026-04-04 21:00:00,0
147,283.1,2026-04-04 22:00:00,0
343,253.49,2026-04-04 23:00:00,1
398,179.79,2026-04-05 00:00:00,0
326,279.59,2026-04-05 01:00:00,0
0,869.18,2026-04-05 02:00:00,0
496,862.62,2026-04-05 03:00:00,1
11,1414.55,2026-04-05 04:00:00,0
499,390.32,2026-04-05 05:00:00,0
15,113.48,2026-04-05 06:00:00,1
258,499.99,2026-04-05 07:00:00,1
52,1144.12,2026-04-05 08:00:00,0
47,945.59,2026-04-05 09:00:00,1
341,230.72,2026-04-05 10:00:00,1
363,123.96,2026-04-05 11:00:00,0
59,120.72,2026-04-05 12:00:00,0
488,189.79,2026-04-05 13:00:00,1
160,214.78,2026-04-05 14:00:00,1
159,266.73,2026-04-05 15:00:00,0
148,547.34,2026-04-05 16:00:00,0
230,259.51,2026-04-05 17:00:00,1
88,353.37,2026-04-05 18:00:00,1
212,80.54,2026-04-05 19:00:00,1
104,179.99,2026-04-05 20:00:00,0
25,172.92,2026-04-05 21:00:00,1
184,66.92,2026-04-05 22:00:00,0
336,254.34,2026-04-05 23:00:00,0
381,81.15,2026-04-06 00:00:00,1
176,240.14,2026-04-06 01:00:00,1
161,374.11,2026-04-06 02:00:00,1
393,879.03,2026-04-06 03:00:00,1
340,165.35,2026-04-06 04:00:00,0
416,366.39,2026-04-06 05:00:00,1
453,201.1,2026-04-06 06:00:00,1
410,76.56,2026-04-06 07:00:00,0
468,885.81,2026-04-06 08:00:00,1
208,386.82,2026-04-06 09:00:00,0
197,481.99,2026-04-06 10:00:00,0
160,982.64,2026-04-06 11:00:00,1
117,239.18,2026-04-06 12:00:00,0
374,107.98,2026-04-06 13:00:00,1
357,163.27,2026-04-06 14:00:00,1
400,98.54,2026-04-06 15:00:00,1
83,727.25,2026-04-06 16:00:00,1
245,1173.18,2026-04-06 17:00:00,1
110,371.11,2026-04-06 18:00:00,0
446,558.17,2026-04-06 19:00:00,1
133,662.87,2026-04-06 20:00:00,1
71,1026.03,2026-04-06 21:00:00,0
284,1141.43,2026-04-06 22:00:00,1
439,50.69,2026-04-06 23:00:00,1
457,205.94,2026-04-07 00:00:00,0
48,340.3,2026-04-07 01:00:00,0
162,185.3,2026-04-07 02:00:00,0
76,272.14,2026-04-07 03:00:00,1
153,459.91,2026-04-07 04:00:00,0
266,450.97,2026-04-07 05:00:00,0
140,648.19,2026-04-07 06:00:00,1
33,346.09,2026-04-07 07:00:00,1
255,23.25,2026-04-07 08:00:00,1
26,254.34,2026-04-07 09:00:00,1
113,428.0,2026-04-07 10:00:00,1
0,680.07,2026-04-07 11:00:00,1
43,614.43,2026-04-07 12:00:00,0
218,311.28,2026-04-07 13:00:00,0
425,194.75,2026-04-07 14:00:00,1
387,322.57,2026-04-07 15:00:00,1
49,60.11,2026-04-07 16:00:00,1
17,211.15,2026-04-07 17:00:00,0
169,766.81,2026-04-07 18:00:00,0
326,321.81,2026-04-07 19:00:00,0
373,441.31,2026-04-07 20:00:00,0
411,94.42,2026-04-07 21:00:00,1
171,676.91,2026-04-07 22:00:00,1
84,299.09,2026-04-07 23:00:00,1
13,430.53,2026-04-08 00:00:00,1
73,500.27,2026-04-08 01:00:00,0
32,659.97,2026-04-08 02:00:00,1
430,383.73,2026-04-08 03:00:00,1
134,304.58,2026-04-08 04:00:00,1
411,116.54,2026-04-08 05:00:00,0
276,85.79,2026-04-08 06:00:00,0
269,378.05,2026-04-08 07:00:00,1
227,432.57,2026-04-08 08:00:00,0
409,485.24,2026-04-08 09:00:00,1
21,166.26,2026-04-08 10:00:00,1
46,212.79,2026-04-08 11:00:00,1
211,373.01,2026-04-08 12:00:00,1
197,235.54,2026-04-08 13:00:00,1
272,1490.56,2026-04-08 14:00:00,1
368,209.02,2026-04-08 15:00:00,1
293,454.28,2026-04-08 16:00:00,0
128,601.69,2026-04-08 17:00:00,1
163,627.46,2026-04-08 18:00:00,1
376,232.19,2026-04-08 19:00:00,0
100,502.01,2026-04-08 20:00:00,0
252,458.71,2026-04-08 21:00:00,0
269,517.41,2026-04-08 22:00:00,0
375,369.35,2026-04-08 23:00:00,1
357,604.68,2026-04-09 00:00:00,1
232,402.57,2026-04-09 01:00:00,0
154,103.4,2026-04-09 02:00:00,0
183,393.77,2026-04-09 03:00:00,1
205,428.34,2026-04-09 04:00:00,1
109,575.66,2026-04-09 05:00:00,0
312,378.38,2026-04-09 06:00:00,1
104,1042.42,2026-04-09 07:00:00,1
324,312.88,2026-04-09 08:00:00,0
375,222.46,2026-04-09 09:00:00,0
480,834.56,2026-04-09 10:00:00,1
59,306.34,2026-04-09 11:00:00,1
379,352.75,2026-04-09 12:00:00,1
42,428.47,2026-04-09 13:00:00,1
168,402.8,2026-04-09 14:00:00,1
88,514.5,2026-04-09 15:00:00,0
81,552.36,2026-04-09 16:00:00,0
87,206.28,2026-04-09 17:00:00,1
21,126.08,2026-04-09 18:00:00,0
411,140.51,2026-04-09 19:00:00,0
30,773.9,2026-04-09 20:00:00,0
199,287.08,2026-04-09 21:00:00,1
349,597.97,2026-04-09 22:00:00,1
495,562.85,2026-04-09 23:00:00,1
426,352.7,2026-04-10 00:00:00,0
68,164.08,2026-04-10 01:00:00,0
493,572.37,2026-04-10 02:00:00,0
326,343.72,2026-04-10 03:00:00,0
89,118.65,2026-04-10 04:00:00,0
224,237.15,2026-04-10 05:00:00,0
458,78.71,2026-04-10 06:00:00,1
196,246.33,2026-04-10 07:00:00,0
91,366.49,2026-04-10 08:00:00,1
437,316.69,2026-04-10 09:00:00,1
476,288.3,2026-04-10 10:00:00,0
487,363.68,2026-04-10 11:00:00,0
477,492.92,2026-04-10 12:00:00,0
436,631.07,2026-04-10 13:00:00,1
227,689.83,2026-04-10 14:00:00,1
96,187.17,2026-04-10 15:00:00,1
308,736.09,2026-04-10 16:00:00,0
110,344.13,2026-04-10 17:00:00,1
236,264.0,2026-04-10 18:00:00,1
328,144.44,2026-04-10 19:00:00,1
473,468.93,2026-04-10 20:00:00,0
144,456.17,2026-04-10 21:00:00,0
125,219.92,2026-04-10 22:00:00,0
367,225.28,2026-04-10 23:00:00,1
3,307.88,2026-04-11 00:00:00,0
283,260.4,2026-04-11 01:00:00,1
372,179.95,2026-04-11 02:00:00,0
275,130.29,2026-04-11 03:00:00,1
191,741.63,2026-04-11 04:00:00,1
414,236.17,2026-04-11 05:00:00,0
185,454.34,2026-04-11 06:00:00,0
355,519.0,2026-04-11 07:00:00,0
232,470.56,2026-04-11 08:00:00,0
13,538.74,2026-04-11 09:00:00,1
265,466.84,2026-04-11 10:00:00,1
24,203.05,2026-04-11 11:00:00,1
465,272.12,2026-04-11 12:00:00,1
300,728.28,2026-04-11 13:00:00,0
186,230.64,2026-04-11 14:00:00,0
243,344.5,2026-04-11 15:00:00,1
309,494.44,2026-04-11 16:00:00,0
130,909.95,2026-04-11 17:00:00,0
144,685.1,2026-04-11 18:00:00,0
209,158.36,2026-04-11 19:00:00,1
129,444.08,2026-04-11 20:00:00,1
378,408.11,2026-04-11 21:00:00,0
51,273.98,2026-04-11 22:00:00,1
413,352.07,2026-04-11 23:00:00,0
174,201.39,2026-04-12 00:00:00,1
280,303.64,2026-04-12 01:00:00,0
78,232.38,2026-04-12 02:00:00,1
192,371.99,2026-04-12 03:00:00,0
377,266.15,2026-04-12 04:00:00,1
135,955.75,2026-04-12 05:00:00,0
66,381.09,2026-04-12 06:00:00,0
260,329.28,2026-04-12 07:00:00,0
81,291.38,2026-04-12 08:00:00,0
157,266.72,2026-04-12 09:00:00,0
225,118.68,2026-04-12 10:00:00,0
282,597.0,2026-04-12 11:00:00,1
319,835.36,2026-04-12 12:00:00,1
338,229.54,2026-04-12 13:00:00,1
422,725.74,2026-04-12 14:00:00,0
33,1480.97,2026-04-12 15:00:00,1
181,1146.28,2026-04-12 16:00:00,1
0,810.99,2026-04-12 17:00:00,0
4,132.83,2026-04-12 18:00:00,0
106,131.43,2026-04-12 19:00:00,0
299,536.94,2026-04-12 20:00:00,1
447,347.04,2026-04-12 21:00:00,1
386,46.98,2026-04-12 22:00:00,0
323,251.08,2026-04-12 23:00:00,1
389,520.66,2026-04-13 00:00:00,1
85,306.99,2026-04-13 01:00:00,1
419,348.3,2026-04-13 02:00:00,1
445,131.25,2026-04-13 03:00:00,1
47,248.54,2026-04-13 04:00:00,0
234,538.51,2026-04-13 05:00:00,1
415,239.03,2026-04-13 06:00:00,0
238,764.91,2026-04-13 07:00:00,1
420,354.18,2026-04-13 08:00:00,0
467,467.7,2026-04-13 09:00:00,0
237,530.15,2026-04-13 10:00:00,1
29,515.64,2026-04-13 11:00:00,1
170,154.43,2026-04-13 12:00:00,1
107,178.85,2026-04-13 13:00:00,1
237,45.96,2026-04-13 14:00:00,1
292,271.39,2026-04-13 15:00:00,1
231,167.63,2026-04-13 16:00:00,1
97,233.4,2026-04-13 17:00:00,0
150,293.32,2026-04-13 18:00:00,1
339,388.6,2026-04-13 19:00:00,0
13,310.47,2026-04-13 20:00:00,1
107,306.19,2026-04-13 21:00:00,0
446,442.0,2026-04-13 22:00:00,0
49,337.14,2026-04-13 23:00:00,0
207,626.88,2026-04-14 00:00:00,0
103,337.94,2026-04-14 01:00:00,1
52,913.62,2026-04-14 02:00:00,1
211,149.09,2026-04-14 03:00:00,1
260,267.68,2026-04-14 04:00:00,0
88,204.41,2026-04-14 05:00:00,0
38,399.49,2026-04-14 06:00:00,0
67,149.0,2026-04-14 07:00:00,1
325,95.3,2026-04-14 08:00:00,1
430,174.37,2026-04-14 09:00:00,0
90,101.92,2026-04-14 10:00:00,0
160,296.27,2026-04-14 11:00:00,1
171,387.8,2026-04-14 12:00:00,1
180,81.99,2026-04-14 13:00:00,0
122,254.99,2026-04-14 14:00:00,0
27,683.86,2026-04-14 15:00:00,1
262,818.08,2026-04-14 16:00:00,1
178,567.93,2026-04-14 17:00:00,1
171,27.53,2026-04-14 18:00:00,1
132,362.93,2026-04-14 19:00:00,1
464,737.44,2026-04-14 20:00:00,0
305,235.37,2026-04-14 21:00:00,1
209,120.55,2026-04-14 22:00:00,0
102,701.04,2026-04-14 23:00:00,0
400,770.29,2026-04-15 00:00:00,0
444,335.34,2026-04-15 01:00:00,1
16,121.58,2026-04-15 02:00:00,0
464,71.9,2026-04-15 03:00:00,0
349,428.59,2026-04-15 04:00:00,1
49,205.82,2026-04-15 05:00:00,0
376,319.97,2026-04-15 06:00:00,1
53,295.07,2026-04-15 07:00:00,1
25,166.64,2026-04-15 08:00:00,1
57,67.93,2026-04-15 09:00:00,1
229,240.3,2026-04-15 10:00:00,1
309,373.29,2026-04-15 11:00:00,1
203,386.0,2026-04-15 12:00:00,1
60,195.26,2026-04-15 13:00:00,0
99,759.95,2026-04-15 14:00:00,0
426,132.83,2026-04-15 15:00:00,1
481,648.13,2026-04-15 16:00:00,0
377,364.71,2026-04-15 17:00:00,0
51,241.97,2026-04-15 18:00:00,0
409,468.48,2026-04-15 19:00:00,1
345,281.94,2026-04-15 20:00:00,1
263,94.12,2026-04-15 21:00:00,1
71,124.32,2026-04-15 22:00:00,1
498,268.24,2026-04-15 23:00:00,1
221,217.55,2026-04-16 00:00:00,1
22,638.16,2026-04-16 01:00:00,1
104,209.63,2026-04-16 02:00:00,1
200,199.36,2026-04-16 03:00:00,1
31,178.74,2026-04-16 04:00:00,0
161,166.33,2026-04-16 05:00:00,0
234,170.92,2026-04-16 06:00:00,0
474,107.92,2026-04-16 07:00:00,1
43,375.9,2026-04-16 08:00:00,1
288,300.13,2026-04-16 09:00:00,1
457,290.81,2026-04-16 10:00:00,1
403,76.39,2026-04-16 11:00:00,0
462,440.63,2026-04-16 12:00:00,0
85,471.8,2026-04-16 13:00:00,0
400,884.9,2026-04-16 14:00:00,1
489,454.24,2026-04-16 15:00:00,0
163,1003.18,2026-04-16 16:00:00,0
249,191.52,2026-04-16 17:00:00,1
265,916.27,2026-04-16 18:00:00,0
246,464.53,2026-04-16 19:00:00,1
144,424.5,2026-04-16 20:00:00,1
485,285.27,2026-04-16 21:00:00,1
478,241.21,2026-04-16 22:00:00,0
190,203.58,2026-04-16 23:00:00,0
402,936.76,2026-04-17 00:00:00,0
198,278.44,2026-04-17 01:00:00,0
397,470.36,2026-04-17 02:00:00,1
292,543.32,2026-04-17 03:00:00,1
235,538.06,2026-04-17 04:00:00,0
64,377.14,2026-04-17 05:00:00,0
327,905.19,2026-04-17 06:00:00,0
160,444.92,2026-04-17 07:00:00,0
108,199.42,2026-04-17 08:00:00,1
96,250.06,2026-04-17 09:00:00,0
490,80.8,2026-04-17 10:00:00,0
51,406.91,2026-04-17 11:00:00,0
399,497.94,2026-04-17 12:00:00,1
433,527.85,2026-04-17 13:00:00,0
15,464.54,2026-04-17 14:00:00,0
294,286.02,2026-04-17 15:00:00,1
288,327.58,2026-04-17 16:00:00,1
179,328.28,2026-04-17 17:00:00,0
333,639.68,2026-04-17 18:00:00,1
204,52.11,2026-04-17 19:00:00,0
219,228.53,2026-04-17 20:00:00,0
215,140.0,2026-04-17 21:00:00,1
400,1148.34,2026-04-17 22:00:00,0
316,725.47,2026-04-17 23:00:00,1
189,236.2,2026-04-18 00:00:00,0
463,97.61,2026-04-18 01:00:00,1
401,124.64,2026-04-18 02:00:00,0
466,633.87,2026-04-18 03:00:00,1
365,78.41,2026-04-18 04:00:00,1
195,331.5,2026-04-18 05:00:00,1
386,565.68,2026-04-18 06:00:00,0
164,113.86,2026-04-18 07:00:00,1
135,328.89,2026-04-18 08:00:00,0
225,239.29,2026-04-18 09:00:00,1
484,215.35,2026-04-18 10:00:00,1
283,187.01,2026-04-18 11:00:00,0
191,597.66,2026-04-18 12:00:00,0
230,828.49,2026-04-18 13:00:00,1
145,269.13,2026-04-18 14:00:00,1
329,425.8,2026-04-18 15:00:00,0
175,334.5,2026-04-18 16:00:00,0
277,59.94,2026-04-18 17:00:00,0
184,261.05,2026-04-18 18:00:00,1
160,47.89,2026-04-18 19:00:00,0
485,223.78,2026-04-18 20:00:00,1
172,322.22,2026-04-18 21:00:00,0
35,535.22,2026-04-18 22:00:00,1
189,399.12,2026-04-18 23:00:00,0
266,608.11,2026-04-19 00:00:00,0
47,162.68,2026-04-19 01:00:00,1
152,760.55,2026-04-19 02:00:00,1
83,829.06,2026-04-19 03:00:00,0
250,45.16,2026-04-19 04:00:00,0
361,73.86,2026-04-19 05:00:00,0
484,316.61,2026-04-19 06:00:00,1
194,210.63,2026-04-19 07:00:00,0
431,237.65,2026-04-19 08:00:00,1
107,396.54,2026-04-19 09:00:00,0
390,624.46,2026-04-19 10:00:00,1
281,155.43,2026-04-19 11:00:00,1
379,695.0,2026-04-19 12:00:00,0
377,184.25,2026-04-19 13:00:00,0
266,1249.13,2026-04-19 14:00:00,1
128,764.18,2026-04-19 15:00:00,0
263,200.14,2026-04-19 16:00:00,0
413,99.74,2026-04-19 17:00:00,0
485,196.38,2026-04-19 18:00:00,0
463,174.78,2026-04-19 19:00:00,0
90,490.51,2026-04-19 20:00:00,0
298,46.5,2026-04-19 21:00:00,0
52,74.81,2026-04-19 22:00:00,0
334,480.91,2026-04-19 23:00:00,0
496,168.56,2026-04-20 00:00:00,0
26,226.09,2026-04-20 01:00:00,1
328,563.94,2026-04-20 02:00:00,0
472,643.27,2026-04-20 03:00:00,1
423,739.98,2026-04-20 04:00:00,1
196,532.14,2026-04-20 05:00:00,1
51,278.78,2026-04-20 06:00:00,1
461,261.3,2026-04-20 07:00:00,0
460,238.27,2026-04-20 08:00:00,1
289,114.26,2026-04-20 09:00:00,0
489,150.03,2026-04-20 10:00:00,0
2,676.86,2026-04-20 11:00:00,1
308,183.16,2026-04-20 12:00:00,0
19,114.94,2026-04-20 13:00:00,0
467,714.63,2026-04-20 14:00:00,1
340,379.36,2026-04-20 15:00:00,1
456,950.08,2026-04-20 16:00:00,1
281,884.86,2026-04-20 17:00:00,1
41,124.44,2026-04-20 18:00:00,1
13,301.2,2026-04-20 19:00:00,0
167,140.39,2026-04-20 20:00:00,0
371,139.31,2026-04-20 21:00:00,0
75,232.86,2026-04-20 22:00:00,0
426,500.46,2026-04-20 23:00:00,1
119,502.52,2026-04-21 00:00:00,1
248,460.24,2026-04-21 01:00:00,1
101,278.13,2026-04-21 02:00:00,1
232,521.21,2026-04-21 03:00:00,1
226,113.35,2026-04-21 04:00:00,0
2,383.76,2026-04-21 05:00:00,0
283,329.93,2026-04-21 06:00:00,0
393,265.46,2026-04-21 07:00:00,1
468,394.5,2026-04-21 08:00:00,1
165,142.84,2026-04-21 09:00:00,0
440,472.98,2026-04-21 10:00:00,0
439,323.6,2026-04-21 11:00:00,0
494,82.18,2026-04-21 12:00:00,0
186,318.1,2026-04-21 13:00:00,1
425,212.35,2026-04-21 14:00:00,1
282,688.27,2026-04-21 15:00:00,1
29,121.18,2026-04-21 16:00:00,0
135,125.2,2026-04-21 17:00:00,0
336,431.1,2026-04-21 18:00:00,1
80,286.7,2026-04-21 19:00:00,0
217,276.28,2026-04-21 20:00:00,0
387,1253.79,2026-04-21 21:00:00,0
74,512.44,2026-04-21 22:00:00,0
248,249.87,2026-04-21 23:00:00,0
107,71.94,2026-04-22 00:00:00,0
268,238.9,2026-04-22 01:00:00,0
120,109.99,2026-04-22 02:00:00,1
482,151.01,2026-04-22 03:00:00,1
38,155.47,2026-04-22 04:00:00,1
481,651.81,2026-04-22 05:00:00,0
395,89.24,2026-04-22 06:00:00,1
427,608.25,2026-04-22 07:00:00,1
425,445.15,2026-04-22 08:00:00,0
93,440.5,2026-04-22 09:00:00,0
465,145.71,2026-04-22 10:00:00,1
297,554.1,2026-04-22 11:00:00,0
481,130.98,2026-04-22 12:00:00,0
439,837.79,2026-04-22 13:00:00,0
289,662.21,2026-04-22 14:00:00,0
187,934.15,2026-04-22 15:00:00,0
58,331.22,2026-04-22 16:00:00,0
50,286.55,2026-04-22 17:00:00,1
194,233.76,2026-04-22 18:00:00,0
405,1236.37,2026-04-22 19:00:00,1
252,497.34,2026-04-22 20:00:00,0
240,111.16,2026-04-22 21:00:00,1
122,774.36,2026-04-22 22:00:00,1
282,278.2,2026-04-22 23:00:00,0
319,18.86,2026-04-23 00:00:00,0
491,174.25,2026-04-23 01:00:00,1
364,661.91,2026-04-23 02:00:00,0
303,446.22,2026-04-23 03:00:00,1
455,510.28,2026-04-23 04:00:00,0
212,769.29,2026-04-23 05:00:00,0
467,59.48,2026-04-23 06:00:00,0
184,176.07,2026-04-23 07:00:00,1
63,336.81,2026-04-23 08:00:00,0
208,675.28,2026-04-23 09:00:00,1
64,130.3,2026-04-23 10:00:00,0
59,248.68,2026-04-23 11:00:00,1
440,320.95,2026-04-23 12:00:00,1
397,168.7,2026-04-23 13:00:00,1
110,318.21,2026-04-23 14:00:00,0
418,285.47,2026-04-23 15:00:00,1
34,208.12,2026-04-23 16:00:00,1
142,553.12,2026-04-23 17:00:00,0
353,485.9,2026-04-23 18:00:00,0
151,570.24,2026-04-23 19:00:00,1
365,605.14,2026-04-23 20:00:00,0
437,79.0,2026-04-23 21:00:00,1
33,88.41,2026-04-23 22:00:00,0
11,520.95,2026-04-23 23:00:00,0
470,224.19,2026-04-24 00:00:00,1
260,201.68,2026-04-24 01:00:00,1
253,177.21,2026-04-24 02:00:00,0
231,584.01,2026-04-24 03:00:00,1
216,1185.47,2026-04-24 04:00:00,0
345,602.95,2026-04-24 05:00:00,0
289,216.03,2026-04-24 06:00:00,1
81,563.73,2026-04-24 07:00:00,1
313,85.67,2026-04-24 08:00:00,0
334,270.2,2026-04-24 09:00:00,1
56,59.57,2026-04-24 10:00:00,0
188,224.53,2026-04-24 11:00:00,1
395,364.69,2026-04-24 12:00:00,1
309,1329.83,2026-04-24 13:00:00,1
68,712.23,2026-04-24 14:00:00,0
20,60.93,2026-04-24 15:00:00,0
290,67.58,2026-04-24 16:00:00,0
230,169.7,2026-04-24 17:00:00,1
480,1012.51,2026-04-24 18:00:00,1
261,64.09,2026-04-24 19:00:00,1
465,178.38,2026-04-24 20:00:00,0
107,177.57,2026-04-24 21:00:00,1
223,430.53,2026-04-24 22:00:00,1
69,573.73,2026-04-24 23:00:00,0
287,489.3,2026-04-25 00:00:00,0
94,387.85,2026-04-25 01:00:00,0
246,82.1,2026-04-25 02:00:00,0
172,344.34,2026-04-25 03:00:00,1
92,784.07,2026-04-25 04:00:00,1
48,963.51,2026-04-25 05:00:00,0
256,422.22,2026-04-25 06:00:00,1
473,61.59,2026-04-25 07:00:00,0
99,427.45,2026-04-25 08:00:00,1
202,284.77,2026-04-25 09:00:00,1
112,72.7,2026-04-25 10:00:00,1
404,123.33,2026-04-25 11:00:00,1
207,145.64,2026-04-25 12:00:00,1
487,522.22,2026-04-25 13:00:00,1
122,936.61,2026-04-25 14:00:00,0
40,467.05,2026-04-25 15:00:00,1
291,533.98,2026-04-25 16:00:00,1
325,300.57,2026-04-25 17:00:00,1
495,199.04,2026-04-25 18:00:00,0
435,476.24,2026-04-25 19:00:00,0
442,391.64,2026-04-25 20:00:00,1
317,158.01,2026-04-25 21:00:00,1
179,372.55,2026-04-25 22:00:00,1
214,315.94,2026-04-25 23:00:00,1
66,247.12,2026-04-26 00:00:00,1
215,193.19,2026-04-26 01:00:00,1
182,421.94,2026-04-26 02:00:00,1
17,204.0,2026-04-26 03:00:00,0
102,1186.51,2026-04-26 04:00:00,1
267,455.84,2026-04-26 05:00:00,0
184,427.1,2026-04-26 06:00:00,1
496,276.07,2026-04-26 07:00:00,1
239,229.93,2026-04-26 08:00:00,1
479,46.52,2026-04-26 09:00:00,1
330,167.48,2026-04-26 10:00:00,0
20,60.07,2026-04-26 11:00:00,1
101,59.15,2026-04-26 12:00:00,1
352,106.35,2026-04-26 13:00:00,1
272,729.21,2026-04-26 14:00:00,0
150,726.81,2026-04-26 15:00:00,1
261,170.96,2026-04-26 16:00:00,0
451,80.06,2026-04-26 17:00:00,0
194,221.49,2026-04-26 18:00:00,1
22,518.49,2026-04-26 19:00:00,1
155,629.9,2026-04-26 20:00:00,1
467,368.58,2026-04-26 21:00:00,1
380,418.08,2026-04-26 22:00:00,1
418,388.83,2026-04-26 23:00:00,0
455,64.99,2026-04-27 00:00:00,0
58,88.49,2026-04-27 01:00:00,0
141,962.41,2026-04-27 02:00:00,1
29,367.28,2026-04-27 03:00:00,1
2,33.76,2026-04-27 04:00:00,1
417,436.59,2026-04-27 05:00:00,1
468,139.39,2026-04-27 06:00:00,1
77,665.16,2026-04-27 07:00:00,0
361,616.94,2026-04-27 08:00:00,0
267,498.28,2026-04-27 09:00:00,0
34,364.14,2026-04-27 10:00:00,0
457,777.56,2026-04-27 11:00:00,0
435,831.65,2026-04-27 12:00:00,1
283,142.74,2026-04-27 13:00:00,1
353,494.42,2026-04-27 14:00:00,0
198,195.04,2026-04-27 15:00:00,1
396,124.3,2026-04-27 16:00:00,1
222,831.16,2026-04-27 17:00:00,0
494,551.78,2026-04-27 18:00:00,0
31,386.92,2026-04-27 19:00:00,1
86,155.6,2026-04-27 20:00:00,1
484,847.71,2026-04-27 21:00:00,0
144,137.52,2026-04-27 22:00:00,0
155,110.09,2026-04-27 23:00:00,0
395,316.67,2026-04-28 00:00:00,0
94,518.42,2026-04-28 01:00:00,0
256,239.85,2026-04-28 02:00:00,1
143,359.74,2026-04-28 03:00:00,1
98,194.34,2026-04-28 04:00:00,1
482,213.48,2026-04-28 05:00:00,1
99,1035.42,2026-04-28 06:00:00,0
47,293.98,2026-04-28 07:00:00,0
336,811.6,2026-04-28 08:00:00,0
433,56.74,2026-04-28 09:00:00,1
63,674.49,2026-04-28 10:00:00,0
353,162.54,2026-04-28 11:00:00,1
270,561.22,2026-04-28 12:00:00,0
415,161.33,2026-04-28 13:00:00,1
63,226.45,2026-04-28 14:00:00,1
487,120.83,2026-04-28 15:00:00,1
309,568.84,2026-04-28 16:00:00,0
421,632.74,2026-04-28 17:00:00,1
180,167.3,2026-04-28 18:00:00,1
471,74.47,2026-04-28 19:00:00,0
313,803.75,2026-04-28 20:00:00,0
63,185.41,2026-04-28 21:00:00,0
461,281.99,2026-04-28 22:00:00,0
397,141.58,2026-04-28 23:00:00,1
150,530.68,2026-04-29 00:00:00,0
272,540.16,2026-04-29 01:00:00,1
194,894.92,2026-04-29 02:00:00,1
271,688.17,2026-04-29 03:00:00,1
482,655.77,2026-04-29 04:00:00,1
449,302.88,2026-04-29 05:00:00,1
107,274.28,2026-04-29 06:00:00,1
485,525.42,2026-04-29 07:00:00,1
218,289.7,2026-04-29 08:00:00,0
352,704.46,2026-04-29 09:00:00,1
382,133.44,2026-04-29 10:00:00,0
241,55.42,2026-04-29 11:00:00,1
228,482.16,2026-04-29 12:00:00,0
228,205.92,2026-04-29 13:00:00,0
431,115.06,2026-04-29 14:00:00,1
193,1276.71,2026-04-29 15:00:00,1
139,325.26,2026-04-29 16:00:00,0
180,90.83,2026-04-29 17:00:00,1
97,185.55,2026-04-29 18:00:00,0
195,255.98,2026-04-29 19:00:00,0
57,474.97,2026-04-29 20:00:00,1
44,186.39,2026-04-29 21:00:00,0
361,285.36,2026-04-29 22:00:00,0
38,396.97,2026-04-29 23:00:00,1
284,453.39,2026-04-30 00:00:00,1
389,302.06,2026-04-30 01:00:00,1
362,1024.49,2026-04-30 02:00:00,1
223,534.71,2026-04-30 03:00:00,0
96,513.77,2026-04-30 04:00:00,1
465,500.39,2026-04-30 05:00:00,0
417,708.21,2026-04-30 06:00:00,1
306,377.37,2026-04-30 07:00:00,0
43,131.39,2026-04-30 08:00:00,0
17,437.69,2026-04-30 09:00:00,0
157,478.92,2026-04-30 10:00:00,1
78,784.94,2026-04-30 11:00:00,1
430,119.24,2026-04-30 12:00:00,0
102,148.31,2026-04-30 13:00:00,1
141,333.47,2026-04-30 14:00:00,1
487,510.67,2026-04-30 15:00:00,1
409,98.98,2026-04-30 16:00:00,1
109,122.39,2026-04-30 17:00:00,0
191,599.42,2026-04-30 18:00:00,0
257,103.09,2026-04-30 19:00:00,0
332,150.2,2026-04-30 20:00:00,1
468,626.26,2026-04-30 21:00:00,0
435,505.34,2026-04-30 22:00:00,0
488,188.07,2026-04-30 23:00:00,1
20,464.26,2026-05-01 00:00:00,0
118,401.56,2026-05-01 01:00:00,1
281,292.86,2026-05-01 02:00:00,0
24,234.94,2026-05-01 03:00:00,0
177,451.05,2026-05-01 04:00:00,1
76,112.23,2026-05-01 05:00:00,1
466,447.3,2026-05-01 06:00:00,1
31,374.26,2026-05-01 07:00:00,0
74,394.68,2026-05-01 08:00:00,1
97,144.26,2026-05-01 09:00:00,0
74,798.39,2026-05-01 10:00:00,1
284,188.64,2026-05-01 11:00:00,1
182,214.93,2026-05-01 12:00:00,0
456,283.79,2026-05-01 13:00:00,0
130,504.5,2026-05-01 14:00:00,1
268,385.89,2026-05-01 15:00:00,1
330,71.55,2026-05-01 16:00:00,1
312,321.66,2026-05-01 17:00:00,0
398,342.62,2026-05-01 18:00:00,0
100,811.59,2026-05-01 19:00:00,1
253,252.56,2026-05-01 20:00:00,1
400,473.57,2026-05-01 21:00:00,0
431,1669.58,2026-05-01 22:00:00,0
308,718.91,2026-05-01 23:00:00,0
325,137.07,2026-05-02 00:00:00,0
432,553.02,2026-05-02 01:00:00,0
312,448.67,2026-05-02 02:00:00,1
474,245.83,2026-05-02 03:00:00,1
63,557.56,2026-05-02 04:00:00,1
173,135.18,2026-05-02 05:00:00,1
56,191.97,2026-05-02 06:00:00,0
45,286.18,2026-05-02 07:00:00,1
235,236.62,2026-05-02 08:00:00,1
112,515.77,2026-05-02 09:00:00,0
203,314.87,2026-05-02 10:00:00,0
218,217.49,2026-05-02 11:00:00,0
310,710.78,2026-05-02 12:00:00,0
472,502.01,2026-05-02 13:00:00,0
424,87.1,2026-05-02 14:00:00,1
189,85.36,2026-05-02 15:00:00,1
162,218.78,2026-05-02 16:00:00,1
385,98.39,2026-05-02 17:00:00,0
61,634.52,2026-05-02 18:00:00,1
270,199.86,2026-05-02 19:00:00,0
211,473.14,2026-05-02 20:00:00,0
91,547.6,2026-05-02 21:00:00,1
308,47.13,2026-05-02 22:00:00,1
160,207.66,2026-05-02 23:00:00,1
92,275.97,2026-05-03 00:00:00,0
326,398.65,2026-05-03 01:00:00,0
87,610.03,2026-05-03 02:00:00,0
336,1314.28,2026-05-03 03:00:00,0
81,957.58,2026-05-03 04:00:00,0
217,311.98,2026-05-03 05:00:00,0
403,309.11,2026-05-03 06:00:00,0
114,891.59,2026-05-03 07:00:00,1
383,325.31,2026-05-03 08:00:00,0
360,203.73,2026-05-03 09:00:00,0
451,641.74,2026-05-03 10:00:00,1
84,413.01,2026-05-03 11:00:00,1
357,84.0,2026-05-03 12:00:00,1
468,254.36,2026-05-03 13:00:00,0
381,101.47,2026-05-03 14:00:00,0
93,18.8,2026-05-03 15:00:00,1
411,1046.55,2026-05-03 16:00:00,1
53,357.85,2026-05-03 17:00:00,1
294,262.06,2026-05-03 18:00:00,1
248,217.38,2026-05-03 19:00:00,0
265,330.05,2026-05-03 20:00:00,1
259,215.09,2026-05-03 21:00:00,0
15,139.37,2026-05-03 22:00:00,1
254,225.8,2026-05-03 23:00:00,0
468,833.57,2026-05-04 00:00:00,1
218,631.69,2026-05-04 01:00:00,1
138,226.04,2026-05-04 02:00:00,1
497,1117.37,2026-05-04 03:00:00,1
49,309.1,2026-05-04 04:00:00,0
243,168.95,2026-05-04 05:00:00,1
256,426.53,2026-05-04 06:00:00,0
238,923.08,2026-05-04 07:00:00,0
460,807.13,2026-05-04 08:00:00,1
210,176.36,2026-05-04 09:00:00,0
486,114.69,2026-05-04 10:00:00,0
33,243.3,2026-05-04 11:00:00,1
366,479.38,2026-05-04 12:00:00,1
296,574.48,2026-05-04 13:00:00,1
120,731.11,2026-05-04 14:00:00,1
113,372.71,2026-05-04 15:00:00,1
359,381.88,2026-05-04 16:00:00,0
318,362.54,2026-05-04 17:00:00,1
305,667.54,2026-05-04 18:00:00,0
25,581.56,2026-05-04 19:00:00,1
298,170.88,2026-05-04 20:00:00,0
490,532.79,2026-05-04 21:00:00,1
8,638.29,2026-05-04 22:00:00,1
234,673.55,2026-05-04 23:00:00,1
247,413.35,2026-05-05 00:00:00,1
448,397.02,2026-05-05 01:00:00,1
141,319.53,2026-05-05 02:00:00,1
237,345.45,2026-05-05 03:00:00,1
358,1005.7,2026-05-05 04:00:00,0
30,354.26,2026-05-05 05:00:00,1
400,182.97,2026-05-05 06:00:00,0
411,419.77,2026-05-05 07:00:00,0
359,566.62,2026-05-05 08:00:00,1
324,654.57,2026-05-05 09:00:00,1
373,137.92,2026-05-05 10:00:00,1
390,871.87,2026-05-05 11:00:00,1
451,551.88,2026-05-05 12:00:00,1
214,839.2,2026-05-05 13:00:00,0
228,94.61,2026-05-05 14:00:00,1
318,691.14,2026-05-05 15:00:00,1
96,131.9,2026-05-05 16:00:00,1
428,266.53,2026-05-05 17:00:00,0
385,564.48,2026-05-05 18:00:00,1
315,120.22,2026-05-05 19:00:00,0
150,213.71,2026-05-05 20:00:00,0
173,92.88,2026-05-05 21:00:00,0
217,554.11,2026-05-05 22:00:00,1
331,168.4,2026-05-05 23:00:00,1
389,337.42,2026-05-06 00:00:00,0
335,449.28,2026-05-06 01:00:00,1
464,416.3,2026-05-06 02:00:00,1
480,389.16,2026-05-06 03:00:00,1
352,388.6,2026-05-06 04:00:00,1
185,99.18,2026-05-06 05:00:00,0
299,278.24,2026-05-06 06:00:00,0
212,386.05,2026-05-06 07:00:00,1
314,355.71,2026-05-06 08:00:00,0
406,303.87,2026-05-06 09:00:00,0
184,188.69,2026-05-06 10:00:00,0
252,409.73,2026-05-06 11:00:00,0
22,466.2,2026-05-06 12:00:00,0
368,237.66,2026-05-06 13:00:00,0
244,657.68,2026-05-06 14:00:00,0
229,884.02,2026-05-06 15:00:00,1
266,342.49,2026-05-06 16:00:00,0
107,174.18,2026-05-06 17:00:00,0
298,118.83,2026-05-06 18:00:00,0
372,263.48,2026-05-06 19:00:00,1
174,323.79,2026-05-06 20:00:00,0
65,112.95,2026-05-06 21:00:00,1
193,257.14,2026-05-06 22:00:00,0
99,634.41,2026-05-06 23:00:00,0
186,38.56,2026-05-07 00:00:00,0
313,358.77,2026-05-07 01:00:00,1
56,212.64,2026-05-07 02:00:00,0
373,331.45,2026-05-07 03:00:00,0
112,915.62,2026-05-07 04:00:00,0
447,319.79,2026-05-07 05:00:00,0
366,285.53,2026-05-07 06:00:00,1
136,529.61,2026-05-07 07:00:00,0
281,413.8,2026-05-07 08:00:00,0
55,359.92,2026-05-07 09:00:00,1
49,424.64,2026-05-07 10:00:00,0
478,753.83,2026-05-07 11:00:00,1
401,606.73,2026-05-07 12:00:00,1
77,270.49,2026-05-07 13:00:00,1
141,883.63,2026-05-07 14:00:00,0
98,223.41,2026-05-07 15:00:00,1
197,358.81,2026-05-07 16:00:00,1
145,389.65,2026-05-07 17:00:00,0
164,260.51,2026-05-07 18:00:00,0
264,821.18,2026-05-07 19:00:00,1
94,250.36,2026-05-07 20:00:00,1
441,300.99,2026-05-07 21:00:00,0
363,667.84,2026-05-07 22:00:00,1
380,230.19,2026-05-07 23:00:00,0
84,108.54,2026-05-08 00:00:00,0
354,366.43,2026-05-08 01:00:00,1
418,140.82,2026-05-08 02:00:00,1
87,127.03,2026-05-08 03:00:00,0
375,39.69,2026-05-08 04:00:00,1
178,46.6,2026-05-08 05:00:00,0
393,50.91,2026-05-08 06:00:00,1
239,961.15,2026-05-08 07:00:00,0
401,50.68,2026-05-08 08:00:00,1
73,137.64,2026-05-08 09:00:00,0
194,304.89,2026-05-08 10:00:00,0
136,513.37,2026-05-08 11:00:00,1
124,550.52,2026-05-08 12:00:00,0
154,174.27,2026-05-08 13:00:00,0
191,353.97,2026-05-08 14:00:00,1
63,298.12,2026-05-08 15:00:00,1
353,339.15,2026-05-08 16:00:00,0
275,373.4,2026-05-08 17:00:00,0
414,448.2,2026-05-08 18:00:00,0
352,209.39,2026-05-08 19:00:00,1
74,251.88,2026-05-08 20:00:00,0
34,1277.48,2026-05-08 21:00:00,1
211,220.02,2026-05-08 22:00:00,1
240,358.63,2026-05-08 23:00:00,1
120,300.19,2026-05-09 00:00:00,1
391,348.31,2026-05-09 01:00:00,1
290,679.83,2026-05-09 02:00:00,0
373,287.18,2026-05-09 03:00:00,1
54,122.14,2026-05-09 04:00:00,1
407,206.29,2026-05-09 05:00:00,1
103,287.67,2026-05-09 06:00:00,1
224,382.29,2026-05-09 07:00:00,1
219,174.98,2026-05-09 08:00:00,0
410,191.71,2026-05-09 09:00:00,0
138,392.47,2026-05-09 10:00:00,1
120,402.36,2026-05-09 11:00:00,0
169,616.2,2026-05-09 12:00:00,1
180,204.18,2026-05-09 13:00:00,1
90,479.59,2026-05-09 14:00:00,0
88,300.62,2026-05-09 15:00:00,0
115,228.83,2026-05-09 16:00:00,0
233,308.15,2026-05-09 17:00:00,0
171,341.16,2026-05-09 18:00:00,1
196,110.09,2026-05-09 19:00:00,1
359,118.49,2026-05-09 20:00:00,1
120,525.83,2026-05-09 21:00:00,0
454,247.03,2026-05-09 22:00:00,0
375,384.3,2026-05-09 23:00:00,0
87,515.13,2026-05-10 00:00:00,0
156,309.54,2026-05-10 01:00:00,1
91,485.73,2026-05-10 02:00:00,1
136,342.77,2026-05-10 03:00:00,0
182,354.67,2026-05-10 04:00:00,1
65,717.21,2026-05-10 05:00:00,0
7,284.77,2026-05-10 06:00:00,1
219,529.99,2026-05-10 07:00:00,0
350,91.79,2026-05-10 08:00:00,0
151,374.38,2026-05-10 09:00:00,0
430,839.63,2026-05-10 10:00:00,0
184,1336.86,2026-05-10 11:00:00,0
450,96.58,2026-05-10 12:00:00,1
117,246.06,2026-05-10 13:00:00,1
269,143.7,2026-05-10 14:00:00,1
381,293.46,2026-05-10 15:00:00,0
29,589.8,2026-05-10 16:00:00,1
465,734.37,2026-05-10 17:00:00,0
182,750.21,2026-05-10 18:00:00,0
248,88.01,2026-05-10 19:00:00,1
314,335.72,2026-05-10 20:00:00,1
321,200.78,2026-05-10 21:00:00,0
11,280.61,2026-05-10 22:00:00,1
433,224.59,2026-05-10 23:00:00,0
311,92.65,2026-05-11 00:00:00,0
499,739.15,2026-05-11 01:00:00,0
235,176.47,2026-05-11 02:00:00,0
306,203.91,2026-05-11 03:00:00,0
220,842.95,2026-05-11 04:00:00,1
444,76.81,2026-05-11 05:00:00,0
416,443.66,2026-05-11 06:00:00,1
454,646.17,2026-05-11 07:00:00,0
252,799.31,2026-05-11 08:00:00,0
395,422.51,2026-05-11 09:00:00,1
179,536.68,2026-05-11 10:00:00,1
230,645.93,2026-05-11 11:00:00,1
380,296.96,2026-05-11 12:00:00,0
40,155.66,2026-05-11 13:00:00,1
355,884.89,2026-05-11 14:00:00,0
7,497.66,2026-05-11 15:00:00,0
290,335.43,2026-05-11 16:00:00,0
238,97.55,2026-05-11 17:00:00,1
234,29.91,2026-05-11 18:00:00,1
247,437.57,2026-05-11 19:00:00,1
245,27.34,2026-05-11 20:00:00,1
203,332.73,2026-05-11 21:00:00,0
225,183.53,2026-05-11 22:00:00,0
284,224.14,2026-05-11 23:00:00,1
381,755.61,2026-05-12 00:00:00,1
276,185.01,2026-05-12 01:00:00,1
321,345.24,2026-05-12 02:00:00,1
418,185.86,2026-05-12 03:00:00,0
494,409.09,2026-05-12 04:00:00,1
54,368.49,2026-05-12 05:00:00,1
356,332.9,2026-05-12 06:00:00,0
112,647.54,2026-05-12 07:00:00,0
98,77.01,2026-05-12 08:00:00,0
396,56.73,2026-05-12 09:00:00,0
34,115.65,2026-05-12 10:00:00,1
423,369.85,2026-05-12 11:00:00,0
385,459.83,2026-05-12 12:00:00,1
497,9.03,2026-05-12 13:00:00,0
333,455.58,2026-05-12 14:00:00,0
436,250.94,2026-05-12 15:00:00,1
59,899.91,2026-05-12 16:00:00,0
444,432.3,2026-05-12 17:00:00,1
80,831.99,2026-05-12 18:00:00,0
157,730.65,2026-05-12 19:00:00,0
64,251.05,2026-05-12 20:00:00,1
200,591.55,2026-05-12 21:00:00,1
374,250.62,2026-05-12 22:00:00,0
134,974.07,2026-05-12 23:00:00,1
411,269.85,2026-05-13 00:00:00,0
303,475.42,2026-05-13 01:00:00,1
314,1094.51,2026-05-13 02:00:00,1
469,490.22,2026-05-13 03:00:00,1
215,230.31,2026-05-13 04:00:00,1
172,103.15,2026-05-13 05:00:00,1
497,77.75,2026-05-13 06:00:00,1
278,453.96,2026-05-13 07:00:00,1
307,308.07,2026-05-13 08:00:00,1
148,117.67,2026-05-13 09:00:00,0
107,548.53,2026-05-13 10:00:00,1
84,543.3,2026-05-13 11:00:00,1
111,303.88,2026-05-13 12:00:00,1
97,856.27,2026-05-13 13:00:00,0
373,63.01,2026-05-13 14:00:00,0
28,237.52,2026-05-13 15:00:00,0
314,488.36,2026-05-13 16:00:00,1
474,130.98,2026-05-13 17:00:00,0
382,586.33,2026-05-13 18:00:00,1
201,706.84,2026-05-13 19:00:00,0
29,17.34,2026-05-13 20:00:00,0
417,875.45,2026-05-13 21:00:00,1
1,467.72,2026-05-13 22:00:00,0
340,215.26,2026-05-13 23:00:00,1
335,85.03,2026-05-14 00:00:00,0
95,640.73,2026-05-14 01:00:00,0
369,111.84,2026-05-14 02:00:00,1
87,467.11,2026-05-14 03:00:00,1
112,116.38,2026-05-14 04:00:00,1
405,327.06,2026-05-14 05:00:00,0
489,621.4,2026-05-14 06:00:00,1
132,217.66,2026-05-14 07:00:00,1
460,871.5,2026-05-14 08:00:00,1
456,496.39,2026-05-14 09:00:00,0
384,131.38,2026-05-14 10:00:00,1
70,92.19,2026-05-14 11:00:00,0
149,166.75,2026-05-14 12:00:00,0
338,315.22,2026-05-14 13:00:00,1
499,926.86,2026-05-14 14:00:00,1
407,1044.54,2026-05-14 15:00:00,1
210,210.77,2026-05-14 16:00:00,0
117,205.25,2026-05-14 17:00:00,0
480,555.96,2026-05-14 18:00:00,1
138,552.78,2026-05-14 19:00:00,0
171,780.22,2026-05-14 20:00:00,1
482,794.25,2026-05-14 21:00:00,0
280,156.52,2026-05-14 22:00:00,1
132,74.11,2026-05-14 23:00:00,1
2,501.58,2026-05-15 00:00:00,1
214,384.71,2026-05-15 01:00:00,0
493,37.95,2026-05-15 02:00:00,1
216,72.18,2026-05-15 03:00:00,0
349,484.45,2026-05-15 04:00:00,1
126,293.95,2026-05-15 05:00:00,1
387,492.36,2026-05-15 06:00:00,1
387,123.05,2026-05-15 07:00:00,1
304,518.02,2026-05-15 08:00:00,1
385,420.58,2026-05-15 09:00:00,0
289,545.24,2026-05-15 10:00:00,1
189,223.58,2026-05-15 11:00:00,1
368,184.99,2026-05-15 12:00:00,1
417,84.88,2026-05-15 13:00:00,0
420,255.45,2026-05-15 14:00:00,1
106,686.37,2026-05-15 15:00:00,0
338,818.15,2026-05-15 16:00:00,0
2,112.81,2026-05-15 17:00:00,1
285,315.03,2026-05-15 18:00:00,0
285,936.12,2026-05-15 19:00:00,0
181,1021.18,2026-05-15 20:00:00,1
497,247.05,2026-05-15 21:00:00,0
441,728.17,2026-05-15 22:00:00,1
19,645.4,2026-05-15 23:00:00,1
104,609.35,2026-05-16 00:00:00,0
103,61.24,2026-05-16 01:00:00,1
448,200.17,2026-05-16 02:00:00,0
259,288.96,2026-05-16 03:00:00,1
364,282.42,2026-05-16 04:00:00,0
404,312.4,2026-05-16 05:00:00,1
383,1095.67,2026-05-16 06:00:00,1
44,254.02,2026-05-16 07:00:00,0
70,435.03,2026-05-16 08:00:00,1
197,423.78,2026-05-16 09:00:00,1
169,315.45,2026-05-16 10:00:00,1
373,119.97,2026-05-16 11:00:00,0
78,348.86,2026-05-16 12:00:00,0
185,37.02,2026-05-16 13:00:00,1
118,467.16,2026-05-16 14:00:00,0
94,29.14,2026-05-16 15:00:00,0
86,437.22,2026-05-16 16:00:00,0
97,191.16,2026-05-16 17:00:00,0
282,136.52,2026-05-16 18:00:00,0
205,562.03,2026-05-16 19:00:00,0
217,230.45,2026-05-16 20:00:00,1
239,335.2,2026-05-16 21:00:00,1
370,63.73,2026-05-16 22:00:00,1
430,859.17,2026-05-16 23:00:00,0
263,360.72,2026-05-17 00:00:00,1
321,360.04,2026-05-17 01:00:00,1
369,474.55,2026-05-17 02:00:00,1
345,13.78,2026-05-17 03:00:00,1
67,917.54,2026-05-17 04:00:00,0
491,246.46,2026-05-17 05:00:00,1
82,881.22,2026-05-17 06:00:00,1
205,239.39,2026-05-17 07:00:00,0
326,196.12,2026-05-17 08:00:00,0
201,451.39,2026-05-17 09:00:00,0
121,1242.2,2026-05-17 10:00:00,0
461,727.65,2026-05-17 11:00:00,1
35,488.15,2026-05-17 12:00:00,1
122,446.22,2026-05-17 13:00:00,1
496,346.38,2026-05-17 14:00:00,1
364,854.69,2026-05-17 15:00:00,0
43,572.17,2026-05-17 16:00:00,0
377,82.94,2026-05-17 17:00:00,1
484,137.31,2026-05-17 18:00:00,1
48,500.31,2026-05-17 19:00:00,0
207,115.39,2026-05-17 20:00:00,1
234,359.16,2026-05-17 21:00:00,0
65,606.04,2026-05-17 22:00:00,1
100,453.75,2026-05-17 23:00:00,0
86,98.13,2026-05-18 00:00:00,0
92,144.73,2026-05-18 01:00:00,0
201,464.2,2026-05-18 02:00:00,1
231,1153.39,2026-05-18 03:00:00,0
118,303.44,2026-05-18 04:00:00,0
144,620.78,2026-05-18 05:00:00,1
96,456.66,2026-05-18 06:00:00,1
398,189.41,2026-05-18 07:00:00,0
105,625.75,2026-05-18 08:00:00,1
453,61.48,2026-05-18 09:00:00,1
269,594.24,2026-05-18 10:00:00,0
401,477.19,2026-05-18 11:00:00,1
318,205.56,2026-05-18 12:00:00,0
133,125.8,2026-05-18 13:00:00,1
300,221.64,2026-05-18 14:00:00,0
137,176.84,2026-05-18 15:00:00,0
59,265.45,2026-05-18 16:00:00,1
127,241.56,2026-05-18 17:00:00,1
137,205.47,2026-05-18 18:00:00,1
67,58.52,2026-05-18 19:00:00,0
11,108.72,2026-05-18 20:00:00,1
471,695.56,2026-05-18 21:00:00,1
256,210.71,2026-05-18 22:00:00,1
201,269.65,2026-05-18 23:00:00,0
464,230.75,2026-05-19 00:00:00,1
112,867.93,2026-05-19 01:00:00,1
201,173.07,2026-05-19 02:00:00,0
423,162.07,2026-05-19 03:00:00,0
316,484.88,2026-05-19 04:00:00,1
199,380.63,2026-05-19 05:00:00,1
127,494.67,2026-05-19 06:00:00,0
17,472.43,2026-05-19 07:00:00,0
42,637.06,2026-05-19 08:00:00,1
80,95.42,2026-05-19 09:00:00,0
393,451.96,2026-05-19 10:00:00,0
319,163.03,2026-05-19 11:00:00,1
216,39.46,2026-05-19 12:00:00,1
391,470.1,2026-05-19 13:00:00,0
80,450.56,2026-05-19 14:00:00,1
105,324.93,2026-05-19 15:00:00,1
196,644.83,2026-05-19 16:00:00,1
458,164.24,2026-05-19 17:00:00,1
307,526.32,2026-05-19 18:00:00,0
425,289.44,2026-05-19 19:00:00,1
124,307.35,2026-05-19 20:00:00,0
424,47.37,2026-05-19 21:00:00,1
36,649.38,2026-05-19 22:00:00,1
113,437.95,2026-05-19 23:00:00,1
261,512.09,2026-05-20 00:00:00,0
25,144.25,2026-05-20 01:00:00,1
429,401.49,2026-05-20 02:00:00,0
433,288.95,2026-05-20 03:00:00,0
270,454.82,2026-05-20 04:00:00,1
152,387.92,2026-05-20 05:00:00,1
49,982.08,2026-05-20 06:00:00,0
309,785.74,2026-05-20 07:00:00,1
268,263.25,2026-05-20 08:00:00,1
379,469.7,2026-05-20 09:00:00,0
301,245.76,2026-05-20 10:00:00,1
64,632.98,2026-05-20 11:00:00,0
60,298.65,2026-05-20 12:00:00,0
390,218.7,2026-05-20 13:00:00,0
79,397.38,2026-05-20 14:00:00,1
469,745.04,2026-05-20 15:00:00,1
52,666.98,2026-05-20 16:00:00,0
364,229.38,2026-05-20 17:00:00,0
487,925.34,2026-05-20 18:00:00,1
220,152.33,2026-05-20 19:00:00,1
28,196.96,2026-05-20 20:00:00,1
438,614.69,2026-05-20 21:00:00,1
93,39.83,2026-05-20 22:00:00,1
263,335.91,2026-05-20 23:00:00,1
492,262.34,2026-05-21 00:00:00,0
372,961.36,2026-05-21 01:00:00,0
23,127.96,2026-05-21 02:00:00,0
410,141.77,2026-05-21 03:00:00,1
80,1049.48,2026-05-21 04:00:00,1
374,264.8,2026-05-21 05:00:00,1
310,725.5,2026-05-21 06:00:00,0
143,231.58,2026-05-21 07:00:00,0
211,190.12,2026-05-21 08:00:00,1
58,749.99,2026-05-21 09:00:00,0
493,1218.69,2026-05-21 10:00:00,1
119,789.04,2026-05-21 11:00:00,0
154,219.46,2026-05-21 12:00:00,1
251,324.76,2026-05-21 13:00:00,1
336,147.73,2026-05-21 14:00:00,0
252,171.32,2026-05-21 15:00:00,0
252,163.7,2026-05-21 16:00:00,1
291,236.19,2026-05-21 17:00:00,0
428,365.48,2026-05-21 18:00:00,1
197,334.99,2026-05-21 19:00:00,0
416,554.66,2026-05-21 20:00:00,0
393,379.93,2026-05-21 21:00:00,0
480,518.22,2026-05-21 22:00:00,0
456,576.83,2026-05-21 23:00:00,0
399,222.73,2026-05-22 00:00:00,0
123,293.9,2026-05-22 01:00:00,1
387,2059.23,2026-05-22 02:00:00,1
368,207.64,2026-05-22 03:00:00,0
144,539.16,2026-05-22 04:00:00,0
338,102.27,2026-05-22 05:00:00,1
126,588.4,2026-05-22 06:00:00,1
261,179.69,2026-05-22 07:00:00,0
398,344.22,2026-05-22 08:00:00,1
94,85.59,2026-05-22 09:00:00,0
168,318.35,2026-05-22 10:00:00,1
397,323.43,2026-05-22 11:00:00,1
226,285.3,2026-05-22 12:00:00,1
480,457.99,2026-05-22 13:00:00,1
3,707.22,2026-05-22 14:00:00,0
360,141.15,2026-05-22 15:00:00,1
407,290.84,2026-05-22 16:00:00,1
458,52.78,2026-05-22 17:00:00,0
78,376.3,2026-05-22 18:00:00,0
492,131.18,2026-05-22 19:00:00,1
196,332.58,2026-05-22 20:00:00,0
176,387.64,2026-05-22 21:00:00,1
177,64.29,2026-05-22 22:00:00,0
319,431.97,2026-05-22 23:00:00,0
329,684.16,2026-05-23 00:00:00,0
236,504.82,2026-05-23 01:00:00,1
35,144.32,2026-05-23 02:00:00,1
493,316.58,2026-05-23 03:00:00,0
111,344.3,2026-05-23 04:00:00,1
46,295.21,2026-05-23 05:00:00,0
298,97.17,2026-05-23 06:00:00,1
206,166.06,2026-05-23 07:00:00,1
307,274.97,2026-05-23 08:00:00,0
437,383.59,2026-05-23 09:00:00,1
48,206.5,2026-05-23 10:00:00,0
142,45.83,2026-05-23 11:00:00,1
258,217.4,2026-05-23 12:00:00,0
393,981.1,2026-05-23 13:00:00,1
300,434.13,2026-05-23 14:00:00,1
191,375.47,2026-05-23 15:00:00,0
305,163.81,2026-05-23 16:00:00,0
489,225.89,2026-05-23 17:00:00,1
240,41.7,2026-05-23 18:00:00,0
441,153.97,2026-05-23 19:00:00,1
389,418.34,2026-05-23 20:00:00,0
150,377.56,2026-05-23 21:00:00,0
124,190.21,2026-05-23 22:00:00,1
385,295.0,2026-05-23 23:00:00,0
103,335.17,2026-05-24 00:00:00,0
168,199.1,2026-05-24 01:00:00,1
117,452.45,2026-05-24 02:00:00,0
303,372.43,2026-05-24 03:00:00,0
147,232.8,2026-05-24 04:00:00,1
329,103.92,2026-05-24 05:00:00,1
467,219.09,2026-05-24 06:00:00,0
414,207.0,2026-05-24 07:00:00,0
473,189.85,2026-05-24 08:00:00,1
12,67.39,2026-05-24 09:00:00,1
227,811.17,2026-05-24 10:00:00,0
110,784.61,2026-05-24 11:00:00,1
458,286.76,2026-05-24 12:00:00,1
355,382.25,2026-05-24 13:00:00,1
160,446.8,2026-05-24 14:00:00,1
281,290.35,2026-05-24 15:00:00,1
302,402.49,2026-05-24 16:00:00,0
247,493.07,2026-05-24 17:00:00,0
237,362.19,2026-05-24 18:00:00,1
27,555.45,2026-05-24 19:00:00,1
226,184.38,2026-05-24 20:00:00,1
174,316.33,2026-05-24 21:00:00,1
409,1613.67,2026-05-24 22:00:00,0
432,647.12,2026-05-24 23:00:00,1
375,368.37,2026-05-25 00:00:00,0
15,141.48,2026-05-25 01:00:00,1
420,328.83,2026-05-25 02:00:00,0
198,617.66,2026-05-25 03:00:00,1
208,532.32,2026-05-25 04:00:00,1
472,50.61,2026-05-25 05:00:00,1
433,70.22,2026-05-25 06:00:00,1
25,73.82,2026-05-25 07:00:00,1
179,451.94,2026-05-25 08:00:00,0
374,74.9,2026-05-25 09:00:00,1
269,135.83,2026-05-25 10:00:00,0
128,282.18,2026-05-25 11:00:00,1
262,689.15,2026-05-25 12:00:00,0
433,467.53,2026-05-25 13:00:00,0
111,256.08,2026-05-25 14:00:00,1
373,566.52,2026-05-25 15:00:00,0
367,1173.09,2026-05-25 16:00:00,0
442,331.08,2026-05-25 17:00:00,1
148,97.95,2026-05-25 18:00:00,1
107,140.29,2026-05-25 19:00:00,0
273,139.07,2026-05-25 20:00:00,0
265,169.28,2026-05-25 21:00:00,0
204,241.82,2026-05-25 22:00:00,1
389,391.95,2026-05-25 23:00:00,0
399,83.34,2026-05-26 00:00:00,1
122,100.22,2026-05-26 01:00:00,1
397,489.95,2026-05-26 02:00:00,0
115,207.82,2026-05-26 03:00:00,1
203,152.93,2026-05-26 04:00:00,1
13,264.47,2026-05-26 05:00:00,1
170,771.62,2026-05-26 06:00:00,1
479,538.46,2026-05-26 07:00:00,1
221,512.73,2026-05-26 08:00:00,1
355,956.32,2026-05-26 09:00:00,1
53,405.77,2026-05-26 10:00:00,0
317,1014.81,2026-05-26 11:00:00,0
185,1068.91,2026-05-26 12:00:00,1
371,86.13,2026-05-26 13:00:00,0
464,62.96,2026-05-26 14:00:00,0
265,130.69,2026-05-26 15:00:00,0
51,720.32,2026-05-26 16:00:00,0
238,268.79,2026-05-26 17:00:00,0
61,242.78,2026-05-26 18:00:00,1
224,577.24,2026-05-26 19:00:00,1
30,199.03,2026-05-26 20:00:00,0
320,368.05,2026-05-26 21:00:00,0
155,489.78,2026-05-26 22:00:00,1
100,142.06,2026-05-26 23:00:00,1
8,113.48,2026-05-27 00:00:00,0
444,329.66,2026-05-27 01:00:00,1
418,362.41,2026-05-27 02:00:00,0
405,546.32,2026-05-27 03:00:00,0
29,127.62,2026-05-27 04:00:00,1
174,173.91,2026-05-27 05:00:00,1
485,1061.88,2026-05-27 06:00:00,1
289,637.09,2026-05-27 07:00:00,1
64,289.06,2026-05-27 08:00:00,1
70,708.44,2026-05-27 09:00:00,1
131,128.08,2026-05-27 10:00:00,1
486,263.3,2026-05-27 11:00:00,1
84,360.1,2026-05-27 12:00:00,0
451,239.77,2026-05-27 13:00:00,1
339,246.72,2026-05-27 14:00:00,1
460,527.08,2026-05-27 15:00:00,1
413,643.28,2026-05-27 16:00:00,1
166,219.36,2026-05-27 17:00:00,1
413,91.12,2026-05-27 18:00:00,0
84,72.65,2026-05-27 19:00:00,0
145,36.58,2026-05-27 20:00:00,1
105,945.6,2026-05-27 21:00:00,1
66,528.65,2026-05-27 22:00:00,1
45,448.92,2026-05-27 23:00:00,1
93,196.13,2026-05-28 00:00:00,1
60,195.17,2026-05-28 01:00:00,0
190,657.93,2026-05-28 02:00:00,0
35,63.3,2026-05-28 03:00:00,0
30,227.31,2026-05-28 04:00:00,0
494,724.15,2026-05-28 05:00:00,0
43,226.97,2026-05-28 06:00:00,1
37,509.57,2026-05-28 07:00:00,0
15,298.25,2026-05-28 08:00:00,1
66,11.24,2026-05-28 09:00:00,0
263,288.43,2026-05-28 10:00:00,0
413,334.75,2026-05-28 11:00:00,0
367,271.03,2026-05-28 12:00:00,1
290,108.24,2026-05-28 13:00:00,1
42,273.46,2026-05-28 14:00:00,1
387,39.73,2026-05-28 15:00:00,1
18,225.01,2026-05-28 16:00:00,1
315,538.96,2026-05-28 17:00:00,1
204,910.73,2026-05-28 18:00:00,1
441,810.53,2026-05-28 19:00:00,0
153,124.89,2026-05-28 20:00:00,0
319,76.21,2026-05-28 21:00:00,1
219,360.18,2026-05-28 22:00:00,0
261,318.22,2026-05-28 23:00:00,0
469,482.87,2026-05-29 00:00:00,1
356,182.22,2026-05-29 01:00:00,0
207,325.83,2026-05-29 02:00:00,1
223,312.41,2026-05-29 03:00:00,1
352,231.53,2026-05-29 04:00:00,1
173,58.27,2026-05-29 05:00:00,1
83,533.33,2026-05-29 06:00:00,1
233,362.06,2026-05-29 07:00:00,1
34,560.03,2026-05-29 08:00:00,0
84,657.54,2026-05-29 09:00:00,1
210,291.41,2026-05-29 10:00:00,0
398,535.75,2026-05-29 11:00:00,1
390,925.23,2026-05-29 12:00:00,0
130,1130.23,2026-05-29 13:00:00,1
210,395.97,2026-05-29 14:00:00,0
76,419.38,2026-05-29 15:00:00,1
377,390.98,2026-05-29 16:00:00,0
123,470.57,2026-05-29 17:00:00,0
399,637.73,2026-05-29 18:00:00,0
421,384.84,2026-05-29 19:00:00,0
344,1086.84,2026-05-29 20:00:00,1
165,985.07,2026-05-29 21:00:00,1
476,334.07,2026-05-29 22:00:00,0
343,332.51,2026-05-29 23:00:00,1
322,217.21,2026-05-30 00:00:00,1
428,489.22,2026-05-30 01:00:00,0
440,248.69,2026-05-30 02:00:00,1
38,208.74,2026-05-30 03:00:00,0
440,481.48,2026-05-30 04:00:00,0
382,118.35,2026-05-30 05:00:00,0
103,645.52,2026-05-30 06:00:00,0
153,495.62,2026-05-30 07:00:00,0
376,950.57,2026-05-30 08:00:00,0
108,401.35,2026-05-30 09:00:00,0
226,551.88,2026-05-30 10:00:00,0
344,603.91,2026-05-30 11:00:00,1
325,766.85,2026-05-30 12:00:00,1
454,368.52,2026-05-30 13:00:00,0
55,215.8,2026-05-30 14:00:00,1
147,408.36,2026-05-30 15:00:00,0
492,644.99,2026-05-30 16:00:00,1
284,705.41,2026-05-30 17:00:00,0
124,58.91,2026-05-30 18:00:00,1
144,1781.77,2026-05-30 19:00:00,1
169,209.69,2026-05-30 20:00:00,0
277,558.7,2026-05-30 21:00:00,0
142,826.77,2026-05-30 22:00:00,0
310,310.46,2026-05-30 23:00:00,0
222,724.79,2026-05-31 00:00:00,0
305,58.31,2026-05-31 01:00:00,1
77,743.29,2026-05-31 02:00:00,0
311,681.4,2026-05-31 03:00:00,1
462,447.06,2026-05-31 04:00:00,0
67,646.44,2026-05-31 05:00:00,0
163,1003.24,2026-05-31 06:00:00,0
346,844.64,2026-05-31 07:00:00,1
308,325.02,2026-05-31 08:00:00,0
337,405.44,2026-05-31 09:00:00,0
279,282.72,2026-05-31 10:00:00,0
341,254.09,2026-05-31 11:00:00,1
304,601.41,2026-05-31 12:00:00,0
37,280.24,2026-05-31 13:00:00,0
375,600.43,2026-05-31 14:00:00,1
223,310.18,2026-05-31 15:00:00,1
25,346.95,2026-05-31 16:00:00,0
204,162.98,2026-05-31 17:00:00,1
217,589.39,2026-05-31 18:00:00,1
43,54.24,2026-05-31 19:00:00,1
498,762.71,2026-05-31 20:00:00,0
111,1373.42,2026-05-31 21:00:00,1
165,356.31,2026-05-31 22:00:00,0
220,344.19,2026-05-31 23:00:00,0
416,77.69,2026-06-01 00:00:00,0
371,221.1,2026-06-01 01:00:00,1
385,651.36,2026-06-01 02:00:00,1
118,716.97,2026-06-01 03:00:00,0
422,391.67,2026-06-01 04:00:00,1
414,624.56,2026-06-01 05:00:00,0
231,165.98,2026-06-01 06:00:00,1
272,461.94,2026-06-01 07:00:00,1
18,899.51,2026-06-01 08:00:00,1
380,529.05,2026-06-01 09:00:00,1
480,992.79,2026-06-01 10:00:00,1
236,1013.33,2026-06-01 11:00:00,1
270,483.99,2026-06-01 12:00:00,1
249,2.83,2026-06-01 13:00:00,1
41,706.58,2026-06-01 14:00:00,0
309,107.17,2026-06-01 15:00:00,1
360,13.7,2026-06-01 16:00:00,0
463,45.19,2026-06-01 17:00:00,1
464,741.46,2026-06-01 18:00:00,1
245,486.85,2026-06-01 19:00:00,1
479,399.78,2026-06-01 20:00:00,1
264,521.28,2026-06-01 21:00:00,1
321,48.93,2026-06-01 22:00:00,1
300,281.71,2026-06-01 23:00:00,0
499,192.18,2026-06-02 00:00:00,0
368,376.54,2026-06-02 01:00:00,1
60,386.9,2026-06-02 02:00:00,0
35,505.28,2026-06-02 03:00:00,1
204,561.76,2026-06-02 04:00:00,1
257,52.09,2026-06-02 05:00:00,1
334,284.85,2026-06-02 06:00:00,1
240,338.53,2026-06-02 07:00:00,0
257,104.07,2026-06-02 08:00:00,0
460,93.13,2026-06-02 09:00:00,0
167,79.71,2026-06-02 10:00:00,1
246,621.91,2026-06-02 11:00:00,0
278,63.4,2026-06-02 12:00:00,1
234,76.54,2026-06-02 13:00:00,0
484,364.65,2026-06-02 14:00:00,0
481,460.53,2026-06-02 15:00:00,1
256,330.27,2026-06-02 16:00:00,0
225,125.94,2026-06-02 17:00:00,0
294,95.32,2026-06-02 18:00:00,0
90,356.83,2026-06-02 19:00:00,0
212,302.07,2026-06-02 20:00:00,1
108,242.9,2026-06-02 21:00:00,1
72,602.53,2026-06-02 22:00:00,1
47,286.33,2026-06-02 23:00:00,0
293,86.67,2026-06-03 00:00:00,1
0,244.12,2026-06-03 01:00:00,0
323,499.48,2026-06-03 02:00:00,0
215,272.37,2026-06-03 03:00:00,1
183,493.02,2026-06-03 04:00:00,1
384,565.85,2026-06-03 05:00:00,1
269,287.13,2026-06-03 06:00:00,0
366,329.04,2026-06-03 07:00:00,1
354,258.32,2026-06-03 08:00:00,0
16,501.03,2026-06-03 09:00:00,1
107,251.68,2026-06-03 10:00:00,1
284,465.6,2026-06-03 11:00:00,1
487,391.8,2026-06-03 12:00:00,0
77,44.81,2026-06-03 13:00:00,0
52,484.62,2026-06-03 14:00:00,1
470,364.56,2026-06-03 15:00:00,1
483,783.75,2026-06-03 16:00:00,1
83,109.17,2026-06-03 17:00:00,1
200,396.67,2026-06-03 18:00:00,0
313,222.55,2026-06-03 19:00:00,1
97,51.65,2026-06-03 20:00:00,1
163,33.95,2026-06-03 21:00:00,0
197,894.02,2026-06-03 22:00:00,1
320,397.65,2026-06-03 23:00:00,0
154,279.32,2026-06-04 00:00:00,1
206,70.73,2026-06-04 01:00:00,0
144,858.03,2026-06-04 02:00:00,1
379,174.93,2026-06-04 03:00:00,1
76,411.92,2026-06-04 04:00:00,1
115,353.6,2026-06-04 05:00:00,1
124,1139.56,2026-06-04 06:00:00,1
452,322.78,2026-06-04 07:00:00,0
472,210.69,2026-06-04 08:00:00,1
250,402.21,2026-06-04 09:00:00,1
78,435.52,2026-06-04 10:00:00,1
378,1680.07,2026-06-04 11:00:00,1
246,318.49,2026-06-04 12:00:00,1
424,105.44,2026-06-04 13:00:00,1
179,242.96,2026-06-04 14:00:00,0
499,401.53,2026-06-04 15:00:00,0
403,458.04,2026-06-04 16:00:00,0
111,63.37,2026-06-04 17:00:00,1
362,219.03,2026-06-04 18:00:00,1
143,1095.07,2026-06-04 19:00:00,1
174,144.75,2026-06-04 20:00:00,0
125,612.57,2026-06-04 21:00:00,1
341,249.95,2026-06-04 22:00:00,0
131,333.46,2026-06-04 23:00:00,1
319,73.06,2026-06-05 00:00:00,0
291,270.51,2026-06-05 01:00:00,1
375,397.8,2026-06-05 02:00:00,0
496,321.67,2026-06-05 03:00:00,0
4,284.57,2026-06-05 04:00:00,0
495,502.87,2026-06-05 05:00:00,1
54,95.0,2026-06-05 06:00:00,0
263,411.97,2026-06-05 07:00:00,0
170,30.24,2026-06-05 08:00:00,0
319,735.54,2026-06-05 09:00:00,1
360,292.41,2026-06-05 10:00:00,0
429,583.8,2026-06-05 11:00:00,1
200,7.65,2026-06-05 12:00:00,1
466,526.13,2026-06-05 13:00:00,1
161,169.39,2026-06-05 14:00:00,0
101,335.2,2026-06-05 15:00:00,1
189,532.2,2026-06-05 16:00:00,1
264,311.3,2026-06-05 17:00:00,0
334,487.33,2026-06-05 18:00:00,1
416,253.03,2026-06-05 19:00:00,0
112,775.88,2026-06-05 20:00:00,1
151,291.76,2026-06-05 21:00:00,1
469,296.51,2026-06-05 22:00:00,1
219,300.95,2026-06-05 23:00:00,0
120,328.01,2026-06-06 00:00:00,0
492,99.95,2026-06-06 01:00:00,0
224,140.42,2026-06-06 02:00:00,1
492,645.52,2026-06-06 03:00:00,1
459,583.56,2026-06-06 04:00:00,1
453,557.39,2026-06-06 05:00:00,0
290,455.56,2026-06-06 06:00:00,0
399,214.64,2026-06-06 07:00:00,0
480,196.22,2026-06-06 08:00:00,1
134,317.29,2026-06-06 09:00:00,0
18,716.24,2026-06-06 10:00:00,1
160,380.95,2026-06-06 11:00:00,1
318,133.89,2026-06-06 12:00:00,0
273,79.39,2026-06-06 13:00:00,0
40,596.52,2026-06-06 14:00:00,1
280,873.86,2026-06-06 15:00:00,1
87,59.69,2026-06-06 16:00:00,0
252,610.58,2026-06-06 17:00:00,1
287,447.77,2026-06-06 18:00:00,0
318,164.26,2026-06-06 19:00:00,0
206,384.76,2026-06-06 20:00:00,1
204,113.82,2026-06-06 21:00:00,0
339,274.16,2026-06-06 22:00:00,0
374,331.09,2026-06-06 23:00:00,0
403,770.81,2026-06-07 00:00:00,1
166,263.46,2026-06-07 01:00:00,1
212,180.94,2026-06-07 02:00:00,1
165,423.15,2026-06-07 03:00:00,0
263,496.79,2026-06-07 04:00:00,0
63,175.12,2026-06-07 05:00:00,0
215,129.01,2026-06-07 06:00:00,0
94,139.74,2026-06-07 07:00:00,0
266,772.66,2026-06-07 08:00:00,1
425,481.24,2026-06-07 09:00:00,0
492,249.53,2026-06-07 10:00:00,0
223,685.91,2026-06-07 11:00:00,1
28,173.92,2026-06-07 12:00:00,0
113,307.59,2026-06-07 13:00:00,0
52,111.96,2026-06-07 14:00:00,1
379,665.43,2026-06-07 15:00:00,1
492,161.64,2026-06-07 16:00:00,0
276,164.95,2026-06-07 17:00:00,0
88,430.15,2026-06-07 18:00:00,1
10,26.35,2026-06-07 19:00:00,1
488,88.74,2026-06-07 20:00:00,0
158,544.78,2026-06-07 21:00:00,1
56,137.79,2026-06-07 22:00:00,1
88,1387.87,2026-06-07 23:00:00,0
127,369.76,2026-06-08 00:00:00,1
327,54.81,2026-06-08 01:00:00,1
445,903.67,2026-06-08 02:00:00,1
137,369.45,2026-06-08 03:00:00,1
343,279.86,2026-06-08 04:00:00,0
32,368.43,2026-06-08 05:00:00,1
5,54.28,2026-06-08 06:00:00,1
27,315.56,2026-06-08 07:00:00,1
461,147.11,2026-06-08 08:00:00,0
290,300.46,2026-06-08 09:00:00,1
402,219.55,2026-06-08 10:00:00,0
10,354.1,2026-06-08 11:00:00,0
11,249.35,2026-06-08 12:00:00,0
424,207.79,2026-06-08 13:00:00,1
51,132.36,2026-06-08 14:00:00,1
77,57.3,2026-06-08 15:00:00,0
259,43.71,2026-06-08 16:00:00,1
303,92.01,2026-06-08 17:00:00,1
114,515.06,2026-06-08 18:00:00,0
222,125.28,2026-06-08 19:00:00,1
337,179.21,2026-06-08 20:00:00,0
221,180.71,2026-06-08 21:00:00,1
191,222.53,2026-06-08 22:00:00,0
35,452.69,2026-06-08 23:00:00,1
225,247.33,2026-06-09 00:00:00,0
401,585.52,2026-06-09 01:00:00,0
313,93.14,2026-06-09 02:00:00,1
446,542.59,2026-06-09 03:00:00,1
63,831.94,2026-06-09 04:00:00,0
5,312.39,2026-06-09 05:00:00,0
274,116.55,2026-06-09 06:00:00,1
89,459.26,2026-06-09 07:00:00,1
296,316.75,2026-06-09 08:00:00,0
451,401.59,2026-06-09 09:00:00,1
168,597.64,2026-06-09 10:00:00,0
274,231.74,2026-06-09 11:00:00,0
340,201.87,2026-06-09 12:00:00,1
75,1569.31,2026-06-09 13:00:00,1
448,463.62,2026-06-09 14:00:00,1
101,672.18,2026-06-09 15:00:00,0
404,573.31,2026-06-09 16:00:00,0
329,678.01,2026-06-09 17:00:00,1
70,411.9,2026-06-09 18:00:00,1
362,621.77,2026-06-09 19:00:00,1
98,180.2,2026-06-09 20:00:00,0
299,55.57,2026-06-09 21:00:00,1
479,141.4,2026-06-09 22:00:00,1
476,281.24,2026-06-09 23:00:00,1
435,252.24,2026-06-10 00:00:00,0
247,318.17,2026-06-10 01:00:00,0
279,170.9,2026-06-10 02:00:00,1
150,31.74,2026-06-10 03:00:00,0
460,226.33,2026-06-10 04:00:00,1
238,81.19,2026-06-10 05:00:00,0
385,307.6,2026-06-10 06:00:00,1
179,426.67,2026-06-10 07:00:00,0
370,222.64,2026-06-10 08:00:00,0
112,109.48,2026-06-10 09:00:00,0
366,330.98,2026-06-10 10:00:00,0
22,1626.25,2026-06-10 11:00:00,1
52,463.47,2026-06-10 12:00:00,1
176,489.01,2026-06-10 13:00:00,1
241,203.4,2026-06-10 14:00:00,1
355,151.49,2026-06-10 15:00:00,0
179,679.09,2026-06-10 16:00:00,1
9,17.83,2026-06-10 17:00:00,1
162,166.16,2026-06-10 18:00:00,0
219,961.87,2026-06-10 19:00:00,1
271,292.91,2026-06-10 20:00:00,1
322,64.33,2026-06-10 21:00:00,0
123,436.06,2026-06-10 22:00:00,0
305,223.87,2026-06-10 23:00:00,1
315,48.41,2026-06-11 00:00:00,1
388,376.77,2026-06-11 01:00:00,0
261,335.27,2026-06-11 02:00:00,1
405,320.41,2026-06-11 03:00:00,1
110,458.64,2026-06-11 04:00:00,1
355,102.37,2026-06-11 05:00:00,1
22,405.93,2026-06-11 06:00:00,1
51,354.24,2026-06-11 07:00:00,0
432,669.19,2026-06-11 08:00:00,1
237,164.16,2026-06-11 09:00:00,0
310,752.22,2026-06-11 10:00:00,1
301,566.26,2026-06-11 11:00:00,1
347,283.77,2026-06-11 12:00:00,1
122,320.25,2026-06-11 13:00:00,0
89,20.38,2026-06-11 14:00:00,0
21,313.23,2026-06-11 15:00:00,1
432,538.61,2026-06-11 16:00:00,1
111,249.38,2026-06-11 17:00:00,1
287,668.02,2026-06-11 18:00:00,0
227,441.63,2026-06-11 19:00:00,0
81,1161.93,2026-06-11 20:00:00,1
206,174.84,2026-06-11 21:00:00,1
41,502.16,2026-06-11 22:00:00,1
88,83.77,2026-06-11 23:00:00,1
69,268.58,2026-06-12 00:00:00,0
412,460.89,2026-06-12 01:00:00,0
283,524.89,2026-06-12 02:00:00,1
462,233.59,2026-06-12 03:00:00,1
217,718.92,2026-06-12 04:00:00,0
100,828.1,2026-06-12 05:00:00,0
304,176.66,2026-06-12 06:00:00,0
464,275.48,2026-06-12 07:00:00,1
266,252.6,2026-06-12 08:00:00,1
8,203.26,2026-06-12 09:00:00,0
151,792.97,2026-06-12 10:00:00,1
462,786.73,2026-06-12 11:00:00,0
259,259.7,2026-06-12 12:00:00,1
475,500.38,2026-06-12 13:00:00,1
254,662.63,2026-06-12 14:00:00,0
6,380.65,2026-06-12 15:00:00,1
436,243.7,2026-06-12 16:00:00,0
381,165.49,2026-06-12 17:00:00,0
357,535.22,2026-06-12 18:00:00,0
485,91.49,2026-06-12 19:00:00,1
98,249.21,2026-06-12 20:00:00,1
452,214.72,2026-06-12 21:00:00,1
116,85.52,2026-06-12 22:00:00,1
485,293.37,2026-06-12 23:00:00,0
95,270.72,2026-06-13 00:00:00,1
275,135.37,2026-06-13 01:00:00,1
394,772.47,2026-06-13 02:00:00,0
39,537.89,2026-06-13 03:00:00,1
33,324.29,2026-06-13 04:00:00,0
424,597.44,2026-06-13 05:00:00,1
30,698.95,2026-06-13 06:00:00,1
306,796.53,2026-06-13 07:00:00,1
469,173.92,2026-06-13 08:00:00,0
307,597.28,2026-06-13 09:00:00,1
240,271.65,2026-06-13 10:00:00,1
208,370.76,2026-06-13 11:00:00,1
319,181.9,2026-06-13 12:00:00,1
285,312.48,2026-06-13 13:00:00,1
250,603.4,2026-06-13 14:00:00,1
76,936.56,2026-06-13 15:00:00,0
331,288.82,2026-06-13 16:00:00,0
369,139.59,2026-06-13 17:00:00,0
354,1031.33,2026-06-13 18:00:00,0
37,167.85,2026-06-13 19:00:00,1
351,57.15,2026-06-13 20:00:00,1
364,195.03,2026-06-13 21:00:00,1
91,675.34,2026-06-13 22:00:00,1
424,157.84,2026-06-13 23:00:00,0
261,107.17,2026-06-14 00:00:00,0
236,344.7,2026-06-14 01:00:00,0
361,936.87,2026-06-14 02:00:00,1
254,447.74,2026-06-14 03:00:00,0
272,89.92,2026-06-14 04:00:00,1
156,1276.88,2026-06-14 05:00:00,1
463,409.36,2026-06-14 06:00:00,0
484,628.32,2026-06-14 07:00:00,1
65,70.35,2026-06-14 08:00:00,1
366,1135.49,2026-06-14 09:00:00,1
11,229.87,2026-06-14 10:00:00,0
184,63.85,2026-06-14 11:00:00,0
484,376.94,2026-06-14 12:00:00,1
87,628.1,2026-06-14 13:00:00,1
188,498.5,2026-06-14 14:00:00,1
109,492.11,2026-06-14 15:00:00,0
364,466.6,2026-06-14 16:00:00,0
231,351.42,2026-06-14 17:00:00,0
296,70.05,2026-06-14 18:00:00,1
471,268.35,2026-06-14 19:00:00,0
260,238.93,2026-06-14 20:00:00,1
367,798.73,2026-06-14 21:00:00,1
48,676.04,2026-06-14 22:00:00,0
107,213.27,2026-06-14 23:00:00,1
473,559.37,2026-06-15 00:00:00,0
429,300.32,2026-06-15 01:00:00,0
328,57.44,2026-06-15 02:00:00,1
189,20.76,2026-06-15 03:00:00,0
99,512.44,2026-06-15 04:00:00,1
425,121.07,2026-06-15 05:00:00,1
392,120.55,2026-06-15 06:00:00,1
120,172.1,2026-06-15 07:00:00,0
294,520.69,2026-06-15 08:00:00,1
309,682.49,2026-06-15 09:00:00,0
238,672.36,2026-06-15 10:00:00,1
463,49.58,2026-06-15 11:00:00,0
62,165.49,2026-06-15 12:00:00,1
128,141.92,2026-06-15 13:00:00,0
47,520.42,2026-06-15 14:00:00,1
346,167.9,2026-06-15 15:00:00,0
322,283.17,2026-06-15 16:00:00,1
493,554.75,2026-06-15 17:00:00,1
271,328.51,2026-06-15 18:00:00,0
75,408.1,2026-06-15 19:00:00,0
225,274.9,2026-06-15 20:00:00,0
44,633.74,2026-06-15 21:00:00,0
335,678.64,2026-06-15 22:00:00,1
337,466.44,2026-06-15 23:00:00,1
428,680.56,2026-06-16 00:00:00,1
169,1558.59,2026-06-16 01:00:00,0
155,547.88,2026-06-16 02:00:00,0
35,308.4,2026-06-16 03:00:00,1
207,415.22,2026-06-16 04:00:00,0
237,729.06,2026-06-16 05:00:00,0
377,227.53,2026-06-16 06:00:00,0
376,212.22,2026-06-16 07:00:00,1
70,409.96,2026-06-16 08:00:00,1
142,303.92,2026-06-16 09:00:00,0
255,140.58,2026-06-16 10:00:00,1
167,363.63,2026-06-16 11:00:00,1
12,834.02,2026-06-16 12:00:00,1
422,455.08,2026-06-16 13:00:00,1
365,114.93,2026-06-16 14:00:00,1
260,509.2,2026-06-16 15:00:00,1
158,256.3,2026-06-16 16:00:00,1
421,1229.78,2026-06-16 17:00:00,1
17,480.36,2026-06-16 18:00:00,1
223,193.77,2026-06-16 19:00:00,0
400,537.05,2026-06-16 20:00:00,0
476,383.71,2026-06-16 21:00:00,0
125,779.99,2026-06-16 22:00:00,0
325,211.26,2026-06-16 23:00:00,1
94,479.55,2026-06-17 00:00:00,0
57,70.13,2026-06-17 01:00:00,1
176,351.7,2026-06-17 02:00:00,0
442,111.84,2026-06-17 03:00:00,0
344,374.2,2026-06-17 04:00:00,0
244,438.45,2026-06-17 05:00:00,1
141,466.21,2026-06-17 06:00:00,0
70,210.99,2026-06-17 07:00:00,1
135,359.91,2026-06-17 08:00:00,0
76,714.58,2026-06-17 09:00:00,1
93,1006.34,2026-06-17 10:00:00,1
343,369.36,2026-06-17 11:00:00,1
66,728.13,2026-06-17 12:00:00,1
23,152.25,2026-06-17 13:00:00,1
271,239.72,2026-06-17 14:00:00,0
143,400.57,2026-06-17 15:00:00,0
227,305.49,2026-06-17 16:00:00,1
69,280.82,2026-06-17 17:00:00,1
104,676.35,2026-06-17 18:00:00,1
220,130.3,2026-06-17 19:00:00,0
345,143.01,2026-06-17 20:00:00,0
207,94.79,2026-06-17 21:00:00,0
270,409.67,2026-06-17 22:00:00,0
260,256.01,2026-06-17 23:00:00,1
134,631.31,2026-06-18 00:00:00,1
139,383.86,2026-06-18 01:00:00,1
212,206.79,2026-06-18 02:00:00,0
16,180.49,2026-06-18 03:00:00,0
342,291.02,2026-06-18 04:00:00,0
307,113.43,2026-06-18 05:00:00,1
153,687.48,2026-06-18 06:00:00,1
186,245.89,2026-06-18 07:00:00,0
164,78.48,2026-06-18 08:00:00,0
325,783.31,2026-06-18 09:00:00,0
379,294.48,2026-06-18 10:00:00,1
54,506.94,2026-06-18 11:00:00,1
206,209.32,2026-06-18 12:00:00,0
6,801.82,2026-06-18 13:00:00,1
226,159.62,2026-06-18 14:00:00,1
124,255.92,2026-06-18 15:00:00,1
167,53.48,2026-06-18 16:00:00,0
228,788.5,2026-06-18 17:00:00,0
161,187.47,2026-06-18 18:00:00,1
197,416.9,2026-06-18 19:00:00,1
382,461.31,2026-06-18 20:00:00,0
405,702.21,2026-06-18 21:00:00,0
2,393.89,2026-06-18 22:00:00,1
188,308.51,2026-06-18 23:00:00,1
423,653.01,2026-06-19 00:00:00,0
265,455.74,2026-06-19 01:00:00,0
102,272.21,2026-06-19 02:00:00,1
296,812.71,2026-06-19 03:00:00,1
72,481.76,2026-06-19 04:00:00,1
10,104.1,2026-06-19 05:00:00,0
316,913.57,2026-06-19 06:00:00,0
257,204.78,2026-06-19 07:00:00,0
378,699.81,2026-06-19 08:00:00,0
172,80.0,2026-06-19 09:00:00,0
427,650.2,2026-06-19 10:00:00,1
210,110.6,2026-06-19 11:00:00,1
369,386.07,2026-06-19 12:00:00,0
50,472.1,2026-06-19 13:00:00,1
48,276.93,2026-06-19 14:00:00,0
391,337.61,2026-06-19 15:00:00,1
416,134.86,2026-06-19 16:00:00,0
471,603.63,2026-06-19 17:00:00,0
162,401.61,2026-06-19 18:00:00,1
11,158.77,2026-06-19 19:00:00,0
489,413.08,2026-06-19 20:00:00,0
300,422.62,2026-06-19 21:00:00,1
123,350.15,2026-06-19 22:00:00,1
381,21.45,2026-06-19 23:00:00,0
451,245.64,2026-06-20 00:00:00,0
142,597.21,2026-06-20 01:00:00,1
384,491.26,2026-06-20 02:00:00,0
393,480.7,2026-06-20 03:00:00,0
250,399.33,2026-06-20 04:00:00,0
316,646.11,2026-06-20 05:00:00,1
134,203.72,2026-06-20 06:00:00,1
464,168.17,2026-06-20 07:00:00,1
491,1069.52,2026-06-20 08:00:00,0
490,185.76,2026-06-20 09:00:00,0
368,100.38,2026-06-20 10:00:00,0
21,272.92,2026-06-20 11:00:00,0
183,360.04,2026-06-20 12:00:00,0
222,648.98,2026-06-20 13:00:00,1
479,246.07,2026-06-20 14:00:00,1
273,244.38,2026-06-20 15:00:00,0
268,335.04,2026-06-20 16:00:00,1
73,212.53,2026-06-20 17:00:00,1
396,81.05,2026-06-20 18:00:00,1
168,108.57,2026-06-20 19:00:00,1
45,771.67,2026-06-20 20:00:00,0
493,555.31,2026-06-20 21:00:00,0
95,326.26,2026-06-20 22:00:00,0
8,490.12,2026-06-20 23:00:00,1
38,567.02,2026-06-21 00:00:00,1
226,194.38,2026-06-21 01:00:00,0
51,133.53,2026-06-21 02:00:00,0
421,718.23,2026-06-21 03:00:00,1
256,30.07,2026-06-21 04:00:00,0
161,495.74,2026-06-21 05:00:00,0
1,382.1,2026-06-21 06:00:00,1
239,669.71,2026-06-21 07:00:00,1
75,508.84,2026-06-21 08:00:00,0
489,487.88,2026-06-21 09:00:00,0
145,146.54,2026-06-21 10:00:00,0
237,582.31,2026-06-21 11:00:00,0
9,452.73,2026-06-21 12:00:00,0
65,164.67,2026-06-21 13:00:00,0
103,384.68,2026-06-21 14:00:00,1
25,119.23,2026-06-21 15:00:00,0
362,291.69,2026-06-21 16:00:00,0
472,1362.98,2026-06-21 17:00:00,1
492,139.18,2026-06-21 18:00:00,1
132,80.15,2026-06-21 19:00:00,0
394,109.89,2026-06-21 20:00:00,0
252,288.41,2026-06-21 21:00:00,0
22,535.57,2026-06-21 22:00:00,1
45,342.77,2026-06-21 23:00:00,0
273,92.75,2026-06-22 00:00:00,1
211,530.64,2026-06-22 01:00:00,0
4,46.03,2026-06-22 02:00:00,1
465,103.68,2026-06-22 03:00:00,0
365,205.11,2026-06-22 04:00:00,0
251,700.97,2026-06-22 05:00:00,0
493,353.36,2026-06-22 06:00:00,1
485,364.07,2026-06-22 07:00:00,1
486,94.4,2026-06-22 08:00:00,0
129,222.9,2026-06-22 09:00:00,1
440,631.77,2026-06-22 10:00:00,1
252,431.72,2026-06-22 11:00:00,1
363,544.55,2026-06-22 12:00:00,1
429,324.62,2026-06-22 13:00:00,0
81,636.55,2026-06-22 14:00:00,0
224,93.77,2026-06-22 15:00:00,1
64,282.92,2026-06-22 16:00:00,1
139,480.0,2026-06-22 17:00:00,1
206,64.77,2026-06-22 18:00:00,1
427,13.68,2026-06-22 19:00:00,1
431,1070.16,2026-06-22 20:00:00,0
194,357.1,2026-06-22 21:00:00,0
164,57.54,2026-06-22 22:00:00,1
265,350.19,2026-06-22 23:00:00,0
455,105.24,2026-06-23 00:00:00,1
488,146.5,2026-06-23 01:00:00,0
113,717.39,2026-06-23 02:00:00,1
93,209.48,2026-06-23 03:00:00,0
353,208.03,2026-06-23 04:00:00,0
150,101.84,2026-06-23 05:00:00,1
99,248.92,2026-06-23 06:00:00,0
15,374.99,2026-06-23 07:00:00,0
201,209.28,2026-06-23 08:00:00,1
195,1259.04,2026-06-23 09:00:00,0
281,128.52,2026-06-23 10:00:00,1
100,127.8,2026-06-23 11:00:00,0
357,240.66,2026-06-23 12:00:00,1
340,1160.5,2026-06-23 13:00:00,0
231,550.96,2026-06-23 14:00:00,1
90,203.36,2026-06-23 15:00:00,0
253,203.5,2026-06-23 16:00:00,1
337,123.87,2026-06-23 17:00:00,0
186,234.84,2026-06-23 18:00:00,1
131,276.64,2026-06-23 19:00:00,1
253,532.96,2026-06-23 20:00:00,0
177,454.91,2026-06-23 21:00:00,0
200,228.4,2026-06-23 22:00:00,1
174,883.04,2026-06-23 23:00:00,1
151,179.89,2026-06-24 00:00:00,1
358,78.42,2026-06-24 01:00:00,1
230,388.52,2026-06-24 02:00:00,0
233,681.01,2026-06-24 03:00:00,1
326,314.62,2026-06-24 04:00:00,1
180,97.71,2026-06-24 05:00:00,1
50,364.88,2026-06-24 06:00:00,0
426,400.58,2026-06-24 07:00:00,0
27,432.61,2026-06-24 08:00:00,0
285,370.54,2026-06-24 09:00:00,1
132,744.37,2026-06-24 10:00:00,0
106,120.98,2026-06-24 11:00:00,1
20,5.65,2026-06-24 12:00:00,1
450,46.1,2026-06-24 13:00:00,0
214,96.26,2026-06-24 14:00:00,0
171,600.2,2026-06-24 15:00:00,0
370,248.86,2026-06-24 16:00:00,1
19,930.88,2026-06-24 17:00:00,1
282,112.41,2026-06-24 18:00:00,0
247,918.17,2026-06-24 19:00:00,0
276,148.01,2026-06-24 20:00:00,0
61,276.24,2026-06-24 21:00:00,1
476,58.05,2026-06-24 22:00:00,1
119,836.06,2026-06-24 23:00:00,0
339,307.38,2026-06-25 00:00:00,0
373,1296.68,2026-06-25 01:00:00,0
171,703.08,2026-06-25 02:00:00,1
65,270.74,2026-06-25 03:00:00,1
148,170.74,2026-06-25 04:00:00,0
403,619.22,2026-06-25 05:00:00,1
453,333.36,2026-06-25 06:00:00,0
468,162.56,2026-06-25 07:00:00,1
113,352.51,2026-06-25 08:00:00,0
303,37.21,2026-06-25 09:00:00,1
75,438.78,2026-06-25 10:00:00,0
355,502.51,2026-06-25 11:00:00,1
207,108.46,2026-06-25 12:00:00,1
356,758.31,2026-06-25 13:00:00,0
342,649.82,2026-06-25 14:00:00,1
496,409.42,2026-06-25 15:00:00,1
244,138.02,2026-06-25 16:00:00,0
170,524.54,2026-06-25 17:00:00,0
263,237.7,2026-06-25 18:00:00,1
81,377.7,2026-06-25 19:00:00,0
55,561.16,2026-06-25 20:00:00,0
259,79.95,2026-06-25 21:00:00,1
412,55.12,2026-06-25 22:00:00,1
266,218.39,2026-06-25 23:00:00,0
390,1152.0,2026-06-26 00:00:00,0
88,1332.81,2026-06-26 01:00:00,1
224,431.44,2026-06-26 02:00:00,0
306,662.66,2026-06-26 03:00:00,0
173,317.71,2026-06-26 04:00:00,0
7,352.75,2026-06-26 05:00:00,0
36,275.97,2026-06-26 06:00:00,1
463,719.75,2026-06-26 07:00:00,0
302,938.1,2026-06-26 08:00:00,0
132,346.34,2026-06-26 09:00:00,1
129,351.55,2026-06-26 10:00:00,1
19,287.69,2026-06-26 11:00:00,1
472,954.26,2026-06-26 12:00:00,1
54,605.24,2026-06-26 13:00:00,0
379,134.93,2026-06-26 14:00:00,0
120,1128.58,2026-06-26 15:00:00,0
167,20.05,2026-06-26 16:00:00,1
136,890.25,2026-06-26 17:00:00,0
412,679.73,2026-06-26 18:00:00,1
16,347.19,2026-06-26 19:00:00,0
176,340.58,2026-06-26 20:00:00,1
139,299.61,2026-06-26 21:00:00,1
136,141.23,2026-06-26 22:00:00,1
96,1068.83,2026-06-26 23:00:00,1
456,332.65,2026-06-27 00:00:00,0
189,138.8,2026-06-27 01:00:00,0
209,1025.36,2026-06-27 02:00:00,0
192,468.03,2026-06-27 03:00:00,0
490,488.96,2026-06-27 04:00:00,1
169,1183.82,2026-06-27 05:00:00,1
170,539.11,2026-06-27 06:00:00,1
163,195.31,2026-06-27 07:00:00,0
163,538.51,2026-06-27 08:00:00,0
44,153.65,2026-06-27 09:00:00,0
302,228.93,2026-06-27 10:00:00,0
12,421.02,2026-06-27 11:00:00,1
112,655.6,2026-06-27 12:00:00,0
101,205.36,2026-06-27 13:00:00,0
145,292.64,2026-06-27 14:00:00,1
378,290.14,2026-06-27 15:00:00,0
299,736.67,2026-06-27 16:00:00,1
495,340.24,2026-06-27 17:00:00,0
175,1118.46,2026-06-27 18:00:00,1
464,228.78,2026-06-27 19:00:00,1
22,213.28,2026-06-27 20:00:00,0
252,879.25,2026-06-27 21:00:00,0
399,507.24,2026-06-27 22:00:00,0
265,856.89,2026-06-27 23:00:00,1
466,104.57,2026-06-28 00:00:00,1
157,333.97,2026-06-28 01:00:00,0
16,420.61,2026-06-28 02:00:00,1
386,398.7,2026-06-28 03:00:00,0
34,296.45,2026-06-28 04:00:00,1
382,392.65,2026-06-28 05:00:00,1
366,408.59,2026-06-28 06:00:00,0
422,208.2,2026-06-28 07:00:00,0
239,715.98,2026-06-28 08:00:00,0
447,1033.59,2026-06-28 09:00:00,0
84,571.81,2026-06-28 10:00:00,0
217,457.1,2026-06-28 11:00:00,0
60,317.45,2026-06-28 12:00:00,0
383,418.01,2026-06-28 13:00:00,1
357,450.1,2026-06-28 14:00:00,0
403,141.72,2026-06-28 15:00:00,0
382,691.62,2026-06-28 16:00:00,1
154,242.05,2026-06-28 17:00:00,1
34,911.27,2026-06-28 18:00:00,1
464,382.87,2026-06-28 19:00:00,0
246,700.01,2026-06-28 20:00:00,1
47,565.77,2026-06-28 21:00:00,0
463,105.96,2026-06-28 22:00:00,0
497,856.44,2026-06-28 23:00:00,0
222,178.48,2026-06-29 00:00:00,0
385,228.66,2026-06-29 01:00:00,0
18,245.97,2026-06-29 02:00:00,1
46,69.75,2026-06-29 03:00:00,1
138,396.42,2026-06-29 04:00:00,0
328,730.63,2026-06-29 05:00:00,0
66,896.21,2026-06-29 06:00:00,1
17,296.39,2026-06-29 07:00:00,1
334,337.97,2026-06-29 08:00:00,1
385,593.78,2026-06-29 09:00:00,0
369,303.01,2026-06-29 10:00:00,0
399,776.38,2026-06-29 11:00:00,1
401,325.14,2026-06-29 12:00:00,1
301,157.32,2026-06-29 13:00:00,0
259,404.21,2026-06-29 14:00:00,1
428,85.26,2026-06-29 15:00:00,1
174,400.18,2026-06-29 16:00:00,0
48,458.39,2026-06-29 17:00:00,0
375,179.26,2026-06-29 18:00:00,0
137,445.22,2026-06-29 19:00:00,1
489,274.53,2026-06-29 20:00:00,0
207,172.74,2026-06-29 21:00:00,1
425,73.18,2026-06-29 22:00:00,0
21,95.65,2026-06-29 23:00:00,1
329,974.5,2026-06-30 00:00:00,1
224,265.56,2026-06-30 01:00:00,0
231,450.21,2026-06-30 02:00:00,0
132,294.45,2026-06-30 03:00:00,1
485,990.87,2026-06-30 04:00:00,0
196,173.49,2026-06-30 05:00:00,0
425,360.67,2026-06-30 06:00:00,0
212,227.35,2026-06-30 07:00:00,0
24,694.7,2026-06-30 08:00:00,0
439,446.68,2026-06-30 09:00:00,0
92,350.58,2026-06-30 10:00:00,0
135,109.19,2026-06-30 11:00:00,1
430,1292.26,2026-06-30 12:00:00,0
446,301.26,2026-06-30 13:00:00,0
458,148.47,2026-06-30 14:00:00,0
212,73.55,2026-06-30 15:00:00,1
378,92.39,2026-06-30 16:00:00,1
163,347.99,2026-06-30 17:00:00,1
370,702.28,2026-06-30 18:00:00,0
251,425.05,2026-06-30 19:00:00,0
25,78.31,2026-06-30 20:00:00,0
208,347.43,2026-06-30 21:00:00,0
233,851.43,2026-06-30 22:00:00,1
128,258.12,2026-06-30 23:00:00,1
187,426.0,2026-07-01 00:00:00,0
251,267.47,2026-07-01 01:00:00,0
24,497.01,2026-07-01 02:00:00,1
75,171.07,2026-07-01 03:00:00,0
383,3.49,2026-07-01 04:00:00,1
175,115.68,2026-07-01 05:00:00,0
304,231.95,2026-07-01 06:00:00,0
282,320.94,2026-07-01 07:00:00,1
275,239.8,2026-07-01 08:00:00,1
206,235.81,2026-07-01 09:00:00,0
241,706.41,2026-07-01 10:00:00,0
411,134.63,2026-07-01 11:00:00,0
482,349.24,2026-07-01 12:00:00,0
128,83.85,2026-07-01 13:00:00,0
334,572.09,2026-07-01 14:00:00,1
484,416.91,2026-07-01 15:00:00,0
3,1275.65,2026-07-01 16:00:00,1
392,129.67,2026-07-01 17:00:00,1
248,1023.19,2026-07-01 18:00:00,0
483,147.06,2026-07-01 19:00:00,1
289,256.48,2026-07-01 20:00:00,0
419,99.19,2026-07-01 21:00:00,1
83,1264.62,2026-07-01 22:00:00,1
71,464.97,2026-07-01 23:00:00,1
463,468.64,2026-07-02 00:00:00,0
263,159.94,2026-07-02 01:00:00,0
279,23.59,2026-07-02 02:00:00,1
84,247.87,2026-07-02 03:00:00,1
113,210.33,2026-07-02 04:00:00,0
409,49.5,2026-07-02 05:00:00,1
151,261.69,2026-07-02 06:00:00,0
292,349.74,2026-07-02 07:00:00,1
158,488.41,2026-07-02 08:00:00,0
131,29.0,2026-07-02 09:00:00,1
83,105.57,2026-07-02 10:00:00,1
464,165.16,2026-07-02 11:00:00,0
470,728.15,2026-07-02 12:00:00,1
57,718.52,2026-07-02 13:00:00,1
176,446.44,2026-07-02 14:00:00,1
281,257.89,2026-07-02 15:00:00,0
191,759.62,2026-07-02 16:00:00,0
360,406.5,2026-07-02 17:00:00,1
130,730.49,2026-07-02 18:00:00,1
29,461.78,2026-07-02 19:00:00,0
168,58.48,2026-07-02 20:00:00,1
298,23.05,2026-07-02 21:00:00,1
90,236.64,2026-07-02 22:00:00,0
407,622.65,2026-07-02 23:00:00,1
6,207.97,2026-07-03 00:00:00,0
33,862.31,2026-07-03 01:00:00,1
254,583.17,2026-07-03 02:00:00,0
256,810.67,2026-07-03 03:00:00,0
147,242.24,2026-07-03 04:00:00,0
129,139.11,2026-07-03 05:00:00,1
34,120.05,2026-07-03 06:00:00,0
331,494.34,2026-07-03 07:00:00,1
189,64.81,2026-07-03 08:00:00,1
59,69.86,2026-07-03 09:00:00,1
199,197.36,2026-07-03 10:00:00,1
468,395.03,2026-07-03 11:00:00,1
130,167.7,2026-07-03 12:00:00,1
447,719.64,2026-07-03 13:00:00,1
129,818.67,2026-07-03 14:00:00,1
92,10.7,2026-07-03 15:00:00,1
130,468.35,2026-07-03 16:00:00,0
161,208.86,2026-07-03 17:00:00,0
60,642.74,2026-07-03 18:00:00,1
293,480.21,2026-07-03 19:00:00,0
166,380.95,2026-07-03 20:00:00,0
359,300.92,2026-07-03 21:00:00,1
245,70.26,2026-07-03 22:00:00,1
221,1399.54,2026-07-03 23:00:00,1
235,104.31,2026-07-04 00:00:00,0
78,1030.71,2026-07-04 01:00:00,0
356,549.48,2026-07-04 02:00:00,1
52,218.11,2026-07-04 03:00:00,0
360,190.62,2026-07-04 04:00:00,1
499,66.82,2026-07-04 05:00:00,0
381,343.59,2026-07-04 06:00:00,0
227,63.63,2026-07-04 07:00:00,1
157,748.49,2026-07-04 08:00:00,0
436,410.51,2026-07-04 09:00:00,1
128,325.89,2026-07-04 10:00:00,0
241,359.79,2026-07-04 11:00:00,1
385,423.16,2026-07-04 12:00:00,1
461,252.59,2026-07-04 13:00:00,0
460,281.67,2026-07-04 14:00:00,1
43,1105.92,2026-07-04 15:00:00,0
449,697.35,2026-07-04 16:00:00,1
57,532.59,2026-07-04 17:00:00,1
292,218.16,2026-07-04 18:00:00,0
464,39.51,2026-07-04 19:00:00,0
327,488.5,2026-07-04 20:00:00,1
473,359.0,2026-07-04 21:00:00,0
172,276.52,2026-07-04 22:00:00,0
157,313.6,2026-07-04 23:00:00,0
163,110.77,2026-07-05 00:00:00,1
177,145.63,2026-07-05 01:00:00,1
341,698.34,2026-07-05 02:00:00,1
226,26.76,2026-07-05 03:00:00,0
368,629.68,2026-07-05 04:00:00,1
208,888.88,2026-07-05 05:00:00,0
153,480.94,2026-07-05 06:00:00,1
95,463.61,2026-07-05 07:00:00,0
275,144.4,2026-07-05 08:00:00,0
449,165.75,2026-07-05 09:00:00,1
429,234.12,2026-07-05 10:00:00,1
126,88.25,2026-07-05 11:00:00,0
238,154.56,2026-07-05 12:00:00,0
352,357.98,2026-07-05 13:00:00,0
306,222.04,2026-07-05 14:00:00,1
33,382.77,2026-07-05 15:00:00,0
295,696.51,2026-07-05 16:00:00,0
19,380.49,2026-07-05 17:00:00,0
58,467.47,2026-07-05 18:00:00,0
326,62.35,2026-07-05 19:00:00,1
51,687.81,2026-07-05 20:00:00,0
169,60.38,2026-07-05 21:00:00,1
294,208.78,2026-07-05 22:00:00,1
327,116.5,2026-07-05 23:00:00,0
222,39.82,2026-07-06 00:00:00,1
47,365.32,2026-07-06 01:00:00,1
399,497.76,2026-07-06 02:00:00,1
474,904.66,2026-07-06 03:00:00,0
444,406.64,2026-07-06 04:00:00,0
374,153.66,2026-07-06 05:00:00,1
201,217.47,2026-07-06 06:00:00,0
438,48.24,2026-07-06 07:00:00,0
244,237.85,2026-07-06 08:00:00,1
68,322.11,2026-07-06 09:00:00,0
425,482.33,2026-07-06 10:00:00,1
160,580.87,2026-07-06 11:00:00,1
469,470.63,2026-07-06 12:00:00,0
184,138.56,2026-07-06 13:00:00,1
434,102.84,2026-07-06 14:00:00,1
268,551.03,2026-07-06 15:00:00,1
233,37.99,2026-07-06 16:00:00,0
148,1209.24,2026-07-06 17:00:00,1
417,167.44,2026-07-06 18:00:00,1
30,755.66,2026-07-06 19:00:00,1
234,196.44,2026-07-06 20:00:00,0
184,506.46,2026-07-06 21:00:00,1
271,106.7,2026-07-06 22:00:00,0
127,337.69,2026-07-06 23:00:00,0
332,52.37,2026-07-07 00:00:00,1
192,423.32,2026-07-07 01:00:00,0
94,104.8,2026-07-07 02:00:00,0
98,122.41,2026-07-07 03:00:00,1
348,227.57,2026-07-07 04:00:00,0
130,269.07,2026-07-07 05:00:00,1
153,482.87,2026-07-07 06:00:00,0
313,447.69,2026-07-07 07:00:00,1
164,366.0,2026-07-07 08:00:00,1
194,628.27,2026-07-07 09:00:00,0
122,438.35,2026-07-07 10:00:00,1
172,462.34,2026-07-07 11:00:00,0
346,121.32,2026-07-07 12:00:00,1
266,662.98,2026-07-07 13:00:00,0
498,606.08,2026-07-07 14:00:00,1
385,379.88,2026-07-07 15:00:00,1
8,590.4,2026-07-07 16:00:00,0
189,317.3,2026-07-07 17:00:00,0
144,936.2,2026-07-07 18:00:00,1
293,353.26,2026-07-07 19:00:00,1
132,308.71,2026-07-07 20:00:00,1
483,440.76,2026-07-07 21:00:00,0
149,1071.13,2026-07-07 22:00:00,1
260,202.01,2026-07-07 23:00:00,0
61,419.31,2026-07-08 00:00:00,1
454,215.43,2026-07-08 01:00:00,1
455,308.4,2026-07-08 02:00:00,1
396,153.03,2026-07-08 03:00:00,0
175,453.32,2026-07-08 04:00:00,0
29,330.75,2026-07-08 05:00:00,1
355,581.48,2026-07-08 06:00:00,0
214,699.28,2026-07-08 07:00:00,0
495,774.75,2026-07-08 08:00:00,0
349,222.84,2026-07-08 09:00:00,1
269,441.41,2026-07-08 10:00:00,0
493,809.62,2026-07-08 11:00:00,1
400,151.96,2026-07-08 12:00:00,0
229,359.12,2026-07-08 13:00:00,1
9,161.63,2026-07-08 14:00:00,0
46,1061.46,2026-07-08 15:00:00,0
221,803.19,2026-07-08 16:00:00,1
281,498.8,2026-07-08 17:00:00,0
15,493.06,2026-07-08 18:00:00,0
63,176.18,2026-07-08 19:00:00,1
352,869.59,2026-07-08 20:00:00,1
375,258.82,2026-07-08 21:00:00,1
14,192.16,2026-07-08 22:00:00,0
253,726.16,2026-07-08 23:00:00,1
40,238.74,2026-07-09 00:00:00,0
361,199.31,2026-07-09 01:00:00,1
417,605.71,2026-07-09 02:00:00,1
434,112.07,2026-07-09 03:00:00,1
299,503.28,2026-07-09 04:00:00,1
314,362.3,2026-07-09 05:00:00,1
463,570.15,2026-07-09 06:00:00,0
306,463.55,2026-07-09 07:00:00,1
223,1523.12,2026-07-09 08:00:00,1
377,388.71,2026-07-09 09:00:00,1
295,238.12,2026-07-09 10:00:00,0
421,332.22,2026-07-09 11:00:00,1
262,459.88,2026-07-09 12:00:00,0
434,1021.57,2026-07-09 13:00:00,1
22,527.08,2026-07-09 14:00:00,1
18,167.72,2026-07-09 15:00:00,1
49,2964.5,2026-07-09 16:00:00,1
278,679.15,2026-07-09 17:00:00,0
354,158.9,2026-07-09 18:00:00,0
108,122.18,2026-07-09 19:00:00,0
77,100.78,2026-07-09 20:00:00,1
430,318.73,2026-07-09 21:00:00,1
375,329.37,2026-07-09 22:00:00,1
324,188.41,2026-07-09 23:00:00,1
244,86.22,2026-07-10 00:00:00,1
210,124.84,2026-07-10 01:00:00,0
10,534.78,2026-07-10 02:00:00,1
94,262.46,2026-07-10 03:00:00,1
448,138.81,2026-07-10 04:00:00,0
169,361.33,2026-07-10 05:00:00,1
352,415.59,2026-07-10 06:00:00,1
351,450.11,2026-07-10 07:00:00,1
154,350.87,2026-07-10 08:00:00,1
102,310.21,2026-07-10 09:00:00,1
345,768.34,2026-07-10 10:00:00,0
46,129.88,2026-07-10 11:00:00,0
247,278.53,2026-07-10 12:00:00,1
444,46.33,2026-07-10 13:00:00,0
355,249.52,2026-07-10 14:00:00,1
382,381.15,2026-07-10 15:00:00,0
41,601.47,2026-07-10 16:00:00,1
99,48.18,2026-07-10 17:00:00,1
137,372.58,2026-07-10 18:00:00,1
146,1124.77,2026-07-10 19:00:00,0
97,475.24,2026-07-10 20:00:00,1
486,107.67,2026-07-10 21:00:00,1
82,249.9,2026-07-10 22:00:00,0
354,486.64,2026-07-10 23:00:00,1
293,196.22,2026-07-11 00:00:00,0
305,405.99,2026-07-11 01:00:00,1
107,388.24,2026-07-11 02:00:00,0
153,315.04,2026-07-11 03:00:00,1
303,96.4,2026-07-11 04:00:00,1
149,178.08,2026-07-11 05:00:00,1
347,1201.44,2026-07-11 06:00:00,1
19,236.43,2026-07-11 07:00:00,1
36,260.99,2026-07-11 08:00:00,1
364,259.86,2026-07-11 09:00:00,0
308,591.01,2026-07-11 10:00:00,1
21,271.71,2026-07-11 11:00:00,0
449,320.71,2026-07-11 12:00:00,1
2,372.75,2026-07-11 13:00:00,1
477,638.36,2026-07-11 14:00:00,1
364,321.89,2026-07-11 15:00:00,0
494,349.68,2026-07-11 16:00:00,0
474,204.58,2026-07-11 17:00:00,1
156,413.06,2026-07-11 18:00:00,1
378,503.88,2026-07-11 19:00:00,0
105,529.22,2026-07-11 20:00:00,0
235,1079.52,2026-07-11 21:00:00,1
120,166.97,2026-07-11 22:00:00,1
243,332.38,2026-07-11 23:00:00,0
436,273.16,2026-07-12 00:00:00,0
218,951.37,2026-07-12 01:00:00,1
46,543.82,2026-07-12 02:00:00,0
162,69.26,2026-07-12 03:00:00,0
393,189.83,2026-07-12 04:00:00,0
260,247.26,2026-07-12 05:00:00,1
280,80.85,2026-07-12 06:00:00,0
215,352.06,2026-07-12 07:00:00,0
146,212.32,2026-07-12 08:00:00,0
299,1111.23,2026-07-12 09:00:00,1
316,410.58,2026-07-12 10:00:00,1
449,239.32,2026-07-12 11:00:00,0
308,138.07,2026-07-12 12:00:00,1
497,310.56,2026-07-12 13:00:00,1
413,896.58,2026-07-12 14:00:00,1
39,275.7,2026-07-12 15:00:00,1
196,312.71,2026-07-12 16:00:00,0
192,700.56,2026-07-12 17:00:00,1
1,401.81,2026-07-12 18:00:00,1
90,582.65,2026-07-12 19:00:00,1
381,432.22,2026-07-12 20:00:00,1
176,414.59,2026-07-12 21:00:00,1
73,65.16,2026-07-12 22:00:00,1
143,120.49,2026-07-12 23:00:00,1
137,370.37,2026-07-13 00:00:00,0
87,150.15,2026-07-13 01:00:00,0
50,310.82,2026-07-13 02:00:00,0
382,110.02,2026-07-13 03:00:00,1
412,704.5,2026-07-13 04:00:00,0
248,166.94,2026-07-13 05:00:00,0
307,137.68,2026-07-13 06:00:00,0
459,86.88,2026-07-13 07:00:00,1
421,524.99,2026-07-13 08:00:00,1
16,310.48,2026-07-13 09:00:00,0
476,686.72,2026-07-13 10:00:00,1
33,205.78,2026-07-13 11:00:00,0
13,117.45,2026-07-13 12:00:00,0
201,299.65,2026-07-13 13:00:00,1
372,782.64,2026-07-13 14:00:00,0
40,63.35,2026-07-13 15:00:00,0
146,395.06,2026-07-13 16:00:00,1
131,425.3,2026-07-13 17:00:00,0
198,871.56,2026-07-13 18:00:00,1
493,156.13,2026-07-13 19:00:00,0
165,58.62,2026-07-13 20:00:00,1
104,223.58,2026-07-13 21:00:00,1
61,576.78,2026-07-13 22:00:00,1
99,326.32,2026-07-13 23:00:00,0
66,458.73,2026-07-14 00:00:00,1
286,124.72,2026-07-14 01:00:00,0
210,262.5,2026-07-14 02:00:00,1
248,335.75,2026-07-14 03:00:00,1
416,74.29,2026-07-14 04:00:00,1
290,334.22,2026-07-14 05:00:00,1
77,242.93,2026-07-14 06:00:00,1
188,1727.41,2026-07-14 07:00:00,0
156,316.17,2026-07-14 08:00:00,1
413,904.12,2026-07-14 09:00:00,1
153,456.22,2026-07-14 10:00:00,0
69,286.8,2026-07-14 11:00:00,0
368,814.3,2026-07-14 12:00:00,1
214,107.73,2026-07-14 13:00:00,1
47,219.37,2026-07-14 14:00:00,1
344,601.2,2026-07-14 15:00:00,0
105,27.03,2026-07-14 16:00:00,0
434,308.02,2026-07-14 17:00:00,0
416,305.96,2026-07-14 18:00:00,0
184,385.45,2026-07-14 19:00:00,0
277,264.84,2026-07-14 20:00:00,0
283,584.06,2026-07-14 21:00:00,1
326,163.34,2026-07-14 22:00:00,0
34,642.45,2026-07-14 23:00:00,0
162,121.19,2026-07-15 00:00:00,0
85,408.54,2026-07-15 01:00:00,1
348,748.8,2026-07-15 02:00:00,1
34,150.67,2026-07-15 03:00:00,0
258,185.72,2026-07-15 04:00:00,1
363,658.23,2026-07-15 05:00:00,1
474,365.55,2026-07-15 06:00:00,0
144,59.43,2026-07-15 07:00:00,1
3,376.36,2026-07-15 08:00:00,1
361,515.5,2026-07-15 09:00:00,0
0,677.27,2026-07-15 10:00:00,1
33,401.31,2026-07-15 11:00:00,0
495,467.34,2026-07-15 12:00:00,0
431,965.35,2026-07-15 13:00:00,0
353,613.73,2026-07-15 14:00:00,0
417,257.01,2026-07-15 15:00:00,1
37,284.73,2026-07-15 16:00:00,1
44,727.85,2026-07-15 17:00:00,0
150,395.19,2026-07-15 18:00:00,0
11,352.41,2026-07-15 19:00:00,1
444,250.46,2026-07-15 20:00:00,1
28,708.77,2026-07-15 21:00:00,1
272,158.84,2026-07-15 22:00:00,1
426,219.81,2026-07-15 23:00:00,1
367,707.23,2026-07-16 00:00:00,0
117,701.27,2026-07-16 01:00:00,1
235,1366.92,2026-07-16 02:00:00,1
274,308.93,2026-07-16 03:00:00,0
383,253.64,2026-07-16 04:00:00,1
213,275.01,2026-07-16 05:00:00,0
142,68.07,2026-07-16 06:00:00,0
397,33.79,2026-07-16 07:00:00,1
443,400.27,2026-07-16 08:00:00,0
244,238.06,2026-07-16 09:00:00,0
14,169.11,2026-07-16 10:00:00,1
250,348.56,2026-07-16 11:00:00,1
444,407.34,2026-07-16 12:00:00,1
494,292.23,2026-07-16 13:00:00,1
200,298.31,2026-07-16 14:00:00,1
75,235.73,2026-07-16 15:00:00,0
286,543.65,2026-07-16 16:00:00,0
415,207.14,2026-07-16 17:00:00,0
472,138.21,2026-07-16 18:00:00,0
25,227.52,2026-07-16 19:00:00,0
145,386.82,2026-07-16 20:00:00,0
238,567.25,2026-07-16 21:00:00,0
49,1094.01,2026-07-16 22:00:00,0
443,349.89,2026-07-16 23:00:00,1
56,911.93,2026-07-17 00:00:00,0
332,192.4,2026-07-17 01:00:00,1
459,163.87,2026-07-17 02:00:00,0
342,452.01,2026-07-17 03:00:00,0
381,501.81,2026-07-17 04:00:00,0
131,377.21,2026-07-17 05:00:00,1
413,1753.08,2026-07-17 06:00:00,1
209,201.84,2026-07-17 07:00:00,0
30,796.76,2026-07-17 08:00:00,0
183,167.91,2026-07-17 09:00:00,1
174,530.81,2026-07-17 10:00:00,0
260,338.46,2026-07-17 11:00:00,1
132,396.91,2026-07-17 12:00:00,1
231,455.51,2026-07-17 13:00:00,0
213,348.11,2026-07-17 14:00:00,1
163,297.45,2026-07-17 15:00:00,1
348,52.12,2026-07-17 16:00:00,1
152,631.09,2026-07-17 17:00:00,1
382,101.76,2026-07-17 18:00:00,0
125,240.45,2026-07-17 19:00:00,0
432,418.61,2026-07-17 20:00:00,1
182,121.39,2026-07-17 21:00:00,0
20,297.19,2026-07-17 22:00:00,0
74,581.61,2026-07-17 23:00:00,1
403,235.85,2026-07-18 00:00:00,0
436,301.14,2026-07-18 01:00:00,0
105,145.74,2026-07-18 02:00:00,1
301,259.57,2026-07-18 03:00:00,0
287,104.64,2026-07-18 04:00:00,1
66,382.65,2026-07-18 05:00:00,0
225,81.37,2026-07-18 06:00:00,0
346,195.37,2026-07-18 07:00:00,1
483,340.74,2026-07-18 08:00:00,0
423,281.65,2026-07-18 09:00:00,0
48,435.9,2026-07-18 10:00:00,0
118,301.92,2026-07-18 11:00:00,1
218,51.88,2026-07-18 12:00:00,0
75,119.42,2026-07-18 13:00:00,0
285,328.35,2026-07-18 14:00:00,0
4,691.63,2026-07-18 15:00:00,0
56,608.49,2026-07-18 16:00:00,0
23,1722.69,2026-07-18 17:00:00,1
147,214.79,2026-07-18 18:00:00,0
381,567.9,2026-07-18 19:00:00,0
88,539.87,2026-07-18 20:00:00,0
493,935.11,2026-07-18 21:00:00,1
134,769.6,2026-07-18 22:00:00,0
22,404.06,2026-07-18 23:00:00,0
167,503.95,2026-07-19 00:00:00,1
374,437.06,2026-07-19 01:00:00,1
53,318.84,2026-07-19 02:00:00,1
35,478.27,2026-07-19 03:00:00,0
424,373.72,2026-07-19 04:00:00,0
296,361.89,2026-07-19 05:00:00,1
171,964.54,2026-07-19 06:00:00,1
378,409.89,2026-07-19 07:00:00,0
422,349.96,2026-07-19 08:00:00,1
179,288.44,2026-07-19 09:00:00,1
280,269.05,2026-07-19 10:00:00,1
5,116.04,2026-07-19 11:00:00,0
153,319.08,2026-07-19 12:00:00,1
297,716.07,2026-07-19 13:00:00,0
98,209.55,2026-07-19 14:00:00,0
495,29.1,2026-07-19 15:00:00,1
485,465.33,2026-07-19 16:00:00,0
128,384.25,2026-07-19 17:00:00,0
198,953.06,2026-07-19 18:00:00,0
94,190.64,2026-07-19 19:00:00,0
251,103.27,2026-07-19 20:00:00,0
61,276.69,2026-07-19 21:00:00,1
195,242.83,2026-07-19 22:00:00,1
277,67.05,2026-07-19 23:00:00,1
305,352.44,2026-07-20 00:00:00,1
298,226.62,2026-07-20 01:00:00,1
110,836.71,2026-07-20 02:00:00,0
396,356.82,2026-07-20 03:00:00,1
345,170.42,2026-07-20 04:00:00,1
376,323.62,2026-07-20 05:00:00,0
233,378.76,2026-07-20 06:00:00,0
446,498.18,2026-07-20 07:00:00,0
194,335.91,2026-07-20 08:00:00,1
402,1208.92,2026-07-20 09:00:00,1
101,112.42,2026-07-20 10:00:00,1
123,223.5,2026-07-20 11:00:00,0
263,171.06,2026-07-20 12:00:00,1
277,252.06,2026-07-20 13:00:00,0
373,413.36,2026-07-20 14:00:00,0
148,392.37,2026-07-20 15:00:00,0
436,489.6,2026-07-20 16:00:00,0
164,355.2,2026-07-20 17:00:00,0
267,371.37,2026-07-20 18:00:00,1
465,360.61,2026-07-20 19:00:00,0
269,233.09,2026-07-20 20:00:00,1
340,219.07,2026-07-20 21:00:00,0
454,168.05,2026-07-20 22:00:00,1
487,508.07,2026-07-20 23:00:00,1
249,37.2,2026-07-21 00:00:00,1
208,365.34,2026-07-21 01:00:00,1
98,575.51,2026-07-21 02:00:00,1
268,682.67,2026-07-21 03:00:00,1
459,23.68,2026-07-21 04:00:00,0
243,239.07,2026-07-21 05:00:00,0
174,176.83,2026-07-21 06:00:00,0
53,223.1,2026-07-21 07:00:00,0
194,781.47,2026-07-21 08:00:00,0
118,177.81,2026-07-21 09:00:00,1
488,574.56,2026-07-21 10:00:00,0
263,369.14,2026-07-21 11:00:00,0
68,215.24,2026-07-21 12:00:00,1
33,197.45,2026-07-21 13:00:00,0
425,397.86,2026-07-21 14:00:00,1
465,310.4,2026-07-21 15:00:00,1
381,61.96,2026-07-21 16:00:00,1
61,143.18,2026-07-21 17:00:00,1
49,405.37,2026-07-21 18:00:00,0
98,107.53,2026-07-21 19:00:00,0
375,631.81,2026-07-21 20:00:00,1
382,79.18,2026-07-21 21:00:00,1
418,265.06,2026-07-21 22:00:00,0
48,519.14,2026-07-21 23:00:00,1
76,132.98,2026-07-22 00:00:00,0
450,100.52,2026-07-22 01:00:00,1
464,454.64,2026-07-22 02:00:00,1
362,587.26,2026-07-22 03:00:00,0
53,280.24,2026-07-22 04:00:00,1
34,233.81,2026-07-22 05:00:00,1
27,75.97,2026-07-22 06:00:00,0
345,344.71,2026-07-22 07:00:00,1
422,51.48,2026-07-22 08:00:00,0
315,788.8,2026-07-22 09:00:00,0
131,291.02,2026-07-22 10:00:00,1
378,145.87,2026-07-22 11:00:00,1
29,195.84,2026-07-22 12:00:00,0
414,364.75,2026-07-22 13:00:00,1
445,224.2,2026-07-22 14:00:00,0
359,321.05,2026-07-22 15:00:00,0
439,127.47,2026-07-22 16:00:00,0
293,691.9,2026-07-22 17:00:00,0
234,199.37,2026-07-22 18:00:00,1
161,34.72,2026-07-22 19:00:00,0
460,240.28,2026-07-22 20:00:00,0
348,174.41,2026-07-22 21:00:00,1
95,660.86,2026-07-22 22:00:00,1
478,146.53,2026-07-22 23:00:00,0
29,221.64,2026-07-23 00:00:00,1
293,372.33,2026-07-23 01:00:00,1
95,491.85,2026-07-23 02:00:00,1
332,824.06,2026-07-23 03:00:00,0
206,157.58,2026-07-23 04:00:00,0
218,763.32,2026-07-23 05:00:00,1
335,643.53,2026-07-23 06:00:00,1
378,172.15,2026-07-23 07:00:00,1
190,154.77,2026-07-23 08:00:00,1
498,432.61,2026-07-23 09:00:00,1
249,315.23,2026-07-23 10:00:00,0
80,431.8,2026-07-23 11:00:00,1
3,246.49,2026-07-23 12:00:00,0
101,339.68,2026-07-23 13:00:00,0
345,292.47,2026-07-23 14:00:00,1
269,427.57,2026-07-23 15:00:00,0
168,150.04,2026-07-23 16:00:00,1
240,359.56,2026-07-23 17:00:00,1
419,812.86,2026-07-23 18:00:00,1
285,781.81,2026-07-23 19:00:00,0
29,390.99,2026-07-23 20:00:00,0
24,147.3,2026-07-23 21:00:00,1
241,1079.01,2026-07-23 22:00:00,0
202,427.67,2026-07-23 23:00:00,1
425,1009.53,2026-07-24 00:00:00,1
291,440.5,2026-07-24 01:00:00,1
378,20.03,2026-07-24 02:00:00,0
292,1074.4,2026-07-24 03:00:00,0
172,582.03,2026-07-24 04:00:00,0
328,330.07,2026-07-24 05:00:00,1
310,57.56,2026-07-24 06:00:00,1
360,626.65,2026-07-24 07:00:00,0
94,437.46,2026-07-24 08:00:00,0
320,1280.06,2026-07-24 09:00:00,1
142,943.41,2026-07-24 10:00:00,1
395,990.03,2026-07-24 11:00:00,1
399,383.32,2026-07-24 12:00:00,0
312,370.66,2026-07-24 13:00:00,1
473,441.02,2026-07-24 14:00:00,0
268,188.5,2026-07-24 15:00:00,1
12,337.51,2026-07-24 16:00:00,0
303,287.61,2026-07-24 17:00:00,0
388,748.49,2026-07-24 18:00:00,1
50,853.77,2026-07-24 19:00:00,1
52,530.35,2026-07-24 20:00:00,1
136,162.59,2026-07-24 21:00:00,1
422,1120.27,2026-07-24 22:00:00,0
263,624.4,2026-07-24 23:00:00,0
488,419.06,2026-07-25 00:00:00,0
436,495.56,2026-07-25 01:00:00,1
277,91.91,2026-07-25 02:00:00,0
339,288.03,2026-07-25 03:00:00,1
165,792.41,2026-07-25 04:00:00,0
45,87.33,2026-07-25 05:00:00,1
199,84.65,2026-07-25 06:00:00,0
296,627.14,2026-07-25 07:00:00,1
91,470.89,2026-07-25 08:00:00,1
110,88.43,2026-07-25 09:00:00,0
7,267.88,2026-07-25 10:00:00,0
367,419.07,2026-07-25 11:00:00,1
449,383.43,2026-07-25 12:00:00,1
413,443.51,2026-07-25 13:00:00,0
189,252.19,2026-07-25 14:00:00,0
296,398.06,2026-07-25 15:00:00,1
480,529.68,2026-07-25 16:00:00,1
295,501.21,2026-07-25 17:00:00,0
147,258.27,2026-07-25 18:00:00,1
169,564.92,2026-07-25 19:00:00,1
363,146.45,2026-07-25 20:00:00,1
223,195.81,2026-07-25 21:00:00,0
418,626.53,2026-07-25 22:00:00,1
432,556.69,2026-07-25 23:00:00,0
17,277.04,2026-07-26 00:00:00,0
361,192.44,2026-07-26 01:00:00,0
184,214.76,2026-07-26 02:00:00,0
259,513.46,2026-07-26 03:00:00,1
132,447.1,2026-07-26 04:00:00,0
184,182.34,2026-07-26 05:00:00,0
165,553.99,2026-07-26 06:00:00,0
25,267.54,2026-07-26 07:00:00,0
391,150.89,2026-07-26 08:00:00,1
71,233.3,2026-07-26 09:00:00,0
187,357.1,2026-07-26 10:00:00,0
96,540.44,2026-07-26 11:00:00,0
80,516.26,2026-07-26 12:00:00,0
186,308.71,2026-07-26 13:00:00,1
459,388.99,2026-07-26 14:00:00,0
472,288.43,2026-07-26 15:00:00,0
190,182.62,2026-07-26 16:00:00,1
252,317.65,2026-07-26 17:00:00,0
492,57.04,2026-07-26 18:00:00,0
117,864.71,2026-07-26 19:00:00,0
472,381.6,2026-07-26 20:00:00,0
52,459.74,2026-07-26 21:00:00,0
112,189.44,2026-07-26 22:00:00,0
169,379.22,2026-07-26 23:00:00,0
18,426.57,2026-07-27 00:00:00,0
407,277.87,2026-07-27 01:00:00,0
427,289.55,2026-07-27 02:00:00,1
191,106.37,2026-07-27 03:00:00,0
418,1052.93,2026-07-27 04:00:00,0
386,187.13,2026-07-27 05:00:00,0
400,207.82,2026-07-27 06:00:00,1
401,901.52,2026-07-27 07:00:00,0
286,475.02,2026-07-27 08:00:00,0
55,543.51,2026-07-27 09:00:00,1
461,99.85,2026-07-27 10:00:00,0
304,375.79,2026-07-27 11:00:00,0
450,101.0,2026-07-27 12:00:00,0
479,164.64,2026-07-27 13:00:00,1
93,1153.24,2026-07-27 14:00:00,1
201,139.36,2026-07-27 15:00:00,1
96,525.83,2026-07-27 16:00:00,1
25,151.35,2026-07-27 17:00:00,1
483,167.89,2026-07-27 18:00:00,0
461,1617.82,2026-07-27 19:00:00,0
465,309.9,2026-07-27 20:00:00,0
441,92.87,2026-07-27 21:00:00,1
324,541.31,2026-07-27 22:00:00,1
261,755.01,2026-07-27 23:00:00,1
495,576.06,2026-07-28 00:00:00,1
276,289.66,2026-07-28 01:00:00,1
321,297.15,2026-07-28 02:00:00,1
105,218.59,2026-07-28 03:00:00,1
373,124.64,2026-07-28 04:00:00,1
409,420.84,2026-07-28 05:00:00,0
339,278.77,2026-07-28 06:00:00,1
249,102.48,2026-07-28 07:00:00,1
